Image_ID;Image_name;Acanthastrea;Acanthastrea_echinata;Acropora_abrotanoides;Acropora_branching;Acropora_digitifera;Acropora_Robusta_RUN;Acropora_tabulate;Astrea;Astreopora;Astreopora_myriophthalma;Coscinaraea;Cyphastrea;Dipsastraea;Favites;Favites_complanata;Favites_pentagona;Galaxea;Goniastrea;Goniastrea_stelligera;Gonistrea_pectinata;Hard_coral;Hydnophora;Leptastrea;Leptastrea_purpurea;Montipora;Paramontastraea_peresi;Pavona_venosa;Platygyra;Platygyra_pini;Plesiastrea_versipora;Pocillopora;Pocillopora_grandis_eydouxi;Pocillopora_meandrina;Pocillopora_verrucosa;Porites_branching;Porites_massive;Porites_rus;Psammocora;Psammocora_profundacella;Turbinaria_coral;Turbinaria_irregularis;Cladiella;Echinostrephus_molaris;Lobophytum;Millepora;Molluscs;Sarcophyton;Soft_Coral;Sand;Dead_coral;Hard_Substrate;UNAV;Cyanobacteria;Foraminifera;Unknown;CCA;Dictyosphaeria;Green_turfing_algae;Halimeda;Liagora;Neomeris;Padina;Turbinaria_algae;Turf_algae;Turf_and_sand;Ulva
1987240;RUNTRANS1A_01,jpg;0;0;0;0;0;0;0;0;0;0;0;0;0;0;0;0;0;0;0;0;0;0;0;0;0;0;0;0;0;0;0;0;0;0;0;0;0;0;0;0;0;0;0;0;0;0;0;0;0;0;0;0;0;0;0;0;2,778;0;0;0;0;0;0;0;97,222;0
1987241;RUNTRANS1A_02,jpg;0;0;0;0;0;0;0;0;0;0;0;0;0;0;0;0;0;0;0;0;0;0;0;0;0;0;0;0;0;0;0;0;0;0;0;0;0;0;0;0;0;0;0;0;0;0;0;0;2,778;0;0;0;0;0;0;0;0;0;0;0;0;0;0;0;97,222;0
1987242;RUNTRANS1A_03,jpg;0;0;0;0;0;0;0;0;0;0;0;0;0;0;0;0;0;0;0;0;0;0;0;0;0;0;0;0;0;0;0;0;0;0;0;0;0;0;0;0;0;0;0;0;0;0;0;0;0;0;0;0;0;0;0;0;0;0;0;0;0;0;0;0;100;0
1987243;RUNTRANS1A_04,jpg;0;0;0;0;0;0;0;0;0;0;0;0;0;0;0;0;0;0;0;0;0;0;0;0;0;0;0;0;0;0;0;0;0;0;0;0;0;0;0;0;0;0;0;0;0;0;0;0;0;0;0;0;0;0;0;0;0;0;0;0;0;0;0;0;100;0
1987244;RUNTRANS1A_05,jpg;0;0;0;0;0;0;0;0;0;0;0;0;0;0;0;0;0;0;0;0;0;0;0;0;0;0;0;0;0;0;0;0;0;0;0;0;0;0;0;0;0;0;0;0;0;0;0;0;0;0;0;0;0;0;0;0;0;0;0;0;0;0;0;0;100;0
1987245;RUNTRANS1A_06,jpg;0;0;0;0;0;0;0;0;0;0;0;0;0;0;0;0;0;0;0;0;0;0;0;0;0;0;0;0;0;0;0;0;0;0;0;0;0;0;0;0;0;0;0;0;0;0;0;0;36,111;0;0;0;0;0;0;0;0;0;0;0;0;0;0;0;63,889;0
1987246;RUNTRANS1A_07,jpg;0;0;0;0;0;0;0;0;0;0;0;0;0;0;0;0;0;0;0;0;0;0;0;0;0;0;0;0;0;0;0;0;0;0;0;0;0;0;0;0;0;0;0;0;0;0;0;0;11,111;0;0;0;0;0;0;0;0;0;0;0;0;0;0;0;88,889;0
1987247;RUNTRANS1A_08,jpg;0;0;0;0;0;0;0;0;0;0;0;0;2,778;0;0;0;0;0;0;0;0;0;0;0;0;0;0;0;0;0;0;0;0;0;0;0;0;0;0;0;0;0;0;0;0;0;0;0;0;0;0;0;0;0;0;0;0;0;0;0;0;0;0;0;97,222;0
1987248;RUNTRANS1A_09,jpg;0;0;0;0;0;0;0;0;0;0;0;0;0;0;0;0;0;0;0;0;0;0;0;0;0;0;0;0;0;0;0;0;0;0;0;0;0;0;0;0;0;0;0;0;0;0;0;0;25;0;0;0;0;0;0;0;0;0;0;0;0;0;0;0;75;0
1987249;RUNTRANS1A_10,jpg;0;0;0;0;0;0;0;0;0;0;0;0;0;0;0;0;0;0;0;0;0;0;0;0;0;0;0;0;0;0;0;0;0;0;0;0;0;0;0;0;0;0;0;0;0;0;0;0;0;0;0;0;0;0;0;0;0;0;0;0;0;0;0;0;100;0
1987250;RUNTRANS1A_11,jpg;0;0;0;0;0;0;0;0;0;0;0;0;0;0;0;0;0;0;0;0;0;0;0;0;0;0;0;0;0;0;0;0;0;0;0;0;0;0;0;0;0;0;0;0;0;0;0;0;0;0;0;0;0;0;0;0;0;0;0;0;0;0;0;0;100;0
1987251;RUNTRANS1A_12,jpg;0;0;0;0;0;0;0;0;0;0;0;0;0;0;0;0;0;0;0;0;0;0;0;0;0;0;0;0;0;0;0;0;0;0;0;0;0;0;0;0;0;0;0;0;0;0;0;0;0;0;0;0;0;0;0;0;0;0;0;0;0;0;0;0;100;0
1987252;RUNTRANS1A_13,jpg;0;0;0;0;0;0;0;0;0;0;0;0;0;0;0;0;0;0;0;0;0;0;0;0;0;0;0;0;0;0;0;0;0;0;0;0;0;0;0;0;0;0;0;0;0;0;0;0;0;0;0;0;0;0;0;0;0;0;0;0;0;0;0;0;100;0
1987253;RUNTRANS1A_14,jpg;0;0;0;0;0;0;0;0;0;0;0;0;0;0;0;0;0;0;0;0;0;0;0;0;0;0;0;0;0;0;0;0;0;0;0;0;0;0;0;0;0;0;0;0;0;0;0;0;0;0;0;0;0;0;0;0;0;0;0;0;0;0;0;0;100;0
1987254;RUNTRANS1A_15,jpg;0;0;0;0;0;0;0;0;0;0;0;0;0;0;0;0;0;0;0;0;0;0;0;0;0;0;0;0;0;0;0;0;0;0;0;0;0;0;0;0;0;0;0;0;0;0;0;0;83,333;0;0;0;0;0;0;0;0;0;0;0;0;0;0;0;16,667;0
1987255;RUNTRANS1A_16,jpg;0;0;0;0;0;0;0;0;0;0;0;0;0;0;0;0;0;0;0;0;0;0;0;0;0;0;0;0;0;0;0;0;0;0;0;0;0;0;0;0;0;0;0;0;0;0;0;0;38,889;0;0;0;0;0;0;0;0;0;0;0;0;0;0;0;61,111;0
1987256;RUNTRANS1A_17,jpg;0;0;0;0;0;0;0;0;0;0;0;0;0;0;0;0;0;0;0;0;0;0;0;0;0;0;0;0;0;0;0;0;0;0;0;0;0;0;0;0;0;0;0;0;0;0;0;0;0;0;0;0;0;0;0;0;0;0;0;0;0;0;0;0;100;0
1987257;RUNTRANS1A_18,jpg;0;0;0;0;0;0;0;0;0;0;0;0;0;0;0;0;0;0;0;0;0;0;0;0;0;0;0;0;0;0;0;0;0;0;0;0;0;0;0;0;0;0;0;0;0;0;0;0;0;0;0;5,556;0;0;2,778;0;0;0;0;0;0;0;0;0;91,667;0
1987258;RUNTRANS1A_19,jpg;0;0;0;0;0;0;0;0;0;0;0;0;0;0;0;0;0;0;0;0;0;0;0;0;0;0;0;0;0;0;0;0;0;0;0;0;0;0;0;0;0;0;0;0;0;0;0;0;0;0;0;0;0;0;0;0;2,778;0;0;0;0;0;0;0;97,222;0
1987259;RUNTRANS1A_20,jpg;0;0;0;0;0;0;0;0;0;0;0;0;0;2,778;0;0;0;0;0;0;0;0;0;0;0;0;0;0;0;0;0;0;0;0;0;0;0;0;0;0;0;0;0;0;2,778;0;0;0;0;0;0;0;0;0;5,556;13,889;0;0;0;0;0;0;0;0;75;0
2001274;RUNTRANS1B_01,jpg;0;0;0;0;0;0;0;0;0;0;0;0;0;0;0;0;0;0;0;0;0;0;0;0;0;0;0;0;0;0;0;0;0;0;0;0;0;0;0;0;0;0;0;5,556;0;0;0;0;0;0;0;0;0;0;8,333;2,778;0;0;0;0;0;0;0;11,111;72,222;0
2001275;RUNTRANS1B_02,jpg;0;0;0;0;0;0;0;0;0;0;0;0;0;0;0;0;0;0;0;0;0;0;0;0;0;0;0;0;0;0;0;0;0;0;0;0;0;0;0;0;0;0;0;0;0;0;0;0;8,333;0;0;0;0;0;8,333;0;0;0;0;0;0;0;0;0;83,333;0
2001276;RUNTRANS1B_03,jpg;0;0;0;0;0;0;0;0;0;0;0;0;0;0;0;0;0;0;0;0;0;0;0;0;0;0;0;0;0;0;0;0;0;0;0;0;0;0;0;0;0;0;0;0;0;0;0;0;2,778;0;0;2,778;0;0;0;0;0;0;0;0;0;0;0;0;94,444;0
2001277;RUNTRANS1B_04,jpg;0;0;0;0;0;0;0;0;0;0;0;0;0;0;0;0;0;0;0;0;0;0;0;0;0;0;0;0;0;0;0;0;0;0;0;0;0;0;0;0;0;0;0;0;0;0;0;0;13,889;0;0;0;0;0;5,556;2,778;2,778;0;0;0;0;0;0;0;75;0
2001278;RUNTRANS1B_05,jpg;0;0;0;0;0;0;0;0;0;0;0;0;0;0;0;0;0;0;0;0;0;0;0;0;0;0;0;0;0;0;0;0;0;0;0;0;0;0;0;0;0;0;0;0;0;0;0;0;0;0;0;0;0;0;0;2,778;0;0;0;0;0;0;0;0;97,222;0
2001279;RUNTRANS1B_06,jpg;0;0;0;0;0;0;0;0;0;0;0;0;0;0;0;0;0;0;0;0;0;0;0;0;0;0;0;0;0;0;5,556;0;0;0;0;0;0;0;0;0;0;0;0;0;0;0;0;0;0;0;0;8,333;0;0;0;5,556;8,333;0;0;0;0;0;0;5,556;66,667;0
2001280;RUNTRANS1B_07,jpg;0;0;0;0;0;0;0;0;0;0;0;0;0;0;0;0;0;0;0;0;0;0;0;0;0;0;0;0;0;0;5,556;0;0;0;0;0;0;0;0;0;0;0;0;0;0;0;0;0;0;0;0;0;0;0;2,778;22,222;11,111;0;0;0;0;0;0;0;58,333;0
2001281;RUNTRANS1B_08,jpg;0;0;0;0;0;0;0;0;0;0;0;0;0;0;0;0;0;0;0;0;0;0;0;0;0;0;0;0;0;0;0;0;0;0;0;0;0;0;0;0;0;0;0;0;0;0;0;0;0;0;0;2,778;0;0;2,778;2,778;5,556;0;0;0;0;0;0;0;86,111;0
2001282;RUNTRANS1B_09,jpg;0;0;0;0;0;0;0;0;0;0;0;0;0;0;0;0;0;0;0;0;0;0;0;0;0;0;0;0;0;0;0;0;0;0;0;0;0;0;0;0;0;0;0;0;0;0;5,556;0;0;0;0;0;0;0;5,556;19,444;5,556;0;0;0;0;0;0;0;63,889;0
2001283;RUNTRANS1B_10,jpg;0;0;0;0;0;0;0;0;0;0;0;0;0;0;0;0;0;0;0;0;0;0;0;0;0;0;0;0;0;0;0;0;0;0;0;0;0;0;0;0;0;0;0;0;0;0;2,778;0;0;0;0;0;0;0;2,778;25;0;0;0;0;0;0;0;5,556;63,889;0
2001284;RUNTRANS1B_11,jpg;0;0;0;0;0;0;0;0;0;0;0;0;0;0;0;0;0;0;0;0;0;0;0;0;0;0;0;0;0;0;0;0;0;0;0;0;0;0;0;0;0;0;0;0;0;0;0;0;0;0;0;0;0;0;0;5,556;0;0;0;0;0;0;0;2,778;91,667;0
2001285;RUNTRANS1B_12,jpg;0;0;0;0;0;0;0;0;0;0;0;0;0;0;0;0;0;0;0;0;0;0;0;0;0;0;0;0;0;0;0;0;0;0;0;0;0;0;0;0;0;0;0;0;0;0;0;0;0;0;0;0;0;0;5,556;58,333;0;0;0;0;0;0;0;22,222;13,889;0
2001286;RUNTRANS1B_13,jpg;0;0;0;0;0;0;0;0;0;0;0;0;2,778;0;0;0;0;0;0;0;0;0;0;0;0;0;0;0;0;0;0;0;0;0;0;0;0;0;0;0;0;0;0;0;0;0;0;0;0;0;0;0;0;0;2,778;5,556;0;0;0;0;0;0;0;11,111;77,778;0
2001287;RUNTRANS1B_14,jpg;0;0;0;0;0;0;0;0;0;0;0;0;0;0;0;0;0;0;0;0;0;0;0;0;0;0;0;0;0;0;0;0;0;0;0;0;0;0;0;0;0;0;0;0;0;0;0;0;0;0;0;0;0;0;0;2,778;0;0;0;0;0;0;0;0;97,222;0
2001288;RUNTRANS1B_15,jpg;0;0;0;0;0;0;0;0;0;0;0;0;0;0;0;0;0;0;0;0;0;0;0;0;0;0;0;0;0;0;0;0;0;0;0;0;0;0;0;0;0;0;0;0;0;0;0;0;0;0;0;0;0;0;0;0;0;0;0;0;0;0;0;0;100;0
2001289;RUNTRANS1B_16,jpg;0;0;0;0;0;0;0;0;0;0;0;0;0;0;0;0;0;0;0;0;0;0;0;0;0;0;0;0;0;0;0;0;0;0;0;0;0;0;0;0;0;0;0;0;0;0;0;0;0;0;0;0;0;0;0;0;0;0;0;0;0;0;0;0;100;0
2001290;RUNTRANS1B_17,jpg;0;0;0;0;0;0;0;0;0;0;0;0;0;0;0;0;0;0;0;0;0;0;0;0;0;0;0;0;0;0;0;0;0;0;0;0;0;0;0;0;0;0;0;0;0;0;0;0;13,889;0;0;0;0;0;0;0;0;0;0;0;0;0;0;0;86,111;0
2001291;RUNTRANS1B_18,jpg;0;0;0;0;0;0;0;0;0;0;0;0;2,778;0;0;0;0;0;0;0;0;0;0;0;0;0;0;0;0;0;0;0;0;0;0;0;0;0;0;0;0;0;0;0;0;0;0;0;0;0;0;0;0;0;0;0;0;0;0;0;0;0;0;0;97,222;0
2001292;RUNTRANS1B_19,jpg;0;0;0;0;0;0;0;0;0;0;0;0;2,778;0;0;0;0;0;0;0;0;0;0;0;0;0;0;0;0;0;0;0;0;0;0;0;0;0;0;0;0;0;0;0;0;0;0;0;5,556;0;0;0;0;0;0;0;0;0;0;2,778;0;0;0;0;88,889;0
2001293;RUNTRANS1B_20,jpg;0;0;0;0;0;0;0;0;0;0;0;0;0;0;0;0;0;0;0;0;0;0;0;0;0;0;0;0;0;0;0;0;0;0;0;0;0;0;0;0;0;0;0;0;0;0;0;0;5,556;0;0;0;0;0;0;0;0;0;0;0;0;0;0;0;94,444;0
2001294;RUNTRANS1C_01,jpg;0;0;0;0;0;0;0;0;0;0;0;0;0;0;0;0;0;0;0;0;0;0;0;0;0;0;0;0;0;0;0;0;0;0;0;0;0;0;0;0;0;0;0;0;0;0;0;0;8,333;0;0;0;0;0;0;0;0;0;0;0;0;0;0;0;91,667;0
2001295;RUNTRANS1C_02,jpg;0;0;0;0;0;0;0;0;0;0;0;0;0;0;0;0;0;0;0;0;0;0;0;0;0;0;0;0;0;0;0;0;0;0;0;0;0;0;0;0;0;0;0;0;0;0;0;0;0;0;0;0;0;0;0;2,778;5,556;0;0;0;0;0;0;0;91,667;0
2001296;RUNTRANS1C_03,jpg;0;0;0;0;0;0;0;0;0;0;0;0;0;0;0;0;0;0;0;0;0;0;0;0;0;0;0;0;0;0;0;0;0;0;0;0;0;0;0;0;0;0;0;0;0;0;0;0;0;0;0;0;0;0;0;2,778;0;0;0;0;0;0;0;0;97,222;0
2001297;RUNTRANS1C_04,jpg;0;0;0;0;0;0;0;0;0;0;0;0;0;0;0;0;0;0;0;0;0;0;0;0;0;0;0;0;0;0;0;0;0;0;0;0;0;0;0;0;0;0;0;0;0;0;0;0;0;0;0;0;0;0;0;0;0;0;0;0;0;0;0;0;100;0
2001298;RUNTRANS1C_05,jpg;0;0;0;0;0;0;0;0;0;0;0;0;0;0;0;0;0;0;0;0;0;0;0;0;0;0;0;0;0;0;0;0;0;0;0;0;0;0;0;0;0;0;0;0;0;0;0;0;0;0;0;0;0;0;0;8,333;0;0;0;0;0;0;0;2,778;88,889;0
2001299;RUNTRANS1C_06,jpg;0;0;0;0;0;0;0;0;0;0;0;0;0;0;0;0;0;0;0;0;0;0;0;0;0;0;0;0;0;0;0;0;0;0;0;0;0;0;0;0;0;0;0;0;0;0;0;0;8,333;0;0;0;0;0;0;0;0;0;0;0;2,778;0;0;0;88,889;0
2001300;RUNTRANS1C_07,jpg;2,778;0;0;0;0;0;0;0;0;0;0;0;0;0;0;0;0;0;0;0;0;0;0;0;0;0;0;0;0;0;0;0;0;0;0;0;0;0;0;0;0;0;0;0;0;0;0;0;0;0;0;0;0;0;0;5,556;2,778;0;0;0;0;0;0;0;88,889;0
2001301;RUNTRANS1C_08,jpg;0;0;0;0;0;0;0;0;0;0;0;0;0;0;0;0;0;0;0;0;0;0;0;0;0;0;0;0;0;0;0;0;0;0;0;0;0;0;0;0;0;0;0;0;0;0;0;0;0;0;0;0;0;0;0;0;2,778;0;0;0;0;0;0;0;97,222;0
2001302;RUNTRANS1C_09,jpg;0;0;0;0;0;0;0;0;0;0;0;0;0;0;0;0;0;0;0;0;0;0;0;0;0;0;0;0;0;0;0;0;0;0;0;0;0;0;0;0;0;0;0;0;0;0;0;0;0;0;0;0;0;0;0;0;0;0;0;0;0;0;0;0;100;0
2001303;RUNTRANS1C_10,jpg;0;0;0;0;0;0;0;0;0;0;0;0;0;0;0;0;0;0;0;0;0;0;0;0;0;0;0;0;0;0;5,556;0;0;0;0;0;0;0;0;0;0;0;0;0;0;0;0;0;0;0;0;0;0;0;0;2,778;2,778;0;0;0;0;0;0;0;88,889;0
2001304;RUNTRANS1C_11,jpg;0;0;0;0;0;0;0;0;0;0;0;0;0;0;0;0;0;0;0;0;0;0;0;0;0;0;0;0;0;0;11,111;0;0;0;0;0;0;0;0;0;0;0;0;0;0;0;0;0;0;0;0;0;0;0;2,778;11,111;2,778;0;0;0;0;0;0;0;72,222;0
2001305;RUNTRANS1C_12,jpg;0;0;0;0;0;0;0;0;0;0;0;0;0;0;0;0;0;0;0;0;0;0;0;0;0;0;0;0;0;0;0;0;0;0;0;0;0;0;0;0;0;0;0;0;0;0;0;0;0;0;0;0;0;0;0;2,778;0;0;0;0;0;0;0;0;97,222;0
2001306;RUNTRANS1C_13,jpg;0;0;0;0;0;0;0;0;0;0;0;0;0;0;0;0;0;0;0;0;0;0;0;0;0;0;0;0;0;0;11,111;0;0;0;0;0;0;0;0;0;0;0;0;0;0;0;0;0;0;0;0;0;0;0;11,111;16,667;2,778;0;0;0;0;0;0;25;33,333;0
2001307;RUNTRANS1C_14,jpg;0;0;0;0;0;0;0;0;0;0;0;0;0;0;0;0;0;0;0;0;0;0;0;0;0;0;0;0;0;0;2,778;0;0;0;0;0;0;0;0;0;0;0;0;0;0;0;0;0;0;0;0;0;0;0;0;19,444;8,333;0;0;0;0;0;0;2,778;66,667;0
2001308;RUNTRANS1C_15,jpg;0;0;0;0;0;0;0;0;0;0;0;0;0;0;0;0;0;0;0;0;0;0;0;0;0;0;0;0;0;0;0;0;0;0;0;0;0;0;0;0;0;0;0;0;0;0;0;0;0;0;0;0;0;0;0;61,111;5,556;0;0;0;0;0;0;25;8,333;0
2001309;RUNTRANS1C_16,jpg;0;0;0;0;0;0;0;0;0;0;0;0;0;0;0;0;0;0;0;0;0;0;0;0;0;0;0;0;0;0;5,556;0;0;0;0;0;0;0;0;0;0;0;0;0;0;0;0;0;0;0;0;0;0;0;8,333;41,667;0;0;0;0;0;0;0;16,667;27,778;0
2001310;RUNTRANS1C_17,jpg;0;0;0;0;0;0;0;0;0;0;0;0;0;0;0;0;0;0;0;0;0;0;0;0;0;0;0;0;0;0;2,778;0;0;0;0;0;0;0;0;0;0;0;0;0;0;0;0;0;0;0;0;2,778;0;0;2,778;8,333;2,778;0;0;0;0;0;0;0;80,556;0
2001311;RUNTRANS1C_18,jpg;0;0;0;0;0;0;0;0;0;0;0;0;0;0;0;0;0;0;0;0;0;0;0;0;0;0;0;0;0;0;0;0;0;0;0;0;0;0;0;0;0;0;0;0;0;0;0;0;0;0;0;0;0;0;0;2,778;2,778;0;0;0;0;0;0;0;94,444;0
2001312;RUNTRANS1C_19,jpg;0;0;0;0;0;0;0;0;0;0;0;0;0;0;0;0;0;0;0;0;0;0;0;0;0;0;0;0;0;0;0;0;0;0;0;0;0;0;0;0;0;0;0;0;0;0;0;0;0;0;0;0;0;0;2,778;13,889;2,778;0;0;0;0;0;0;11,111;69,444;0
2001313;RUNTRANS1C_20,jpg;0;0;0;0;0;0;0;0;0;0;0;0;0;0;0;0;0;0;0;0;0;0;0;0;0;0;0;0;0;0;2,778;0;0;0;0;0;0;0;0;0;0;22,222;0;0;0;0;0;0;0;0;0;0;0;0;5,556;19,444;5,556;0;0;0;0;0;0;27,778;16,667;0
2000538;RUNTRANS2A_01,jpg;0;0;0;0;0;0;0;0;0;0;0;0;0;0;0;0;0;0;0;0;0;0;0;0;0;0;0;0;0;0;2,778;0;0;0;0;2,778;0;2,778;0;0;0;0;0;0;0;0;5,556;0;0;0;0;0;0;0;5,556;22,222;0;0;0;0;0;0;0;8,333;50;0
2000539;RUNTRANS2A_02,jpg;0;0;8,333;0;0;0;0;0;0;0;0;0;0;0;0;0;0;0;0;0;0;0;0;0;0;0;0;0;0;0;5,556;0;0;0;0;0;0;0;0;0;0;0;0;0;0;0;0;0;5,556;0;0;0;0;0;8,333;8,333;0;0;0;0;0;0;0;19,444;44,444;0
2000540;RUNTRANS2A_03,jpg;0;0;0;0;0;0;0;0;0;11,111;0;0;0;0;0;0;2,778;0;0;0;0;0;0;0;0;0;0;0;0;0;33,333;0;0;0;0;0;0;0;0;0;0;0;0;0;0;0;0;0;0;0;0;0;0;0;0;19,444;0;0;0;0;0;0;0;2,778;30,556;0
2000541;RUNTRANS2A_04,jpg;0;0;0;0;0;0;0;0;0;41,667;0;0;0;0;0;0;0;0;0;0;2,778;0;0;0;0;0;0;0;0;0;0;0;0;0;0;0;0;0;0;0;0;0;0;0;0;0;0;0;0;8,333;0;0;0;0;2,778;8,333;0;0;0;2,778;0;0;0;2,778;30,556;0
2000542;RUNTRANS2A_05,jpg;0;0;0;0;0;0;0;0;0;22,222;0;0;2,778;0;0;0;0;0;0;0;0;0;0;0;0;0;0;0;0;0;19,444;0;0;0;0;0;0;0;0;0;0;0;0;0;0;0;0;0;0;0;0;0;2,778;0;2,778;13,889;0;0;0;8,333;0;0;0;8,333;19,444;0
2000543;RUNTRANS2A_06,jpg;0;0;0;0;0;0;0;0;0;0;0;0;0;0;0;0;0;0;0;0;0;0;0;0;0;0;0;0;0;0;5,556;0;0;0;0;0;0;0;0;0;0;2,778;0;2,778;0;0;0;2,778;0;0;0;0;0;0;0;41,667;0;0;0;0;0;0;0;16,667;27,778;0
2000544;RUNTRANS2A_07,jpg;0;0;0;0;0;0;0;0;0;0;0;0;0;0;0;0;0;0;0;0;0;0;0;0;0;0;0;0;0;0;2,778;0;0;0;0;0;0;0;0;0;0;2,778;0;0;0;0;0;0;0;0;0;0;0;0;8,333;33,333;0;0;0;0;0;0;0;0;52,778;0
2000546;RUNTRANS2A_08,jpg;0;0;0;0;0;0;0;0;0;0;0;0;0;0;0;0;0;0;0;0;0;0;0;0;0;0;0;0;0;0;5,556;0;0;0;0;2,778;0;0;0;0;0;0;0;0;0;0;0;0;0;0;0;0;0;0;2,778;8,333;0;0;0;0;0;0;0;11,111;69,444;0
2000547;RUNTRANS2A_09,jpg;0;0;0;0;0;0;0;0;0;0;0;0;0;0;0;0;0;0;0;0;0;0;0;0;0;0;0;0;0;0;5,556;0;0;0;0;5,556;0;0;0;0;0;0;0;0;0;0;0;0;11,111;0;0;0;0;0;2,778;2,778;0;0;0;0;0;0;0;0;72,222;0
2000548;RUNTRANS2A_10,jpg;0;0;0;0;0;0;0;0;0;0;0;0;0;0;0;0;0;0;0;0;0;0;0;0;0;0;0;0;0;0;11,111;0;0;0;0;2,778;0;0;0;0;0;0;0;0;0;0;2,778;0;0;0;0;0;2,778;0;0;22,222;0;0;0;2,778;0;0;0;2,778;52,778;0
2000549;RUNTRANS2A_11,jpg;0;0;0;0;0;0;0;0;0;0;0;0;0;0;0;0;0;0;0;0;2,778;0;0;0;0;0;0;0;0;0;2,778;0;0;0;0;0;0;0;0;0;0;0;0;0;0;0;5,556;0;8,333;0;0;0;0;0;2,778;5,556;0;0;0;0;0;0;0;0;72,222;0
2000550;RUNTRANS2A_12,jpg;0;0;0;0;0;0;0;0;0;0;0;0;0;0;0;0;0;0;0;0;0;0;0;0;0;0;0;0;0;0;0;0;0;0;0;2,778;0;0;0;0;0;0;0;0;0;0;0;0;5,556;0;0;0;0;0;5,556;11,111;0;0;0;2,778;0;0;0;5,556;66,667;0
2000551;RUNTRANS2A_13,jpg;0;0;0;0;0;0;0;0;0;0;0;0;0;0;0;0;0;0;0;0;0;0;0;0;25;0;0;0;0;0;0;0;0;0;0;0;0;0;0;0;0;0;0;0;0;0;0;0;0;0;0;0;0;0;0;16,667;0;0;0;0;0;0;0;0;58,333;0
2000552;RUNTRANS2A_14,jpg;0;0;0;0;0;0;0;0;0;0;0;0;0;0;0;0;0;0;0;0;0;0;0;0;2,778;0;0;0;0;0;0;0;0;0;0;0;0;0;0;0;0;0;2,778;0;0;0;0;0;19,444;0;0;0;0;0;0;2,778;0;0;0;0;0;0;0;2,778;69,444;0
2000553;RUNTRANS2A_15,jpg;0;0;0;0;0;0;0;0;0;5,556;0;0;0;0;0;0;0;0;0;0;0;0;0;0;0;0;0;0;0;0;0;0;0;0;0;0;0;0;0;0;0;0;5,556;0;0;0;0;0;5,556;0;0;0;0;0;2,778;36,111;0;0;0;0;0;0;0;2,778;41,667;0
2000554;RUNTRANS2A_16,jpg;0;0;0;0;0;0;0;0;0;5,556;0;0;0;0;0;0;0;0;0;0;0;0;0;0;0;0;0;0;0;0;0;0;0;0;0;2,778;0;0;0;0;0;0;2,778;0;0;0;2,778;0;2,778;0;0;0;0;0;2,778;41,667;0;0;0;0;0;0;0;0;38,889;0
2000555;RUNTRANS2A_17,jpg;0;0;0;0;0;0;0;0;0;8,333;0;0;0;0;0;0;0;0;0;0;0;0;0;0;0;0;0;0;0;0;0;0;0;0;0;2,778;0;0;0;0;0;0;0;5,556;0;0;0;0;8,333;0;0;0;0;0;0;11,111;0;0;0;0;0;0;0;2,778;61,111;0
2000556;RUNTRANS2A_18,jpg;0;0;0;0;0;0;0;0;0;11,111;0;0;0;0;0;0;0;0;0;0;0;0;0;0;0;0;2,778;0;0;0;5,556;0;0;0;0;0;0;0;0;0;0;0;2,778;0;0;0;0;0;0;0;0;0;0;0;0;5,556;0;0;0;0;0;0;0;0;69,444;2,778
2000557;RUNTRANS2A_19,jpg;0;0;0;0;0;0;0;0;0;0;0;0;0;0;0;0;0;0;0;0;0;0;0;0;0;0;0;0;0;0;0;0;0;0;0;0;0;0;0;0;0;0;0;0;0;0;0;0;27,778;0;0;0;2,778;0;2,778;8,333;0;0;0;0;0;0;0;0;58,333;0
2000558;RUNTRANS2A_20,jpg;0;0;0;0;0;0;0;0;0;2,778;0;0;0;0;0;0;0;0;0;0;0;0;0;0;0;0;0;0;0;0;27,778;0;0;0;0;0;0;0;0;0;0;0;2,778;0;0;0;0;0;8,333;0;0;0;0;0;2,778;5,556;0;0;0;2,778;0;0;0;0;47,222;0
2000559;RUNTRANS2B_01,jpg;0;0;0;0;0;0;0;0;0;0;0;0;0;0;0;0;0;0;0;0;0;0;0;0;0;0;0;0;0;0;2,778;0;0;0;0;8,333;0;0;0;0;0;0;0;0;0;0;0;0;0;0;0;0;0;0;0;41,667;0;0;0;0;0;0;0;19,444;27,778;0
2000560;RUNTRANS2B_02,jpg;0;0;0;0;0;0;0;0;0;0;0;0;0;0;0;0;0;0;0;0;0;0;0;0;0;0;0;0;0;0;0;0;0;0;0;0;0;0;0;0;0;0;0;0;0;0;0;0;2,778;0;0;0;0;0;2,778;13,889;0;0;0;0;0;0;0;2,778;77,778;0
2000561;RUNTRANS2B_03,jpg;0;0;0;0;0;0;0;0;0;16,667;0;0;0;0;0;0;0;0;0;0;0;0;0;0;0;0;0;0;0;0;2,778;0;0;0;0;0;0;0;0;0;0;0;0;0;0;0;0;0;11,111;0;0;0;0;0;2,778;30,556;0;0;0;2,778;0;0;0;5,556;27,778;0
2000562;RUNTRANS2B_04,jpg;0;0;0;0;0;0;0;0;0;8,333;0;0;0;0;0;0;0;0;0;0;0;0;0;0;0;0;0;0;0;0;0;0;0;0;0;0;0;0;0;0;0;0;0;0;0;0;0;0;0;0;0;0;2,778;0;0;11,111;0;0;0;8,333;0;0;0;11,111;58,333;0
2000563;RUNTRANS2B_05,jpg;0;0;0;0;0;0;0;0;0;0;0;0;0;0;0;0;0;0;0;0;0;0;0;0;0;0;0;0;0;0;19,444;0;0;0;0;2,778;0;0;0;0;0;0;0;0;0;0;0;0;2,778;0;0;0;0;0;2,778;11,111;0;0;0;0;0;0;0;0;61,111;0
2000564;RUNTRANS2B_06,jpg;0;0;13,889;0;0;0;0;0;0;5,556;0;0;0;0;0;0;0;0;0;0;0;0;0;0;0;0;0;0;0;0;13,889;0;0;0;0;11,111;0;0;0;0;0;0;0;0;0;0;0;0;0;0;0;0;0;0;5,556;11,111;0;0;0;0;0;0;0;2,778;36,111;0
2000565;RUNTRANS2B_07,jpg;0;0;0;0;0;0;0;0;0;0;0;0;0;0;0;0;0;0;0;0;0;0;0;0;0;0;0;0;0;0;0;0;0;0;0;2,778;0;0;0;0;0;0;0;0;0;0;0;0;0;0;0;0;0;0;0;25;0;0;0;0;0;0;0;0;72,222;0
2000566;RUNTRANS2B_08,jpg;0;0;0;0;0;0;0;8,333;0;0;0;0;0;0;0;0;0;0;0;0;0;0;0;0;0;0;0;0;0;0;16,667;0;0;0;0;16,667;0;0;0;0;0;0;0;0;0;0;0;0;0;0;0;0;0;0;0;27,778;0;0;0;0;0;0;0;8,333;22,222;0
2000567;RUNTRANS2B_09,jpg;0;0;5,556;0;0;0;0;0;0;0;0;0;0;0;0;0;0;0;0;0;0;0;0;0;0;0;0;0;0;0;8,333;0;0;0;0;13,889;0;0;0;0;0;0;0;0;0;0;0;0;0;0;0;0;0;0;2,778;8,333;0;0;0;0;0;0;0;19,444;41,667;0
2000568;RUNTRANS2B_10,jpg;0;0;0;0;0;0;0;0;0;0;0;0;0;0;0;0;0;0;0;0;0;0;0;0;0;0;0;0;0;0;11,111;0;0;0;0;0;0;0;0;0;0;0;0;0;0;0;0;0;2,778;0;0;0;0;0;11,111;16,667;0;0;0;0;0;0;0;2,778;55,556;0
2000569;RUNTRANS2B_11,jpg;0;0;0;0;0;0;0;0;0;0;0;0;0;0;0;0;0;0;0;0;0;0;0;0;0;0;0;0;0;0;0;0;0;0;0;2,778;0;0;0;0;0;0;0;0;0;0;0;0;2,778;0;0;0;0;0;0;25;0;0;0;0;0;0;0;19,444;50;0
2000570;RUNTRANS2B_12,jpg;0;0;0;0;0;0;0;2,778;0;2,778;0;0;0;2,778;0;0;0;0;0;0;0;0;0;0;0;0;0;0;0;0;0;0;0;0;0;0;0;0;0;0;0;0;0;0;0;0;0;0;2,778;0;0;0;0;0;5,556;13,889;0;0;0;0;0;0;0;5,556;63,889;0
2000571;RUNTRANS2B_13,jpg;2,778;0;0;0;0;0;0;0;0;0;0;0;0;0;0;0;0;0;0;0;0;0;0;0;0;0;0;0;0;0;0;0;0;0;0;0;0;0;0;0;0;0;0;0;0;0;0;0;0;0;0;0;0;0;11,111;11,111;0;0;0;0;0;0;0;5,556;69,444;0
2000573;RUNTRANS2B_14,jpg;0;0;0;0;0;0;0;0;0;0;0;0;0;0;0;0;0;0;0;0;0;0;0;0;0;0;0;0;0;0;0;0;0;0;0;0;0;0;0;0;0;2,778;0;0;0;0;0;0;0;0;0;0;0;0;5,556;22,222;0;0;0;11,111;0;0;0;22,222;36,111;0
2000575;RUNTRANS2B_15,jpg;0;0;0;0;0;0;0;0;0;0;0;0;0;0;0;0;0;0;0;0;0;0;0;0;0;0;0;0;0;0;2,778;0;0;0;0;13,889;0;0;0;0;0;0;0;0;0;0;0;0;0;0;0;0;0;0;11,111;16,667;0;0;0;5,556;0;0;0;33,333;16,667;0
2000578;RUNTRANS2B_16,jpg;0;0;0;0;0;0;0;0;0;0;0;0;0;0;0;0;0;0;0;0;0;0;0;0;0;0;0;0;0;0;22,222;0;0;0;0;2,778;0;0;0;0;0;0;2,778;0;0;0;0;0;0;0;0;0;11,111;0;5,556;16,667;0;0;0;0;0;0;0;13,889;25;0
2000580;RUNTRANS2B_17,jpg;0;0;0;0;0;0;0;0;0;0;0;0;0;0;0;0;0;0;0;0;0;0;0;0;0;0;0;0;0;0;8,333;0;0;0;0;0;0;0;0;0;0;0;0;0;0;0;0;0;0;0;0;0;0;0;0;19,444;0;0;0;2,778;0;0;0;13,889;55,556;0
2000581;RUNTRANS2B_18,jpg;0;0;0;0;0;0;0;0;0;0;0;0;0;0;0;0;0;0;0;0;0;0;0;0;0;0;0;0;0;0;0;0;0;0;0;2,778;0;0;0;0;0;0;0;0;0;0;0;0;5,556;0;0;0;0;0;2,778;27,778;0;0;0;8,333;0;0;0;5,556;47,222;0
2000583;RUNTRANS2B_19,jpg;0;0;0;0;0;0;0;0;0;0;0;0;0;0;0;0;0;0;0;0;0;0;0;0;0;0;0;0;0;0;5,556;0;0;0;0;0;0;0;0;0;0;0;0;0;0;0;0;0;5,556;0;0;0;0;0;0;44,444;0;0;0;0;0;0;0;2,778;41,667;0
2000584;RUNTRANS2B_20,jpg;0;0;0;0;0;0;0;0;0;0;0;0;0;0;0;0;0;0;0;0;0;0;0;0;0;0;0;0;0;0;22,222;0;0;0;0;0;0;0;0;0;0;0;0;0;0;2,778;0;0;5,556;0;0;2,778;0;0;0;19,444;0;0;0;0;0;0;0;8,333;38,889;0
2000593;RUNTRANS2C_01,jpg;0;0;0;0;0;0;0;0;0;0;0;0;0;0;0;0;0;0;0;0;0;0;0;0;0;0;0;0;0;0;5,556;0;0;0;0;0;0;0;0;0;0;0;0;0;0;0;0;0;0;0;0;0;0;0;2,778;19,444;0;0;0;0;0;0;0;16,667;55,556;0
2000596;RUNTRANS2C_02,jpg;0;0;0;0;0;0;0;0;0;0;0;0;0;0;0;0;0;0;0;0;0;0;0;0;0;0;0;0;0;0;16,667;0;0;0;0;0;0;0;0;0;0;0;0;0;0;0;0;0;0;0;0;0;0;0;0;44,444;0;0;0;0;0;0;0;0;38,889;0
2000599;RUNTRANS2C_03,jpg;0;0;0;0;0;0;0;0;0;0;0;0;0;0;0;0;0;0;0;0;0;0;0;0;0;0;0;0;0;0;0;0;0;0;0;0;0;0;0;0;0;0;0;0;0;0;0;0;0;0;0;0;0;0;0;33,333;0;0;0;0;0;0;0;19,444;47,222;0
2000601;RUNTRANS2C_04,jpg;0;0;0;0;0;0;0;0;0;2,778;0;0;0;0;0;0;0;0;0;0;0;0;0;0;0;0;0;0;0;0;0;0;0;0;0;0;0;0;0;0;0;0;0;0;0;0;0;0;0;0;0;0;0;0;0;30,556;0;0;0;0;0;0;0;11,111;52,778;2,778
2000602;RUNTRANS2C_05,jpg;0;0;0;0;0;0;0;0;0;0;0;0;0;0;0;0;0;0;0;0;0;0;0;0;0;0;0;0;0;0;0;0;0;0;0;0;0;0;0;0;0;0;0;0;0;0;0;0;0;0;0;0;2,778;0;5,556;36,111;0;0;0;2,778;0;0;0;13,889;38,889;0
2000605;RUNTRANS2C_06,jpg;0;0;0;0;0;0;0;0;0;0;0;0;0;0;0;0;0;0;0;0;0;0;0;0;0;0;0;0;0;0;0;0;0;0;0;2,778;0;0;0;0;0;0;0;0;0;0;0;0;0;0;0;2,778;0;0;0;36,111;0;0;0;0;0;0;0;27,778;30,556;0
2000607;RUNTRANS2C_07,jpg;0;0;0;0;0;0;0;0;0;2,778;0;0;0;0;0;0;0;0;0;0;0;0;0;0;0;0;0;0;0;0;5,556;0;0;0;0;5,556;0;0;0;0;0;0;0;0;0;0;0;0;8,333;0;0;5,556;0;0;2,778;13,889;0;0;0;0;0;0;0;8,333;47,222;0
2000609;RUNTRANS2C_08,jpg;0;0;0;0;0;0;0;0;0;0;0;0;0;0;0;0;0;0;0;0;0;0;0;0;0;0;0;0;0;0;8,333;0;0;0;0;13,889;0;0;0;0;0;0;0;0;0;0;0;0;0;2,778;0;0;0;0;0;30,556;0;0;0;2,778;0;0;0;5,556;36,111;0
2000611;RUNTRANS2C_09,jpg;0;0;0;0;0;0;0;0;0;0;0;0;0;0;0;0;0;0;0;0;0;0;0;0;0;0;0;0;0;0;0;0;0;0;0;0;0;0;0;0;0;0;0;0;0;0;0;0;0;0;0;0;0;0;0;5,556;0;0;0;0;0;0;0;11,111;83,333;0
2000617;RUNTRANS2C_10,jpg;0;0;0;0;0;0;0;0;0;0;0;0;0;0;0;0;0;0;0;0;0;0;0;0;0;0;0;0;0;0;0;0;0;0;0;0;0;0;0;0;0;0;0;0;0;0;0;0;0;0;0;0;0;0;0;22,222;0;0;0;0;0;0;0;2,778;75;0
2000621;RUNTRANS2C_11,jpg;2,778;0;0;0;0;0;0;0;0;5,556;0;0;2,778;0;0;0;0;0;0;0;0;0;0;0;0;0;0;0;0;0;5,556;0;0;0;0;0;0;0;0;0;0;0;0;0;0;0;0;0;5,556;0;0;0;0;0;2,778;8,333;0;0;0;11,111;0;0;0;16,667;38,889;0
2000625;RUNTRANS2C_12,jpg;0;0;0;0;0;0;0;0;0;2,778;0;0;0;0;0;0;0;0;0;0;0;0;0;0;0;0;0;0;0;0;11,111;0;0;0;0;0;0;0;0;0;0;0;0;0;0;0;0;0;0;0;0;0;0;0;0;11,111;0;0;0;0;0;0;0;16,667;58,333;0
2000627;RUNTRANS2C_13,jpg;0;0;0;0;0;0;0;2,778;0;0;0;0;0;0;0;0;0;0;0;0;0;0;0;0;0;0;0;0;0;0;0;0;0;0;0;36,111;0;0;0;0;0;0;0;0;0;0;0;0;0;0;0;0;8,333;0;0;16,667;0;0;0;2,778;0;0;0;0;33,333;0
2000629;RUNTRANS2C_14,jpg;0;0;0;0;0;0;0;0;0;8,333;0;0;0;0;0;0;0;0;0;0;0;0;0;0;0;0;0;0;0;0;0;0;0;0;0;11,111;0;0;0;0;0;0;0;0;0;0;44,444;0;2,778;0;0;0;0;0;2,778;0;0;0;0;0;0;0;0;5,556;25;0
2000632;RUNTRANS2C_15,jpg;0;0;0;0;0;0;0;0;0;2,778;0;0;0;0;0;0;0;0;0;0;0;0;0;0;0;0;0;0;0;0;0;0;0;0;0;0;0;0;0;0;0;16,667;0;0;0;0;0;0;5,556;0;0;0;0;0;2,778;16,667;0;0;0;0;0;0;0;2,778;52,778;0
2000635;RUNTRANS2C_16,jpg;0;0;0;0;0;0;0;0;0;16,667;0;0;0;0;0;0;0;0;0;0;0;0;0;0;0;0;0;0;0;0;0;0;0;0;0;0;0;0;0;0;0;16,667;0;0;0;0;0;0;5,556;0;0;0;0;0;2,778;0;0;0;0;2,778;0;0;0;2,778;52,778;0
2000637;RUNTRANS2C_17,jpg;0;0;0;0;0;0;0;0;0;0;0;0;0;0;0;0;0;5,556;0;0;0;0;0;0;0;0;0;0;0;0;0;0;0;0;0;0;0;0;0;0;0;0;0;0;0;0;0;0;0;0;0;5,556;2,778;0;0;13,889;0;0;0;5,556;0;0;0;11,111;55,556;0
2000639;RUNTRANS2C_18,jpg;0;0;0;0;0;0;0;0;0;0;0;0;0;0;0;0;0;0;0;0;0;0;0;0;0;0;0;0;0;0;0;0;0;0;0;0;0;0;0;0;0;0;0;0;0;0;0;0;8,333;0;0;0;0;0;5,556;30,556;0;0;0;0;0;0;0;13,889;41,667;0
2000641;RUNTRANS2C_19,jpg;0;0;0;0;0;0;0;0;0;0;0;0;0;0;0;0;0;0;0;0;0;0;0;0;0;0;0;0;0;0;8,333;0;0;0;0;2,778;0;0;0;0;0;0;0;0;0;0;0;0;5,556;0;0;0;0;0;0;5,556;0;0;0;0;0;0;0;0;75;2,778
2000644;RUNTRANS2C_20,jpg;0;0;0;0;0;0;0;0;0;0;0;0;0;0;0;0;0;0;0;0;0;0;0;0;0;0;0;0;0;0;2,778;0;0;0;0;0;0;0;0;0;0;0;0;0;0;0;0;0;2,778;0;0;0;2,778;0;5,556;27,778;0;0;0;0;0;0;0;2,778;55,556;0
1996701;RUNTRANS3A_01,jpg;0;0;0;0;0;0;0;0;0;0;0;0;0;0;0;0;0;0;0;0;0;0;0;0;0;0;0;0;0;0;2,778;0;0;0;0;2,778;0;0;0;0;0;0;0;0;0;0;0;0;2,778;0;0;0;0;0;0;44,444;0;0;0;0;0;0;0;25;19,444;2,778
1996713;RUNTRANS3A_02,jpg;0;0;0;0;0;0;0;0;0;0;0;0;0;0;0;0;0;0;0;0;0;0;0;0;0;0;0;0;0;0;0;0;0;0;0;0;0;0;0;0;0;0;0;0;0;0;8,333;0;0;0;0;0;0;0;0;47,222;0;0;0;0;0;0;0;8,333;36,111;0
1996727;RUNTRANS3A_03,jpg;0;0;0;0;0;0;0;0;0;0;0;0;0;0;0;0;0;0;0;0;0;0;0;0;0;0;0;0;0;0;0;0;0;0;0;0;0;0;0;0;0;0;0;0;0;0;8,333;0;2,778;0;0;0;0;0;0;38,889;0;0;0;0;0;0;0;0;50;0
1996740;RUNTRANS3A_04,jpg;0;0;0;0;0;0;0;0;0;0;0;0;0;0;0;0;0;0;0;0;0;0;0;0;0;0;0;0;0;0;27,778;0;0;0;0;0;0;0;0;0;0;0;0;0;0;0;0;11,111;0;2,778;0;0;0;0;0;13,889;0;0;0;0;0;0;0;2,778;41,667;0
1996749;RUNTRANS3A_05,jpg;0;0;0;0;0;0;0;0;0;0;0;0;0;0;0;0;0;0;0;0;0;0;0;0;0;0;0;0;0;0;0;0;0;0;0;0;0;0;0;0;0;0;0;0;0;0;0;0;2,778;0;0;0;0;0;0;47,222;0;0;0;2,778;0;0;0;5,556;41,667;0
1996750;RUNTRANS3A_06,jpg;0;0;0;0;0;0;0;0;0;0;0;0;0;0;0;0;0;0;0;0;0;0;0;0;0;0;0;0;0;0;0;0;0;0;0;0;0;0;0;0;0;41,667;0;0;0;0;0;0;0;0;0;0;0;0;5,556;25;0;0;0;0;0;0;0;8,333;19,444;0
1996751;RUNTRANS3A_07,jpg;0;0;0;0;0;0;0;0;0;0;0;0;0;0;0;0;0;0;0;0;0;0;0;0;0;0;0;0;0;0;0;0;0;0;0;0;0;0;0;0;0;0;0;0;0;0;0;0;0;0;0;0;0;0;0;44,444;0;0;0;0;0;0;0;27,778;27,778;0
1996752;RUNTRANS3A_08,jpg;0;0;0;0;0;0;0;0;0;0;0;0;0;0;0;0;0;0;0;0;0;0;0;0;0;0;0;0;0;0;0;36,111;0;0;0;0;0;0;0;0;0;0;0;0;0;0;0;0;0;0;0;2,778;0;0;8,333;19,444;0;0;0;0;0;0;0;2,778;30,556;0
1996772;RUNTRANS3A_09,jpg;0;0;0;0;0;0;0;0;0;0;0;0;0;0;0;0;0;0;0;0;0;0;0;0;0;0;0;0;0;0;19,444;0;0;0;0;0;0;0;0;0;0;0;0;0;0;0;0;0;0;0;0;0;2,778;0;2,778;30,556;0;0;0;0;0;0;0;5,556;38,889;0
1996791;RUNTRANS3A_10,jpg;0;0;2,778;0;0;0;0;0;0;0;0;0;0;0;0;0;0;0;0;0;0;0;0;0;0;0;0;0;0;0;13,889;0;0;0;0;0;0;0;0;0;0;0;0;0;0;0;0;0;0;0;0;0;5,556;0;0;22,222;0;0;0;0;0;0;0;0;55,556;0
1996795;RUNTRANS3A_11,jpg;0;0;22,222;0;0;0;0;0;0;0;0;0;0;0;0;0;0;0;0;0;0;0;0;0;0;0;0;0;0;0;2,778;0;0;0;0;0;0;0;0;0;0;0;0;0;0;0;0;0;0;0;0;2,778;0;0;2,778;27,778;0;0;0;0;0;0;0;27,778;13,889;0
1996796;RUNTRANS3A_12,jpg;0;0;0;0;0;0;0;0;0;0;0;0;2,778;0;0;0;0;0;0;0;0;0;0;0;0;0;0;0;0;0;0;0;0;0;0;0;0;0;0;0;0;22,222;0;0;0;0;0;0;0;0;0;2,778;0;0;2,778;50;0;0;0;0;0;0;0;19,444;0;0
1996797;RUNTRANS3A_13,jpg;0;0;0;0;0;0;0;0;0;0;0;0;0;0;0;0;0;0;0;0;0;0;0;0;0;0;0;0;0;0;0;0;0;0;0;0;0;0;0;0;0;13,889;0;0;0;0;0;0;16,667;0;0;2,778;0;0;2,778;16,667;0;0;0;0;2,778;0;0;0;44,444;0
1996798;RUNTRANS3A_14,jpg;0;0;33,333;0;0;0;0;0;0;0;0;0;0;0;0;0;0;0;0;0;0;0;0;0;0;0;0;0;0;0;0;0;0;0;0;0;0;0;0;0;0;0;0;0;0;0;0;0;0;0;0;0;0;0;5,556;19,444;0;0;0;0;0;0;0;5,556;36,111;0
1996799;RUNTRANS3A_15,jpg;0;0;5,556;0;0;0;0;0;0;0;0;0;0;0;0;0;0;0;0;0;0;0;0;0;0;0;0;0;0;0;0;0;0;0;0;0;0;0;0;0;0;0;0;0;0;0;0;0;0;0;0;0;0;0;0;41,667;0;0;0;0;0;0;0;5,556;44,444;2,778
1996800;RUNTRANS3A_16,jpg;0;0;0;0;0;0;0;0;0;2,778;0;0;0;0;0;0;0;0;0;0;0;0;0;0;0;0;0;0;0;0;0;0;0;0;0;0;0;0;0;0;0;0;0;0;0;0;0;0;0;0;0;0;0;0;8,333;66,667;0;0;0;0;0;0;0;8,333;13,889;0
1996801;RUNTRANS3A_17,jpg;0;0;0;0;0;0;0;0;0;2,778;0;0;0;0;0;0;0;2,778;0;0;0;0;0;0;0;0;0;0;0;0;0;0;0;0;0;0;0;0;0;0;0;0;0;2,778;0;0;0;0;0;0;0;0;0;0;0;38,889;0;0;0;0;0;0;0;22,222;30,556;0
1996802;RUNTRANS3A_18,jpg;0;0;5,556;0;0;0;0;5,556;0;2,778;0;0;5,556;0;0;0;5,556;0;0;0;0;0;0;0;0;0;0;0;0;0;0;0;0;0;0;0;0;0;0;0;0;0;0;0;0;0;0;0;0;5,556;0;0;0;0;0;22,222;0;0;0;0;0;0;0;2,778;44,444;0
1996825;RUNTRANS3A_19,jpg;0;0;0;0;0;0;0;0;0;0;0;0;5,556;5,556;0;0;0;0;0;0;0;0;0;0;0;0;0;0;0;0;0;0;0;0;0;2,778;0;0;0;0;0;0;0;0;0;0;0;0;0;0;0;0;0;0;0;44,444;0;0;0;0;0;0;0;5,556;36,111;0
1996844;RUNTRANS3A_20,jpg;0;0;0;0;0;0;0;0;0;0;0;0;0;0;0;0;0;0;0;0;0;0;0;0;0;0;0;0;0;0;0;0;0;0;0;0;0;0;0;0;0;0;2,778;0;0;0;0;0;0;0;0;0;0;0;2,778;47,222;0;0;0;0;0;0;0;11,111;36,111;0
1997225;RUNTRANS3B_01,jpg;0;0;5,556;0;0;0;0;0;0;0;0;0;0;0;0;0;0;0;0;0;0;0;0;0;0;0;0;0;0;0;38,889;0;0;0;0;0;0;0;0;0;0;0;0;0;0;0;0;0;0;0;0;0;0;0;2,778;16,667;0;0;0;0;0;0;0;19,444;16,667;0
1997226;RUNTRANS3B_02,jpg;0;0;0;0;0;0;0;0;0;0;0;0;0;0;0;0;0;0;0;0;0;0;0;0;0;0;0;0;0;0;27,778;0;0;0;0;0;0;0;0;0;0;0;0;0;0;0;0;0;0;0;0;0;0;0;2,778;30,556;0;0;0;0;0;0;0;2,778;36,111;0
1997227;RUNTRANS3B_03,jpg;0;0;0;0;0;0;0;0;0;0;0;0;0;0;0;0;0;0;0;0;0;0;0;0;0;0;0;0;0;0;16,667;0;0;0;0;0;0;0;0;0;0;0;0;0;0;0;0;0;0;0;0;0;0;0;8,333;41,667;0;0;0;0;0;0;0;16,667;16,667;0
1997228;RUNTRANS3B_04,jpg;0;0;0;0;0;0;0;0;0;5,556;0;0;0;0;0;0;0;0;0;0;0;0;0;0;0;0;0;0;0;0;0;0;0;0;0;0;0;0;0;0;0;0;0;0;0;0;0;0;0;0;0;0;0;0;0;22,222;0;0;0;0;0;0;0;5,556;66,667;0
1997229;RUNTRANS3B_05,jpg;0;0;16,667;0;0;0;0;0;0;0;0;0;0;0;0;0;0;0;0;0;0;0;0;0;0;0;0;0;0;0;0;0;0;0;0;0;0;0;0;0;0;0;0;0;0;0;0;0;0;0;0;0;0;0;11,111;16,667;0;0;0;0;0;0;0;33,333;22,222;0
1997230;RUNTRANS3B_06,jpg;0;0;0;0;0;0;0;0;0;0;0;0;0;0;0;0;0;0;0;0;0;0;0;0;0;0;0;0;0;0;0;0;0;0;0;0;0;0;0;0;0;50;0;0;0;0;0;0;0;0;0;0;0;0;0;13,889;0;0;0;0;0;0;0;8,333;27,778;0
1997231;RUNTRANS3B_07,jpg;0;0;0;0;0;0;0;0;0;0;0;0;0;0;0;0;0;0;0;0;0;0;0;0;0;0;0;0;0;0;0;0;0;0;0;0;0;0;0;0;0;52,778;0;0;0;0;0;0;0;0;0;0;0;0;2,778;11,111;0;0;0;0;0;0;0;0;33,333;0
1997232;RUNTRANS3B_08,jpg;0;0;0;0;0;0;0;0;0;19,444;0;0;0;0;0;0;0;0;0;0;0;0;0;0;0;0;0;0;0;0;0;0;0;0;0;0;0;0;0;0;0;0;0;0;0;0;0;0;0;0;0;0;0;0;8,333;22,222;0;0;0;0;0;0;0;13,889;36,111;0
1997233;RUNTRANS3B_09,jpg;0;0;0;0;0;0;0;0;0;27,778;0;0;0;0;0;0;0;0;0;0;0;0;0;0;0;0;0;0;0;0;19,444;0;0;0;0;0;0;0;0;0;0;0;0;0;0;0;0;0;0;2,778;0;0;0;0;2,778;13,889;0;0;0;0;0;0;0;8,333;25;0
1997234;RUNTRANS3B_10,jpg;0;0;47,222;0;0;0;0;0;0;0;0;0;0;0;0;0;0;0;0;0;0;0;0;0;0;0;0;0;0;0;22,222;0;0;0;0;0;0;0;0;0;0;2,778;0;0;0;0;0;0;0;0;0;0;0;0;0;5,556;0;0;0;0;0;0;0;2,778;19,444;0
1997235;RUNTRANS3B_11,jpg;0;0;16,667;0;0;0;0;0;0;0;0;0;0;0;0;0;0;0;0;0;0;0;0;0;0;0;0;0;0;0;19,444;0;0;0;0;0;0;0;0;0;0;25;0;0;0;0;0;0;0;0;0;0;0;0;5,556;13,889;0;0;0;0;0;0;0;2,778;16,667;0
1997236;RUNTRANS3B_12,jpg;0;0;19,444;0;0;0;0;0;0;0;0;0;0;0;0;0;0;0;0;0;0;0;0;0;0;0;0;0;0;0;0;0;0;0;0;0;0;0;0;0;0;0;0;0;0;0;0;0;0;0;0;0;0;0;0;22,222;0;0;0;0;0;0;0;27,778;30,556;0
1997237;RUNTRANS3B_13,jpg;0;0;13,889;0;0;0;0;0;0;0;0;0;0;0;0;0;0;0;0;0;0;0;0;0;0;0;0;0;0;0;2,778;0;0;0;0;0;0;0;0;0;0;25;0;0;0;0;0;0;0;0;0;0;0;0;0;16,667;0;0;0;0;0;0;0;8,333;33,333;0
1997238;RUNTRANS3B_14,jpg;0;0;0;0;0;0;0;0;0;2,778;0;0;0;0;0;0;0;0;0;0;0;0;0;0;0;0;0;0;0;0;5,556;0;0;0;0;0;0;0;0;0;0;22,222;0;0;0;0;0;0;0;0;0;0;0;0;0;16,667;0;0;0;0;0;0;0;16,667;36,111;0
1997239;RUNTRANS3B_15,jpg;0;0;5,556;0;0;0;0;0;0;0;0;0;0;0;0;0;0;0;0;0;0;0;0;0;0;0;0;0;0;0;0;0;0;0;0;0;0;0;0;0;0;50;0;0;0;0;0;0;0;0;0;0;0;0;2,778;16,667;0;0;0;0;0;0;0;5,556;19,444;0
1997240;RUNTRANS3B_16,jpg;0;0;5,556;0;0;0;0;0;0;0;0;0;0;0;0;0;0;0;0;0;0;0;0;0;0;0;0;0;0;0;8,333;0;0;0;0;0;0;0;0;0;0;0;0;0;0;0;0;0;0;2,778;0;0;5,556;0;2,778;25;0;0;0;0;0;0;0;16,667;33,333;0
1997241;RUNTRANS3B_17,jpg;0;0;0;0;0;0;0;0;0;0;0;0;0;0;0;0;0;0;0;0;0;0;0;0;0;0;0;0;0;0;2,778;0;0;0;0;0;0;0;0;0;0;0;0;0;5,556;0;0;0;0;0;0;0;0;0;2,778;58,333;0;0;0;0;0;0;0;16,667;13,889;0
1997242;RUNTRANS3B_18,jpg;0;0;2,778;0;0;0;0;0;0;0;0;0;0;0;0;0;0;0;0;0;0;0;0;0;0;0;0;0;0;0;33,333;0;0;0;0;0;0;0;0;0;0;0;0;0;0;0;0;0;0;0;0;0;0;0;5,556;25;0;0;0;0;0;0;0;16,667;16,667;0
1997243;RUNTRANS3B_19,jpg;0;0;2,778;0;0;0;0;0;0;0;0;0;0;0;0;0;0;0;0;0;0;0;0;0;0;0;0;0;0;0;2,778;0;0;0;0;0;0;0;0;0;0;0;0;0;0;0;0;0;0;0;0;0;0;0;5,556;30,556;0;0;0;2,778;0;0;0;27,778;25;2,778
1997244;RUNTRANS3B_20,jpg;0;0;22,222;0;0;0;0;0;0;0;0;0;0;0;0;0;0;0;0;0;0;0;0;0;0;0;0;0;0;0;0;0;0;0;0;0;0;0;0;0;0;0;0;0;0;0;0;0;0;0;0;0;0;0;2,778;69,444;0;0;0;0;0;0;0;5,556;0;0
1997245;RUNTRANS3C_01,jpg;0;0;0;0;0;0;0;0;0;0;0;0;0;0;0;0;0;0;0;0;0;0;0;0;0;0;0;0;0;0;5,556;0;0;0;0;0;0;0;0;0;0;13,889;0;0;0;0;0;0;0;0;0;0;0;0;5,556;13,889;0;0;0;0;0;0;0;19,444;41,667;0
1997246;RUNTRANS3C_02,jpg;0;0;0;0;0;0;0;0;0;0;5,556;0;0;0;0;0;0;0;0;0;0;0;0;0;0;0;0;0;0;0;0;0;0;0;0;0;0;0;0;0;0;11,111;0;0;0;0;0;0;2,778;0;0;0;0;0;0;13,889;0;0;0;0;0;0;0;41,667;25;0
1997247;RUNTRANS3C_03,jpg;0;0;0;0;0;0;0;0;0;0;0;0;0;0;0;0;0;0;0;0;0;0;0;0;0;0;0;0;0;0;0;0;0;0;0;0;0;0;0;0;0;2,778;0;0;0;0;0;0;0;0;0;0;0;0;2,778;30,556;0;0;0;0;0;0;0;11,111;52,778;0
1997248;RUNTRANS3C_04,jpg;0;0;0;0;0;0;0;0;0;0;0;0;0;0;0;0;0;0;0;0;0;0;0;0;0;0;0;0;0;0;0;0;0;0;0;0;0;0;0;0;0;11,111;0;0;0;0;0;0;0;0;0;0;0;0;8,333;25;0;0;0;0;0;0;0;11,111;44,444;0
1997249;RUNTRANS3C_05,jpg;0;0;0;0;0;0;0;0;0;0;0;0;0;0;0;0;0;0;0;0;0;0;0;0;0;0;0;0;0;0;0;0;0;0;0;0;0;0;0;0;0;0;0;0;2,778;0;0;0;0;0;0;0;0;0;5,556;2,778;0;0;0;0;0;0;0;50;38,889;0
1997250;RUNTRANS3C_06,jpg;0;0;25;0;0;0;0;0;0;0;0;0;0;0;0;0;0;0;0;0;0;0;0;0;0;0;0;0;0;0;0;0;0;0;0;0;0;0;0;0;0;0;0;0;0;0;0;0;0;0;0;0;0;0;8,333;22,222;0;0;0;0;0;0;0;25;19,444;0
1997251;RUNTRANS3C_07,jpg;0;0;0;0;0;0;0;0;0;0;0;0;0;0;0;0;0;0;0;0;0;0;0;0;0;0;0;0;0;0;5,556;0;0;0;0;5,556;0;0;0;0;0;0;0;0;0;0;0;0;0;0;0;0;0;0;2,778;25;0;0;0;0;0;0;0;25;36,111;0
1997252;RUNTRANS3C_08,jpg;0;0;0;0;0;0;0;0;0;0;0;0;0;0;0;0;0;0;0;0;2,778;0;0;0;0;0;0;0;0;0;8,333;0;0;0;0;19,444;0;0;0;0;0;0;0;0;0;0;0;0;2,778;0;0;0;0;0;5,556;5,556;0;0;0;2,778;0;0;0;13,889;38,889;0
1997253;RUNTRANS3C_09,jpg;0;0;0;0;0;0;0;0;0;0;0;0;0;0;0;0;2,778;0;0;0;2,778;0;0;0;0;0;0;0;0;0;5,556;0;0;0;0;0;0;0;0;0;0;0;0;0;0;0;0;0;0;0;0;0;0;0;0;13,889;0;0;0;0;0;0;0;25;50;0
1997254;RUNTRANS3C_10,jpg;0;0;0;0;0;0;0;0;0;0;0;0;0;0;0;0;0;0;0;0;0;0;0;0;0;0;0;0;0;0;2,778;0;0;0;0;0;0;0;0;0;0;0;0;0;0;0;0;0;0;0;0;0;5,556;0;5,556;50;0;0;0;0;0;0;0;8,333;27,778;0
1997255;RUNTRANS3C_11,jpg;0;0;0;0;0;0;0;0;0;0;0;0;0;0;0;0;0;0;0;0;0;0;0;0;0;0;0;0;0;0;0;0;0;0;0;0;0;0;0;0;0;0;0;0;0;0;0;0;2,778;0;0;0;0;0;5,556;19,444;0;0;0;0;0;0;0;27,778;41,667;2,778
1997256;RUNTRANS3C_12,jpg;0;0;0;0;0;0;0;0;0;0;0;5,556;0;0;0;0;0;0;0;0;0;0;0;0;0;0;0;0;0;0;0;0;0;0;0;0;0;0;0;0;0;0;0;0;0;0;0;0;2,778;0;0;0;0;0;0;25;0;0;0;0;0;0;0;47,222;13,889;5,556
1997257;RUNTRANS3C_13,jpg;0;0;0;0;0;0;0;0;0;0;0;0;0;2,778;0;0;0;0;0;0;0;0;0;0;0;0;0;0;0;0;2,778;0;0;0;0;0;0;0;0;0;0;22,222;0;0;0;0;0;0;0;0;0;0;0;0;2,778;16,667;0;0;0;11,111;0;0;0;16,667;25;0
1997258;RUNTRANS3C_14,jpg;0;0;0;0;0;0;0;0;0;0;0;0;0;0;0;0;0;0;0;0;0;0;0;0;0;0;0;0;0;0;0;0;0;0;0;0;0;0;0;0;0;0;0;0;0;0;2,778;0;2,778;0;0;0;0;0;0;27,778;0;0;0;0;0;0;0;11,111;55,556;0
1997259;RUNTRANS3C_15,jpg;0;0;0;0;0;0;0;0;0;0;0;0;0;0;0;0;5,556;0;0;0;0;0;0;0;0;0;0;0;0;0;2,778;0;0;0;0;0;0;0;0;0;0;0;0;0;0;0;0;0;2,778;2,778;0;0;0;0;2,778;13,889;0;0;0;2,778;0;0;0;16,667;47,222;2,778
1997260;RUNTRANS3C_16,jpg;0;0;0;0;0;0;0;0;0;11,111;0;0;0;0;0;0;0;0;0;0;0;0;0;0;0;0;0;0;0;0;16,667;0;0;0;0;2,778;0;0;0;0;0;0;0;0;0;0;2,778;0;0;0;0;0;0;0;2,778;13,889;0;0;0;5,556;0;0;0;19,444;25;0
1997261;RUNTRANS3C_17,jpg;0;0;0;0;0;0;0;0;0;0;0;0;0;0;0;0;0;0;0;0;2,778;0;0;0;0;0;0;0;0;0;0;0;0;0;0;8,333;0;0;0;0;0;0;0;0;0;0;0;0;0;0;0;0;0;0;2,778;30,556;0;0;0;0;0;0;0;41,667;13,889;0
1997262;RUNTRANS3C_18,jpg;0;0;0;0;0;0;0;0;0;0;0;0;0;0;0;0;0;0;0;0;0;0;0;0;0;0;0;0;0;0;0;0;0;0;0;0;0;0;0;0;0;0;0;0;0;0;0;0;0;0;0;0;0;0;0;33,333;0;0;0;0;0;0;0;2,778;61,111;2,778
1997263;RUNTRANS3C_19,jpg;0;0;0;0;0;0;0;0;0;0;0;0;0;0;0;0;0;0;0;0;0;0;0;0;0;0;0;0;0;0;0;0;0;0;0;0;0;0;0;0;0;0;0;0;0;0;11,111;0;0;0;0;0;0;0;0;22,222;0;0;0;0;0;0;0;5,556;61,111;0
1997264;RUNTRANS3C_20,jpg;2,778;0;0;0;0;0;0;0;0;2,778;0;0;0;0;0;0;0;0;0;0;0;0;0;0;0;0;0;0;0;0;5,556;0;0;0;0;5,556;0;0;0;0;0;0;0;0;2,778;0;0;0;0;0;0;0;2,778;0;0;16,667;0;0;0;0;0;0;0;13,889;47,222;0
1990579;RUNTRANS4A_01,jpg;0;0;0;0;0;0;0;0;0;0;0;0;0;0;0;0;0;0;0;0;0;0;0;0;0;0;0;0;0;0;2,778;0;0;0;0;5,556;0;0;0;0;0;0;5,556;0;2,778;0;0;0;0;0;0;0;0;0;2,778;0;0;0;0;0;0;0;0;75;5,556;0
1990580;RUNTRANS4A_02,jpg;0;0;0;0;0;0;0;0;0;0;0;0;0;0;0;0;0;0;0;0;0;0;0;0;0;0;0;0;0;0;11,111;0;0;0;0;0;0;0;0;0;0;0;0;2,778;0;0;0;0;0;2,778;0;0;0;0;5,556;8,333;0;0;0;0;0;0;0;27,778;41,667;0
1990581;RUNTRANS4A_03,jpg;0;0;0;0;0;0;0;0;0;0;0;0;0;0;0;0;0;0;0;0;0;0;0;0;0;0;0;0;0;0;0;0;0;0;0;0;0;0;0;0;0;0;0;0;0;0;0;0;5,556;0;0;0;0;0;0;19,444;0;0;0;0;0;0;0;41,667;33,333;0
1990582;RUNTRANS4A_04,jpg;0;0;0;0;0;0;0;0;0;0;0;0;0;0;0;0;0;0;0;0;0;0;0;0;0;0;0;0;0;11,111;5,556;0;0;0;0;0;0;0;0;0;0;0;0;0;0;0;0;0;0;0;0;0;0;0;8,333;30,556;0;0;0;0;0;0;0;38,889;0;5,556
1990583;RUNTRANS4A_05,jpg;0;0;0;0;0;0;0;0;0;0;0;0;0;0;0;0;0;0;0;0;0;0;0;0;0;0;0;0;0;0;0;0;0;0;0;2,778;0;0;0;0;0;0;0;0;0;0;2,778;0;2,778;0;0;0;0;0;5,556;30,556;0;0;0;0;0;0;0;27,778;27,778;0
1990584;RUNTRANS4A_06,jpg;0;0;0;0;0;0;0;0;0;0;0;0;0;0;0;0;2,778;0;0;0;0;0;0;0;0;0;0;0;0;0;5,556;0;0;0;0;0;0;0;0;0;0;0;0;13,889;0;0;0;0;5,556;0;0;0;0;0;2,778;30,556;0;0;0;0;0;2,778;0;30,556;5,556;0
1990585;RUNTRANS4A_07,jpg;0;0;0;0;0;0;0;0;0;0;0;0;0;0;0;0;0;0;0;0;0;0;0;0;0;0;0;0;0;0;0;0;0;0;0;0;0;0;0;0;0;0;0;19,444;0;0;0;0;5,556;0;0;2,778;0;0;0;13,889;0;0;0;0;0;11,111;0;27,778;19,444;0
1990586;RUNTRANS4A_08,jpg;0;0;0;0;0;0;0;0;0;0;0;0;0;0;0;0;0;0;0;0;0;0;0;0;0;0;0;0;0;0;2,778;0;0;0;0;0;0;0;0;0;0;0;5,556;0;0;0;0;0;2,778;0;0;0;0;0;0;2,778;0;0;0;0;0;5,556;0;61,111;19,444;0
1990587;RUNTRANS4A_09,jpg;0;0;0;0;0;0;0;0;0;0;0;0;0;2,778;0;0;0;0;0;0;0;0;0;0;0;0;0;0;0;0;0;0;0;0;0;2,778;0;0;0;0;0;0;0;0;0;0;0;0;5,556;0;0;0;0;0;0;8,333;0;0;0;2,778;0;0;0;58,333;19,444;0
1990588;RUNTRANS4A_10,jpg;0;0;0;0;0;0;0;0;0;0;0;0;0;0;0;0;0;0;0;0;0;0;0;0;0;0;0;0;0;0;2,778;0;0;0;0;2,778;0;0;0;0;0;0;2,778;0;0;0;0;0;5,556;0;0;0;0;0;0;13,889;0;0;0;5,556;0;0;0;36,111;30,556;0
1990589;RUNTRANS4A_11,jpg;0;0;0;0;0;0;0;2,778;0;0;0;0;0;0;0;0;0;0;0;0;0;0;0;0;0;0;0;0;0;0;0;0;0;0;0;38,889;0;0;0;0;0;0;0;0;0;0;0;0;0;2,778;0;0;0;0;2,778;5,556;0;0;0;5,556;0;0;0;25;16,667;0
1990590;RUNTRANS4A_12,jpg;0;0;0;0;0;0;0;0;0;0;0;0;0;0;0;0;0;0;0;0;0;0;0;0;0;0;0;0;0;0;8,333;0;0;0;0;5,556;0;0;0;0;0;0;0;0;0;0;0;0;0;0;0;0;0;0;5,556;38,889;0;2,778;0;0;0;0;0;25;13,889;0
1990591;RUNTRANS4A_13,jpg;0;0;0;0;0;0;0;0;0;0;0;0;0;0;0;0;0;2,778;0;0;0;0;0;0;0;0;0;0;0;0;13,889;0;0;0;0;11,111;0;0;0;0;0;0;0;0;0;0;5,556;0;2,778;2,778;0;0;0;0;2,778;2,778;0;0;0;0;0;0;0;22,222;33,333;0
1990592;RUNTRANS4A_14,jpg;0;0;0;0;0;0;0;0;0;0;0;0;0;0;0;0;0;0;0;0;0;0;0;0;0;0;0;0;0;0;11,111;0;0;0;0;8,333;0;0;0;0;0;0;0;0;0;0;0;0;0;0;2,778;0;0;0;2,778;33,333;0;0;0;2,778;0;0;0;33,333;2,778;2,778
1990593;RUNTRANS4A_15,jpg;0;0;0;0;0;0;0;0;0;0;0;0;0;0;0;0;0;0;0;0;0;0;0;0;0;0;0;0;0;0;11,111;0;0;0;0;0;0;0;0;0;0;2,778;2,778;0;0;0;0;0;0;0;0;0;0;0;8,333;58,333;0;0;0;0;0;0;0;13,889;2,778;0
1990594;RUNTRANS4A_16,jpg;0;0;0;0;0;0;0;0;0;0;0;0;0;0;0;0;0;0;0;0;2,778;0;0;0;0;0;0;0;0;0;2,778;0;0;0;0;0;0;0;0;0;0;0;0;0;0;0;0;0;0;0;0;2,778;0;0;2,778;30,556;0;0;0;0;0;2,778;0;22,222;33,333;0
1990595;RUNTRANS4A_17,jpg;0;0;0;0;0;0;0;0;0;0;0;0;0;0;0;0;0;0;0;0;0;0;0;0;0;0;0;0;0;0;2,778;0;0;0;0;2,778;0;0;0;0;0;0;2,778;0;0;0;0;0;0;0;0;0;0;0;11,111;63,889;0;0;0;0;0;0;0;8,333;8,333;0
1990596;RUNTRANS4A_18,jpg;0;0;0;0;0;0;0;0;0;0;0;0;0;0;0;0;0;0;0;0;0;0;0;0;0;0;0;0;0;0;0;0;0;0;0;0;0;0;0;0;0;0;0;0;0;0;0;0;0;0;0;0;0;0;0;27,778;0;0;0;0;0;2,778;0;50;19,444;0
1990597;RUNTRANS4A_19,jpg;0;0;0;0;0;0;0;0;0;0;0;0;0;0;0;0;0;0;0;0;0;0;0;0;0;0;0;0;0;0;2,778;0;0;0;0;0;0;0;0;0;0;0;2,778;0;0;0;0;0;0;0;0;0;0;0;2,778;5,556;0;0;0;2,778;0;5,556;0;22,222;52,778;2,778
1990598;RUNTRANS4A_20,jpg;0;0;0;0;0;0;0;0;0;0;0;0;0;0;0;0;0;0;0;0;0;0;0;0;0;0;0;0;0;0;5,556;0;0;0;0;0;0;0;0;0;0;0;0;0;0;0;0;0;0;0;0;0;0;0;5,556;2,778;0;0;0;5,556;0;2,778;0;33,333;44,444;0
1991178;RUNTRANS4B_01,jpg;0;0;0;0;0;0;0;0;0;0;0;0;0;0;0;0;0;0;0;0;0;0;0;0;0;0;0;0;0;0;5,556;0;0;0;0;0;0;0;0;0;0;0;2,778;0;0;0;0;0;0;0;0;0;0;0;0;5,556;0;0;0;0;0;2,778;0;41,667;41,667;0
1991179;RUNTRANS4B_02,jpg;0;0;0;0;0;0;0;0;0;0;0;0;0;0;0;0;0;0;0;0;0;0;0;0;0;0;0;0;0;0;2,778;0;0;0;0;2,778;0;0;0;0;0;0;0;0;0;0;0;0;0;0;0;0;0;0;0;0;0;0;0;0;0;19,444;0;8,333;66,667;0
1991180;RUNTRANS4B_03,jpg;0;0;0;0;0;0;0;0;0;0;0;0;0;0;0;0;0;0;0;0;0;0;0;0;0;0;0;0;0;0;13,889;0;0;0;0;2,778;0;0;0;0;0;0;0;0;0;0;0;0;0;0;0;2,778;0;0;2,778;16,667;0;0;0;0;0;0;0;38,889;22,222;0
1991181;RUNTRANS4B_04,jpg;0;0;0;0;0;0;0;0;0;0;0;0;0;0;0;0;2,778;0;0;0;0;0;0;0;0;0;0;0;0;0;2,778;0;0;0;0;0;0;0;0;0;0;0;2,778;0;0;0;0;0;13,889;0;0;0;0;0;5,556;5,556;0;0;0;0;0;0;0;2,778;61,111;2,778
1991182;RUNTRANS4B_05,jpg;0;0;0;0;0;0;0;0;0;0;0;0;0;0;0;0;0;0;0;0;0;0;0;0;0;0;0;0;0;0;0;0;0;0;0;0;0;0;0;0;0;0;0;0;0;0;0;0;0;0;0;0;0;0;5,556;22,222;0;0;0;0;0;0;0;11,111;61,111;0
1991183;RUNTRANS4B_06,jpg;0;0;0;2,778;0;0;0;0;0;0;0;0;0;0;0;0;0;0;0;0;0;0;0;0;0;0;0;0;0;0;0;0;0;0;0;0;0;0;0;0;0;8,333;0;0;0;0;0;0;0;0;0;0;0;0;8,333;13,889;0;0;0;0;0;2,778;0;27,778;36,111;0
1991184;RUNTRANS4B_07,jpg;0;0;0;2,778;0;0;0;0;0;0;0;0;0;0;0;0;0;0;0;0;0;0;0;0;0;0;0;0;0;0;19,444;0;8,333;0;0;0;0;0;0;0;0;0;2,778;0;0;0;0;0;0;0;0;0;2,778;0;0;0;0;0;0;2,778;0;0;0;41,667;19,444;0
1991185;RUNTRANS4B_08,jpg;0;0;0;0;0;0;0;0;0;0;0;0;0;0;0;0;0;0;0;0;0;0;0;0;0;0;0;0;0;0;2,778;0;0;0;0;0;0;0;0;0;0;0;5,556;0;0;0;0;36,111;0;0;0;0;0;0;2,778;0;0;0;0;0;0;0;0;8,333;44,444;0
1991186;RUNTRANS4B_09,jpg;0;0;0;0;0;0;0;0;8,333;0;0;0;0;0;0;0;0;11,111;0;0;0;0;0;0;0;0;0;0;0;0;5,556;0;0;0;0;0;0;0;0;0;0;0;2,778;0;0;0;0;0;0;0;0;0;0;0;2,778;0;0;0;0;0;0;0;0;11,111;58,333;0
1991187;RUNTRANS4B_10,jpg;0;0;0;0;0;0;0;0;2,778;0;0;0;0;0;0;0;8,333;2,778;0;0;0;0;0;0;0;0;0;0;0;0;2,778;0;0;0;0;0;0;0;0;0;0;0;0;0;0;0;0;0;0;16,667;0;0;0;0;11,111;13,889;0;0;0;0;0;0;0;13,889;27,778;0
1991188;RUNTRANS4B_11,jpg;0;0;0;0;0;0;0;0;0;0;0;0;0;0;0;0;0;0;0;0;0;0;0;0;0;0;0;0;0;0;2,778;0;0;0;0;0;0;0;0;0;0;0;0;0;0;0;0;0;2,778;0;0;0;0;0;0;5,556;0;0;0;0;0;2,778;0;33,333;52,778;0
1991189;RUNTRANS4B_12,jpg;0;0;2,778;0;0;0;0;0;0;0;0;0;0;0;0;0;0;2,778;0;0;0;0;0;0;0;0;2,778;0;0;0;13,889;0;0;0;0;0;0;0;0;0;0;0;0;0;0;0;0;0;0;2,778;0;0;0;0;2,778;0;0;0;0;0;0;2,778;0;30,556;38,889;0
1991190;RUNTRANS4B_13,jpg;0;0;0;0;0;0;0;5,556;2,778;0;0;0;0;0;0;0;0;0;0;0;0;0;0;0;0;0;0;0;0;0;0;0;0;0;0;2,778;0;0;0;0;0;0;2,778;0;0;0;0;0;0;0;0;0;0;0;0;13,889;0;0;0;2,778;0;5,556;0;8,333;55,556;0
1991191;RUNTRANS4B_14,jpg;0;0;0;0;0;0;0;0;0;0;0;0;0;0;0;0;0;0;0;0;0;0;0;0;0;0;0;0;0;0;11,111;0;0;0;0;11,111;0;0;0;0;0;0;2,778;0;0;0;0;0;0;0;0;0;0;0;5,556;27,778;0;0;0;0;0;0;0;16,667;25;0
1991192;RUNTRANS4B_15,jpg;0;0;0;0;0;0;0;0;0;0;0;0;0;0;0;0;0;0;0;0;0;0;0;0;0;0;0;0;0;0;0;0;0;0;0;13,889;0;0;0;0;0;0;2,778;0;0;0;0;0;0;0;0;0;0;0;2,778;0;0;0;0;0;0;5,556;0;13,889;61,111;0
1991193;RUNTRANS4B_16,jpg;0;0;0;0;0;0;0;0;0;0;0;0;0;0;2,778;0;0;0;0;0;0;0;0;0;0;0;0;0;0;0;0;0;0;0;0;0;0;0;0;0;0;0;0;0;0;0;0;0;0;0;0;0;0;0;2,778;8,333;0;0;0;0;0;2,778;0;8,333;75;0
1991194;RUNTRANS4B_17,jpg;0;0;0;0;0;0;0;0;13,889;0;0;0;0;0;0;0;0;0;0;8,333;0;0;0;0;0;0;0;0;0;0;0;0;0;0;0;0;0;0;0;0;0;0;0;0;0;0;0;2,778;2,778;0;0;0;0;0;2,778;8,333;0;0;0;0;0;0;0;8,333;47,222;5,556
1991195;RUNTRANS4B_18,jpg;0;0;0;0;0;0;0;0;0;0;0;0;0;0;0;0;0;0;0;0;0;0;0;0;0;0;0;0;0;0;0;0;0;0;0;0;0;0;0;0;0;2,778;0;0;0;0;0;2,778;8,333;0;0;0;0;0;2,778;5,556;0;0;0;0;0;8,333;0;5,556;63,889;0
1991196;RUNTRANS4B_19,jpg;0;0;0;0;0;0;0;0;0;0;0;0;0;0;0;0;0;0;0;0;2,778;0;0;0;0;0;0;0;0;0;13,889;0;0;0;0;0;0;0;0;0;0;0;0;0;0;0;0;0;0;0;0;0;0;0;2,778;0;0;0;0;0;0;0;0;25;55,556;0
1991197;RUNTRANS4B_20,jpg;0;0;0;0;0;0;0;0;0;0;0;0;2,778;0;0;0;0;0;0;0;2,778;0;0;0;0;0;0;0;0;0;2,778;0;0;0;0;13,889;0;0;0;0;0;0;0;0;0;0;2,778;0;2,778;0;0;0;0;0;0;0;0;0;0;0;0;0;0;8,333;63,889;0
1991198;RUNTRANS4C_01,jpg;0;0;0;0;0;0;0;0;0;0;0;0;0;0;0;0;0;0;0;0;2,778;0;0;0;0;0;0;0;0;0;0;0;0;0;0;0;0;0;0;0;0;0;0;0;0;0;0;0;0;0;0;0;0;0;0;5,556;0;0;0;2,778;0;0;0;8,333;80,556;0
1991199;RUNTRANS4C_02,jpg;0;0;0;0;0;0;0;0;0;0;0;0;0;0;0;0;0;0;0;0;0;0;0;0;0;0;0;0;0;0;22,222;0;0;0;0;0;0;0;0;0;0;0;0;0;0;0;0;0;0;0;0;0;5,556;0;0;25;0;0;0;0;0;0;0;22,222;25;0
1991200;RUNTRANS4C_03,jpg;0;0;0;0;0;0;0;0;0;0;0;0;0;0;0;0;0;0;0;0;0;0;0;0;0;0;0;0;0;0;5,556;0;0;0;0;0;0;0;0;0;0;0;0;0;0;0;0;0;0;0;0;0;0;0;0;47,222;0;0;0;0;0;0;0;19,444;27,778;0
1991201;RUNTRANS4C_04,jpg;0;0;0;0;0;0;0;0;2,778;0;0;0;0;0;0;0;0;0;0;0;0;0;0;0;0;0;0;0;0;0;0;0;0;0;0;19,444;0;0;0;0;0;0;2,778;0;0;0;0;0;0;0;0;0;0;0;0;2,778;0;0;0;2,778;0;2,778;0;0;66,667;0
1991202;RUNTRANS4C_05,jpg;0;0;0;0;0;0;0;0;0;0;0;0;0;0;0;0;0;0;0;0;0;0;0;0;0;0;0;0;0;0;13,889;0;0;0;0;11,111;0;0;0;0;0;0;0;0;0;0;0;0;0;0;0;0;0;0;2,778;5,556;0;0;0;0;0;8,333;0;2,778;55,556;0
1991203;RUNTRANS4C_06,jpg;0;0;0;0;0;0;0;0;0;0;0;0;0;0;0;0;0;0;0;0;0;0;0;0;0;0;0;0;0;0;0;0;0;0;0;0;0;0;0;0;0;0;8,333;0;0;0;0;0;0;0;0;0;2,778;0;0;11,111;0;0;0;0;0;5,556;0;2,778;69,444;0
1991204;RUNTRANS4C_07,jpg;0;0;0;0;0;0;0;0;5,556;0;0;0;0;0;0;0;0;0;0;0;0;0;0;0;0;0;0;0;0;0;5,556;0;0;0;0;2,778;0;0;0;0;0;0;5,556;0;0;0;0;0;0;0;0;0;0;0;2,778;0;0;0;0;0;0;5,556;0;5,556;66,667;0
1991205;RUNTRANS4C_08,jpg;0;0;0;0;0;0;0;0;16,667;0;0;0;0;0;0;0;0;0;0;0;0;0;0;0;0;0;0;0;0;0;2,778;0;0;0;0;8,333;0;0;0;0;0;0;0;0;22,222;0;0;0;0;0;0;0;0;0;2,778;0;0;0;0;0;0;0;0;0;47,222;0
1991206;RUNTRANS4C_09,jpg;0;0;0;0;0;0;0;0;0;0;0;0;0;0;0;0;0;0;0;0;0;0;0;0;0;0;0;0;0;0;5,556;0;0;0;0;2,778;0;0;0;0;0;0;11,111;0;0;0;0;0;0;0;0;5,556;0;0;0;0;0;0;0;0;0;5,556;0;0;69,444;0
1991207;RUNTRANS4C_10,jpg;0;0;0;0;0;0;0;0;0;0;0;0;0;0;0;0;0;0;0;0;2,778;0;0;0;0;0;0;0;0;0;0;0;0;0;0;0;0;0;0;0;0;0;2,778;0;0;0;0;0;0;0;0;0;0;0;5,556;0;0;0;0;2,778;0;16,667;0;5,556;63,889;0
1991208;RUNTRANS4C_11,jpg;0;0;0;0;0;0;0;0;0;0;0;0;0;0;0;0;0;0;0;0;0;0;0;0;0;0;0;0;0;0;13,889;0;0;0;0;0;0;0;0;0;0;0;2,778;0;0;0;0;0;0;0;0;2,778;0;0;11,111;8,333;0;0;0;2,778;0;0;0;2,778;55,556;0
1991209;RUNTRANS4C_12,jpg;0;0;0;0;0;0;0;0;0;0;0;0;0;0;0;0;0;0;0;0;2,778;0;0;0;0;0;0;0;0;0;5,556;0;0;0;0;0;0;5,556;0;0;0;0;2,778;0;0;0;0;0;0;2,778;0;0;0;0;11,111;8,333;0;0;0;0;0;8,333;0;2,778;50;0
1991210;RUNTRANS4C_13,jpg;0;0;0;0;0;0;0;0;0;0;0;0;0;0;0;0;0;0;0;0;0;0;0;0;0;0;0;0;0;0;13,889;0;0;0;0;0;0;0;0;0;0;0;5,556;0;0;0;0;0;0;0;0;2,778;0;0;5,556;5,556;0;0;0;0;0;8,333;0;0;58,333;0
1991211;RUNTRANS4C_14,jpg;0;0;0;0;0;0;0;0;0;0;2,778;0;0;0;0;0;0;0;0;0;0;0;0;0;0;0;0;0;0;0;8,333;0;0;0;0;0;0;0;0;0;0;0;2,778;0;0;0;0;0;0;0;0;0;0;0;0;2,778;0;0;0;0;0;2,778;0;2,778;77,778;0
1991212;RUNTRANS4C_15,jpg;0;0;0;0;0;0;0;0;2,778;0;0;0;0;0;0;0;0;0;0;0;5,556;0;0;0;0;0;0;0;0;0;5,556;0;0;0;0;0;0;0;0;0;0;0;0;0;0;0;0;0;0;0;0;0;0;0;0;0;0;0;0;0;0;2,778;0;8,333;75;0
1991213;RUNTRANS4C_16,jpg;0;0;0;0;0;0;0;0;0;0;0;0;0;0;0;0;0;0;0;0;2,778;0;0;0;0;0;0;0;0;0;0;0;0;0;0;0;0;0;0;0;0;0;0;0;0;0;0;0;11,111;0;0;0;0;0;5,556;0;0;0;0;2,778;0;5,556;0;0;72,222;0
1991214;RUNTRANS4C_17,jpg;0;0;0;0;0;0;0;0;0;0;0;0;0;0;0;0;0;0;0;0;0;0;0;0;0;0;0;0;0;0;8,333;0;0;0;0;0;0;0;0;0;0;0;2,778;0;0;0;0;0;2,778;0;0;0;0;0;8,333;0;0;0;0;0;0;11,111;0;2,778;63,889;0
1991215;RUNTRANS4C_18,jpg;0;0;0;0;0;0;0;0;0;0;0;0;0;0;0;0;0;0;0;0;0;0;0;0;0;0;0;0;0;0;0;0;0;0;0;0;0;0;0;0;0;0;2,778;0;0;0;0;0;11,111;0;0;0;0;0;0;0;0;0;0;0;0;8,333;0;2,778;75;0
1991216;RUNTRANS4C_19,jpg;0;0;0;0;0;0;0;0;0;0;0;0;0;0;0;0;0;0;0;0;2,778;0;0;0;0;0;0;0;0;0;0;0;0;0;0;0;0;0;0;0;0;0;0;0;0;0;0;0;8,333;0;0;0;0;0;0;0;0;0;0;0;0;0;0;0;88,889;0
1991217;RUNTRANS4C_20,jpg;0;0;0;0;0;0;0;0;0;0;0;0;0;0;0;0;0;0;0;0;0;0;0;0;0;0;0;0;0;0;0;0;0;0;0;0;0;0;0;0;0;0;0;0;0;0;0;0;5,556;0;0;0;0;0;0;0;0;0;0;0;0;0;0;0;94,444;0
1991687;RUNTRANS5A_03,jpg;0;0;0;0;0;0;0;0;0;0;0;0;0;0;0;0;0;0;0;0;0;0;0;0;0;0;0;0;0;0;0;0;0;0;0;2,778;0;0;0;0;0;0;2,778;0;0;0;0;0;13,889;0;0;0;0;0;0;0;0;0;0;2,778;0;0;0;2,778;75;0
1991688;RUNTRANS5A_04,jpg;0;0;0;0;0;0;0;0;0;0;0;0;0;0;0;0;0;0;0;0;0;0;0;0;0;0;0;0;0;0;0;0;0;0;0;0;0;0;0;0;0;0;5,556;0;0;0;0;0;2,778;2,778;0;0;0;0;2,778;0;0;0;0;2,778;0;0;0;0;83,333;0
1991689;RUNTRANS5A_05,jpg;0;0;0;0;0;0;0;0;2,778;0;0;0;0;0;0;0;0;0;0;0;0;0;0;0;0;0;0;0;0;0;0;0;0;0;0;0;0;0;0;0;0;0;5,556;0;0;0;0;0;0;0;0;0;0;0;0;0;0;0;0;2,778;0;0;0;2,778;86,111;0
1991690;RUNTRANS5A_06,jpg;0;0;0;0;0;0;0;0;2,778;0;0;0;0;0;0;0;0;0;0;0;0;0;0;0;0;0;0;0;0;0;0;0;0;0;0;5,556;0;0;0;0;0;0;2,778;0;0;0;0;0;0;0;0;0;0;0;2,778;0;0;0;0;0;0;0;0;0;86,111;0
1991691;RUNTRANS5A_07,jpg;0;0;0;0;0;0;0;0;0;0;0;0;0;0;0;0;0;0;0;0;0;0;0;0;0;0;0;0;0;0;0;0;0;0;0;8,333;0;0;0;0;0;0;5,556;0;0;0;0;0;0;0;0;0;0;0;0;0;0;0;0;0;0;0;0;0;86,111;0
1991692;RUNTRANS5A_08,jpg;0;0;0;0;0;0;0;0;0;0;0;0;0;0;0;0;0;0;0;0;0;0;0;0;0;0;0;0;0;0;5,556;0;0;0;0;0;0;0;0;0;0;0;0;8,333;0;0;0;0;0;0;0;0;0;0;0;0;0;0;0;0;0;0;0;0;86,111;0
1991693;RUNTRANS5A_09,jpg;0;0;2,778;0;0;0;0;0;0;8,333;0;0;0;0;0;0;0;0;0;0;0;0;0;0;0;0;0;0;0;0;2,778;0;0;0;0;0;0;0;0;0;0;0;0;0;0;2,778;0;0;0;0;0;0;0;0;11,111;8,333;0;0;0;2,778;0;0;0;33,333;27,778;0
1991685;RUNTRANS5A_1,jpg;0;0;0;0;0;0;0;0;0;0;0;0;0;0;0;0;0;0;0;0;0;0;0;0;0;0;0;0;0;0;11,111;0;0;0;0;30,556;0;0;0;0;0;0;0;0;0;0;0;0;0;0;0;0;0;0;0;0;0;0;0;0;0;0;0;2,778;55,556;0
1991694;RUNTRANS5A_10,jpg;0;0;5,556;0;0;0;0;5,556;2,778;0;0;0;0;0;0;0;0;0;0;0;0;0;0;0;0;0;0;0;0;0;2,778;0;0;0;0;0;0;0;0;0;0;0;0;0;0;0;0;0;0;0;0;0;0;0;8,333;5,556;0;0;0;0;0;0;0;16,667;52,778;0
1991695;RUNTRANS5A_11,jpg;0;0;0;0;0;0;0;0;0;0;0;0;0;0;0;0;0;0;0;0;0;0;0;0;0;0;0;0;0;0;8,333;0;0;0;0;0;0;0;0;0;0;0;0;0;0;0;0;0;0;0;0;0;0;0;0;5,556;0;0;0;0;0;11,111;0;2,778;72,222;0
1991696;RUNTRANS5A_12,jpg;0;0;0;0;0;0;0;0;0;0;0;0;2,778;0;0;0;0;0;0;0;0;0;0;0;0;0;0;0;0;0;8,333;0;0;0;0;0;0;0;0;0;0;0;0;0;0;0;0;0;5,556;0;0;0;0;0;0;0;0;0;0;0;0;0;0;0;83,333;0
1991697;RUNTRANS5A_13,jpg;0;0;0;0;0;0;0;0;0;0;0;0;0;0;0;0;0;0;0;0;0;0;0;0;0;0;0;0;0;0;2,778;0;0;0;0;2,778;0;0;0;0;0;0;0;0;0;0;0;0;0;0;0;0;0;0;0;0;0;0;0;0;0;13,889;0;2,778;77,778;0
1991698;RUNTRANS5A_14,jpg;0;0;0;0;0;0;0;0;0;0;0;0;0;0;0;0;0;0;0;0;0;0;0;0;0;0;0;0;0;0;0;0;0;0;0;0;0;0;0;0;0;0;0;0;0;0;0;0;5,556;0;0;0;0;0;0;0;0;0;0;2,778;0;0;0;0;91,667;0
1991699;RUNTRANS5A_15,jpg;0;0;0;0;0;0;0;0;0;0;0;0;0;0;0;0;0;0;0;0;0;0;0;0;0;0;0;0;0;0;13,889;0;0;0;0;0;0;0;0;0;0;0;0;0;0;0;0;0;2,778;0;0;0;0;0;5,556;8,333;0;0;0;0;0;5,556;0;13,889;50;0
1991700;RUNTRANS5A_16,jpg;0;0;0;0;0;0;0;0;0;0;0;0;0;0;0;0;0;0;0;0;0;0;0;0;0;0;0;0;0;0;0;0;0;0;0;0;0;0;0;0;0;0;0;0;0;0;0;8,333;0;0;0;2,778;0;0;13,889;11,111;0;0;0;0;0;5,556;0;52,778;5,556;0
1991701;RUNTRANS5A_17,jpg;0;0;0;0;0;0;0;0;0;0;0;0;0;0;0;0;0;0;0;0;0;0;0;0;0;0;0;0;0;0;0;0;0;0;0;0;0;0;0;0;0;0;0;0;0;0;0;0;0;0;0;2,778;0;0;13,889;27,778;0;0;0;0;0;0;0;55,556;0;0
1991702;RUNTRANS5A_18,jpg;0;0;0;0;0;0;0;0;16,667;0;0;0;0;2,778;0;0;0;0;0;0;0;0;0;0;0;0;0;0;0;0;2,778;0;0;0;0;0;0;0;0;0;0;0;0;0;0;0;0;0;11,111;0;0;0;0;0;2,778;0;0;0;0;2,778;0;0;0;0;61,111;0
1991703;RUNTRANS5A_19,jpg;0;0;0;0;0;0;2,778;0;0;0;0;0;0;0;0;0;0;0;0;0;0;0;0;0;0;0;2,778;0;0;0;16,667;0;0;0;0;0;0;0;0;0;0;0;0;0;0;0;0;0;0;0;0;0;0;0;8,333;0;0;0;0;0;0;2,778;0;2,778;63,889;0
1991686;RUNTRANS5A_2,jpg;0;0;0;0;0;0;0;0;0;0;0;0;0;0;0;0;0;0;0;0;0;0;0;0;0;0;0;0;0;0;5,556;0;0;0;0;30,556;0;0;0;0;0;0;0;0;0;0;0;0;2,778;0;0;0;0;0;0;0;0;0;0;0;0;11,111;0;27,778;22,222;0
1991704;RUNTRANS5A_20,jpg;0;0;0;0;0;0;0;8,333;0;11,111;0;0;0;0;0;0;0;0;0;0;0;0;0;0;0;0;0;0;0;0;0;0;0;0;0;0;0;0;0;0;0;0;0;0;0;0;0;0;2,778;0;0;0;0;0;0;11,111;0;0;0;5,556;0;11,111;0;16,667;33,333;0
1991768;RUNTRANS5B_01,jpg;0;0;0;0;0;0;0;0;2,778;0;0;0;0;0;0;0;0;0;0;0;0;0;0;0;0;0;0;0;0;0;0;0;0;0;0;13,889;0;0;0;0;0;0;2,778;0;0;0;0;0;0;0;0;0;0;0;0;0;0;0;0;0;0;5,556;0;0;75;0
1991769;RUNTRANS5B_02,jpg;0;0;0;0;0;0;0;0;8,333;0;0;0;0;0;0;0;0;0;0;0;0;0;0;0;0;0;0;0;0;0;0;0;0;0;0;33,333;0;0;0;0;0;0;2,778;0;0;0;2,778;0;2,778;0;0;0;0;0;2,778;0;0;0;0;0;0;5,556;0;2,778;38,889;0
1991770;RUNTRANS5B_03,jpg;0;0;0;0;0;0;0;0;0;0;0;0;0;0;0;0;0;0;0;0;0;0;0;0;0;0;0;0;0;0;5,556;0;0;0;0;5,556;0;0;0;0;0;0;0;0;0;0;0;0;0;0;0;0;0;0;2,778;8,333;2,778;0;0;0;0;0;0;16,667;58,333;0
1991771;RUNTRANS5B_04,jpg;0;0;0;0;0;0;0;0;0;0;0;0;0;0;0;0;0;0;0;0;5,556;0;0;0;0;0;0;0;0;0;13,889;0;0;0;0;27,778;0;0;0;0;0;0;0;0;0;0;0;0;0;0;0;0;0;0;0;13,889;0;0;0;0;0;0;0;38,889;0;0
1991772;RUNTRANS5B_05,jpg;0;0;0;0;0;0;0;0;0;0;0;0;0;0;0;0;0;0;0;0;0;0;0;0;0;0;0;0;0;0;19,444;0;0;0;0;0;0;0;0;0;0;0;0;0;0;0;0;0;0;0;0;0;0;0;0;19,444;0;0;0;0;0;0;0;55,556;5,556;0
1991773;RUNTRANS5B_06,jpg;0;0;0;0;0;0;0;0;0;0;0;0;0;0;0;0;0;0;0;0;2,778;0;0;0;0;0;0;0;0;0;0;0;0;0;0;0;0;0;0;0;0;0;0;0;0;0;0;0;0;0;0;0;0;0;16,667;19,444;0;0;0;0;0;0;0;44,444;16,667;0
1991774;RUNTRANS5B_07,jpg;0;0;0;0;0;0;0;0;0;0;0;0;0;0;0;0;0;0;0;0;2,778;0;0;0;0;0;0;0;0;0;5,556;0;0;0;0;0;0;0;0;0;0;0;0;0;0;0;0;0;2,778;0;0;0;0;0;5,556;0;0;0;0;0;0;0;0;0;83,333;0
1991775;RUNTRANS5B_08,jpg;0;0;0;0;0;0;0;0;2,778;0;0;0;0;2,778;0;0;0;0;0;0;0;0;0;0;0;0;0;0;0;0;0;0;0;0;0;0;0;0;0;0;0;0;0;0;0;0;0;0;0;0;0;0;0;0;2,778;0;0;0;0;0;0;0;0;0;91,667;0
1991776;RUNTRANS5B_09,jpg;0;0;0;0;0;0;0;0;0;0;0;0;0;0;0;0;0;0;0;0;0;0;0;0;0;0;0;0;0;0;8,333;0;0;0;0;0;0;0;0;0;0;0;0;0;0;0;0;0;0;0;0;0;0;0;0;5,556;0;0;0;0;0;0;0;0;86,111;0
1991777;RUNTRANS5B_10,jpg;0;0;0;0;0;0;0;0;0;0;0;0;5,556;0;0;0;0;0;0;0;0;0;0;0;0;0;0;0;0;0;2,778;0;0;0;0;2,778;0;0;0;0;0;0;0;0;0;0;0;0;0;0;0;0;0;0;2,778;0;0;0;0;0;0;0;0;0;86,111;0
1991778;RUNTRANS5B_11,jpg;0;0;0;0;0;0;0;0;0;0;0;0;0;0;0;0;0;0;0;0;0;0;0;0;0;0;0;0;0;0;5,556;0;0;0;0;2,778;0;0;0;0;0;0;0;5,556;0;0;0;0;5,556;0;0;0;0;0;2,778;0;0;0;0;0;0;0;0;0;77,778;0
1991779;RUNTRANS5B_12,jpg;0;0;0;0;0;0;0;0;0;0;0;0;0;0;0;0;0;0;0;0;0;0;0;0;0;0;0;0;0;0;5,556;0;0;0;0;0;0;0;0;0;0;0;2,778;0;0;0;0;0;0;0;0;0;0;0;8,333;0;0;0;0;0;0;2,778;0;63,889;16,667;0
1991780;RUNTRANS5B_13,jpg;0;0;0;0;0;0;0;0;0;0;0;0;0;0;0;0;0;0;0;0;0;0;0;0;0;0;0;0;0;0;25;0;0;0;0;2,778;0;0;0;0;0;0;0;0;0;0;0;0;0;0;0;0;0;0;0;0;0;0;2,778;0;0;2,778;0;5,556;61,111;0
1991781;RUNTRANS5B_14,jpg;0;0;0;0;0;0;0;0;0;0;0;0;0;0;0;0;0;0;0;0;0;0;0;0;0;0;0;0;0;0;0;0;0;0;0;25;0;0;0;0;0;0;0;0;0;0;0;0;0;0;0;0;0;0;0;0;0;0;0;0;0;0;0;5,556;69,444;0
1991782;RUNTRANS5B_15,jpg;0;0;0;0;0;0;0;0;0;0;0;0;0;0;0;0;0;0;0;0;0;0;0;0;0;0;0;0;0;0;0;0;0;0;0;0;0;0;0;0;0;0;0;0;0;0;0;0;0;0;0;0;0;0;0;0;0;0;0;0;0;0;0;0;100;0
1991783;RUNTRANS5B_16,jpg;0;0;0;0;0;0;0;0;5,556;0;0;0;0;0;0;0;5,556;5,556;0;0;0;0;0;0;0;0;0;0;0;0;2,778;0;0;0;0;2,778;0;0;0;0;0;22,222;0;0;0;0;0;0;0;0;0;0;0;0;11,111;5,556;0;0;0;0;0;0;0;8,333;30,556;0
1991784;RUNTRANS5B_17,jpg;0;0;0;0;0;0;0;0;0;0;0;0;0;0;0;0;0;0;0;0;0;0;0;0;0;0;0;0;0;0;0;0;0;0;0;0;0;0;0;0;0;44,444;0;0;0;0;0;0;0;2,778;0;2,778;0;0;0;8,333;0;0;0;0;0;0;0;0;41,667;0
1991785;RUNTRANS5B_18,jpg;0;0;0;0;0;0;0;0;0;0;0;0;0;0;0;0;0;0;0;0;0;0;0;0;0;0;0;0;0;0;0;0;0;0;0;2,778;0;0;0;0;0;11,111;0;0;0;0;0;0;0;0;0;0;0;0;5,556;16,667;0;0;0;2,778;0;0;0;30,556;30,556;0
1991786;RUNTRANS5B_19,jpg;0;0;0;0;0;0;0;0;0;0;0;0;0;0;0;0;0;0;0;0;0;0;0;0;0;0;0;0;0;0;2,778;0;0;0;0;16,667;0;0;0;0;0;0;2,778;0;0;0;0;0;5,556;0;0;0;0;0;0;8,333;0;0;0;0;0;0;0;0;63,889;0
1991787;RUNTRANS5B_20,jpg;0;0;0;0;0;0;0;0;0;0;0;0;0;0;0;0;0;0;0;0;0;0;2,778;0;0;0;0;0;0;0;0;0;0;0;0;5,556;0;0;0;0;0;0;5,556;0;0;0;0;0;5,556;0;0;0;0;0;0;0;0;0;0;0;0;0;0;0;80,556;0
1991939;RUNTRANS5C_01,jpg;0;0;0;0;0;0;0;0;22,222;0;0;0;0;0;0;0;0;0;0;0;0;0;0;0;0;0;0;0;0;0;0;0;0;0;0;0;0;0;0;0;0;0;2,778;0;0;0;0;0;0;0;0;0;0;0;0;0;0;0;0;0;0;2,778;0;8,333;63,889;0
1991940;RUNTRANS5C_02,jpg;0;0;0;0;0;0;0;0;2,778;0;0;0;0;0;0;0;0;0;0;0;0;0;0;0;0;0;0;0;0;0;0;0;0;0;0;13,889;0;0;0;0;0;0;0;0;2,778;0;0;0;0;0;0;0;0;0;0;0;0;0;0;0;0;2,778;0;0;77,778;0
1991941;RUNTRANS5C_03,jpg;0;0;0;0;0;0;0;0;8,333;0;0;0;0;0;0;0;0;0;0;0;0;0;0;0;0;0;0;0;0;0;0;0;0;0;0;0;0;0;0;0;0;0;2,778;0;8,333;0;0;0;0;0;0;0;0;0;0;0;0;0;0;0;0;0;0;2,778;77,778;0
1991942;RUNTRANS5C_04,jpg;0;0;0;0;0;0;0;0;5,556;0;0;0;5,556;0;0;0;5,556;0;0;0;0;0;0;0;0;0;0;0;0;0;2,778;0;0;0;0;5,556;0;0;0;0;0;0;0;0;0;0;0;0;0;0;0;0;0;0;0;8,333;0;0;0;0;0;2,778;0;5,556;55,556;2,778
1991943;RUNTRANS5C_05,jpg;0;0;0;0;0;0;0;0;2,778;0;0;0;0;0;0;0;0;0;0;0;0;0;0;0;0;0;0;0;0;0;0;0;0;0;0;2,778;0;0;0;0;0;0;8,333;0;0;0;0;0;0;0;0;0;0;0;2,778;16,667;0;0;0;0;0;0;0;2,778;63,889;0
1991944;RUNTRANS5C_06,jpg;0;0;0;0;0;0;0;0;0;0;0;0;0;0;0;0;0;0;0;0;0;0;0;0;0;0;0;0;0;0;16,667;0;0;0;0;8,333;0;0;0;0;0;0;2,778;0;0;0;0;0;0;0;0;0;0;0;0;0;0;0;0;0;0;0;0;0;72,222;0
1991945;RUNTRANS5C_07,jpg;0;0;0;0;0;0;0;0;0;0;0;0;0;0;0;0;0;0;0;0;0;0;0;0;0;0;0;0;0;0;5,556;0;0;0;0;38,889;0;0;0;0;0;0;0;0;0;0;0;0;0;0;0;0;0;0;0;0;0;0;0;0;0;0;0;0;55,556;0
1991946;RUNTRANS5C_08,jpg;0;0;0;0;0;0;0;0;5,556;11,111;0;0;0;0;0;0;0;0;0;0;5,556;0;0;0;0;0;0;0;0;0;2,778;0;0;5,556;0;0;0;0;0;0;0;0;2,778;0;0;0;0;0;0;0;0;5,556;0;0;11,111;0;0;0;0;2,778;0;0;0;19,444;27,778;0
1991947;RUNTRANS5C_09,jpg;0;0;0;0;0;0;5,556;0;0;13,889;0;0;0;0;0;0;0;0;0;0;0;0;0;0;2,778;0;0;0;0;0;5,556;0;0;0;0;2,778;0;0;0;0;0;0;0;0;0;0;0;0;0;0;0;0;0;0;11,111;0;0;0;0;5,556;0;2,778;0;8,333;41,667;0
1991948;RUNTRANS5C_10,jpg;0;0;0;0;0;0;0;0;2,778;0;0;0;5,556;0;0;0;0;0;0;0;0;0;0;0;0;0;0;0;0;0;0;0;0;16,667;0;0;0;0;0;0;0;0;0;0;0;0;0;0;0;8,333;0;0;0;0;0;2,778;0;0;0;2,778;0;0;0;2,778;58,333;0
1991949;RUNTRANS5C_11,jpg;0;0;0;0;0;0;0;0;0;0;0;0;0;0;0;0;8,333;2,778;0;0;2,778;0;0;0;0;0;0;0;0;0;0;0;0;0;0;0;0;0;0;0;0;0;2,778;0;8,333;0;0;0;0;0;0;0;0;0;0;8,333;0;0;0;0;0;0;0;8,333;58,333;0
1991950;RUNTRANS5C_12,jpg;0;0;0;0;0;0;0;0;0;0;0;0;2,778;0;0;0;0;0;0;0;2,778;0;0;0;0;0;0;0;0;0;0;0;0;0;0;2,778;0;0;0;0;0;0;0;0;0;0;0;0;0;0;0;0;0;0;2,778;5,556;0;0;0;2,778;0;0;0;0;80,556;0
1991951;RUNTRANS5C_13,jpg;0;0;0;0;0;0;0;0;8,333;0;0;0;0;0;0;0;0;0;0;0;0;0;0;0;0;0;0;0;0;0;2,778;0;0;0;0;0;0;0;0;0;0;0;0;0;0;0;0;0;2,778;0;0;0;0;0;2,778;2,778;0;0;0;0;0;2,778;0;0;77,778;0
1991952;RUNTRANS5C_14,jpg;0;0;0;0;0;0;0;0;8,333;0;0;0;0;0;0;0;0;0;0;0;0;0;0;0;0;0;0;0;0;0;2,778;0;0;0;0;0;0;0;0;0;0;0;2,778;0;0;0;0;0;0;0;0;0;0;0;0;2,778;0;0;0;0;0;11,111;0;0;72,222;0
1991953;RUNTRANS5C_15,jpg;0;0;0;0;0;0;0;0;0;0;0;0;0;0;0;0;0;2,778;0;0;2,778;0;0;0;0;0;0;0;0;0;5,556;0;0;0;0;0;0;0;0;0;0;0;0;0;0;0;0;0;0;0;0;0;0;0;2,778;0;0;0;0;0;0;2,778;0;2,778;80,556;0
1991954;RUNTRANS5C_16,jpg;0;0;0;0;0;0;0;0;0;0;0;0;0;0;0;0;0;0;0;0;0;0;0;0;0;0;0;0;0;0;2,778;0;0;0;0;0;0;0;0;0;0;0;2,778;0;0;0;0;0;0;0;0;0;0;0;2,778;13,889;0;0;0;0;0;5,556;0;5,556;66,667;0
1991955;RUNTRANS5C_17,jpg;0;0;0;0;0;0;0;0;8,333;0;0;0;0;0;0;0;0;0;0;0;0;0;0;0;0;0;0;0;0;0;0;0;0;0;0;13,889;0;0;0;0;0;0;0;0;0;0;0;0;5,556;0;0;0;0;0;5,556;2,778;0;0;0;0;0;0;0;11,111;52,778;0
1991956;RUNTRANS5C_18,jpg;0;0;0;0;0;0;0;0;44,444;0;0;0;2,778;0;0;0;0;0;0;0;0;0;0;0;0;0;0;0;0;0;0;0;0;0;0;5,556;0;0;0;0;0;0;0;0;0;0;0;0;0;0;0;0;0;0;0;0;0;0;0;0;0;0;0;8,333;38,889;0
1991957;RUNTRANS5C_19,jpg;0;0;0;0;0;0;0;0;25;0;0;0;2,778;0;0;0;0;0;0;0;0;0;0;0;0;0;0;0;0;0;0;0;0;0;0;8,333;0;0;0;0;0;0;0;0;0;0;0;0;2,778;0;0;0;0;0;0;0;0;0;2,778;2,778;0;2,778;0;0;52,778;0
1991958;RUNTRANS5C_20,jpg;0;0;0;0;0;0;0;0;0;0;0;0;0;0;0;0;0;0;0;0;0;0;0;0;0;0;0;0;0;0;0;0;0;0;0;5,556;0;0;0;0;0;0;2,778;2,778;0;0;0;0;2,778;0;0;0;0;0;2,778;8,333;0;0;0;0;0;2,778;0;8,333;63,889;0
1991959;RUNTRANS6A_01,jpg;0;0;0;0;0;0;0;0;13,889;0;0;0;2,778;0;0;0;0;0;0;0;0;0;0;0;0;0;0;0;0;0;11,111;0;0;0;0;5,556;0;0;0;0;0;0;0;5,556;0;0;0;0;2,778;0;0;0;0;0;0;0;0;0;0;0;0;0;0;2,778;55,556;0
1991960;RUNTRANS6A_02,jpg;0;0;0;0;0;0;0;0;0;0;0;0;0;0;0;0;0;0;0;0;0;0;0;0;0;0;0;0;0;0;0;0;0;0;0;11,111;0;0;0;0;0;0;0;0;0;0;0;0;11,111;0;0;0;0;0;5,556;0;0;0;0;2,778;0;0;0;0;69,444;0
1991961;RUNTRANS6A_03,jpg;0;0;0;0;0;0;0;0;8,333;0;0;0;0;0;0;0;0;0;0;0;0;0;0;0;0;0;0;0;0;0;5,556;0;0;0;0;0;0;0;0;0;0;0;0;0;0;0;0;0;11,111;0;0;0;0;0;0;2,778;0;0;0;2,778;0;0;0;11,111;58,333;0
1991962;RUNTRANS6A_04,jpg;0;0;0;0;0;0;0;0;11,111;0;0;0;0;0;0;0;0;0;0;0;0;0;0;0;0;0;0;0;0;0;2,778;0;0;0;0;8,333;0;0;0;0;0;0;0;0;0;0;0;0;5,556;0;0;0;0;0;2,778;0;0;0;2,778;0;0;0;0;8,333;58,333;0
1991963;RUNTRANS6A_05,jpg;0;0;0;0;0;0;0;0;0;0;0;0;0;0;0;0;0;0;0;0;2,778;0;0;0;0;0;0;0;0;0;5,556;0;0;0;0;33,333;0;0;0;0;0;0;0;0;0;0;0;0;0;0;0;0;0;0;11,111;5,556;0;0;0;0;0;0;0;8,333;33,333;0
1991964;RUNTRANS6A_06,jpg;0;0;0;0;0;0;0;0;0;0;0;0;0;0;0;0;0;0;5,556;0;0;0;0;0;0;0;0;0;0;0;0;0;0;0;0;47,222;0;0;0;0;0;0;0;0;2,778;0;0;2,778;0;0;0;0;0;0;5,556;16,667;0;0;0;0;0;0;0;2,778;16,667;0
1991965;RUNTRANS6A_07,jpg;0;0;0;0;0;0;0;0;0;0;0;0;0;0;0;0;0;0;5,556;0;0;0;0;0;0;0;0;0;0;0;0;0;0;0;0;33,333;0;0;0;0;0;0;0;0;0;0;0;0;0;5,556;0;0;0;0;11,111;16,667;0;0;0;0;0;0;0;2,778;25;0
1991966;RUNTRANS6A_08,jpg;0;0;0;0;0;0;0;0;0;0;0;0;0;0;0;0;0;0;0;0;0;0;0;0;0;0;0;0;0;0;0;0;0;0;0;88,889;0;0;0;0;0;0;0;0;0;0;0;0;0;0;0;0;0;0;0;0;0;0;0;0;0;0;0;0;11,111;0
1991967;RUNTRANS6A_09,jpg;0;0;0;0;0;0;0;0;0;0;0;0;0;0;0;0;0;0;0;0;0;0;0;0;0;0;0;0;0;0;0;0;0;0;0;100;0;0;0;0;0;0;0;0;0;0;0;0;0;0;0;0;0;0;0;0;0;0;0;0;0;0;0;0;0;0
1991968;RUNTRANS6A_10,jpg;0;0;0;0;0;0;0;0;0;0;0;0;0;0;0;0;0;0;0;0;0;0;0;0;0;0;0;0;0;0;11,111;0;0;0;0;50;0;0;0;0;0;0;0;0;0;0;0;0;0;0;0;0;0;0;0;0;0;0;2,778;0;0;0;0;0;36,111;0
1991969;RUNTRANS6A_11,jpg;0;0;0;0;0;0;0;0;2,778;0;0;0;0;0;0;0;0;0;0;0;0;0;0;0;0;0;0;0;0;0;8,333;0;0;0;0;8,333;0;0;0;0;0;0;0;0;0;0;0;0;0;0;0;0;0;0;5,556;0;0;0;0;0;0;0;0;0;75;0
1991970;RUNTRANS6A_12,jpg;0;0;0;0;0;0;0;0;5,556;0;0;0;0;0;0;0;0;0;0;0;0;0;0;0;0;0;0;0;0;0;0;0;0;0;0;19,444;0;0;0;0;0;0;0;0;0;0;0;0;19,444;0;0;0;0;0;5,556;0;0;0;0;2,778;0;0;0;0;47,222;0
1991971;RUNTRANS6A_13,jpg;0;0;0;0;0;0;0;0;0;0;0;0;0;0;0;0;0;0;0;0;0;0;0;0;0;0;0;0;0;0;0;0;0;0;0;5,556;0;0;0;0;0;0;0;0;0;0;0;0;13,889;0;0;0;0;0;0;2,778;0;0;0;5,556;0;0;0;22,222;50;0
1991972;RUNTRANS6A_14,jpg;0;0;0;0;0;0;0;0;0;0;0;0;0;0;0;0;0;0;0;0;0;0;0;0;0;0;0;0;0;0;0;0;0;0;0;77,778;0;0;0;0;0;0;0;0;0;0;0;0;5,556;0;0;16,667;0;0;0;0;0;0;0;0;0;0;0;0;0;0
1991973;RUNTRANS6A_15,jpg;0;0;0;0;0;0;0;0;5,556;0;0;0;0;0;0;0;0;0;0;0;0;0;0;0;0;0;0;0;0;0;0;0;0;0;0;22,222;0;0;0;0;0;0;0;0;0;2,778;0;0;2,778;0;0;0;0;0;5,556;11,111;0;0;0;2,778;0;0;0;0;44,444;2,778
1991974;RUNTRANS6A_16,jpg;0;0;0;0;0;0;0;0;0;0;0;0;0;0;0;0;0;0;0;0;0;0;0;0;0;0;0;0;0;0;0;0;0;0;0;0;0;0;0;0;0;0;2,778;0;0;0;0;0;27,778;0;0;0;0;0;0;0;0;0;0;0;0;2,778;0;0;66,667;0
1991975;RUNTRANS6A_17,jpg;0;0;0;0;0;0;0;0;0;0;0;0;0;0;0;0;0;0;0;0;0;0;0;0;0;0;0;0;0;0;0;0;0;0;0;0;0;0;0;0;0;0;0;0;0;0;0;0;36,111;0;0;0;0;0;0;0;0;0;0;2,778;0;0;0;13,889;47,222;0
1991976;RUNTRANS6A_18,jpg;0;0;0;0;0;0;0;0;0;11,111;0;0;0;0;0;0;0;0;0;0;0;0;0;0;0;0;2,778;0;0;0;0;0;0;0;0;5,556;0;0;0;0;0;13,889;0;0;0;0;0;0;27,778;0;0;0;0;0;0;0;0;0;0;0;0;2,778;0;0;36,111;0
1991977;RUNTRANS6A_19,jpg;0;0;0;0;0;0;0;0;0;22,222;0;0;0;0;0;0;0;0;0;0;0;0;0;0;0;0;0;0;0;0;0;0;0;0;0;0;0;0;0;0;0;2,778;2,778;0;0;0;0;0;27,778;0;0;0;0;0;0;11,111;0;0;0;2,778;0;0;0;0;30,556;0
1991978;RUNTRANS6A_20,jpg;0;0;0;0;0;0;0;0;0;2,778;0;0;0;0;0;0;0;0;0;0;0;0;0;0;0;0;0;0;0;0;0;0;0;0;0;0;0;0;0;0;0;0;0;0;0;0;0;0;16,667;0;0;0;0;0;0;5,556;0;0;0;0;0;0;0;0;75;0
1991979;RUNTRANS6B_01,jpg;0;0;0;0;0;0;0;0;0;5,556;0;0;0;0;0;0;0;0;0;0;0;0;0;0;0;0;0;0;0;0;8,333;0;0;0;0;2,778;0;0;0;0;0;0;0;0;0;0;0;0;0;0;0;0;0;0;16,667;8,333;0;0;0;0;0;0;0;47,222;11,111;0
1991980;RUNTRANS6B_02,jpg;0;0;0;0;0;0;0;0;0;30,556;0;0;0;0;0;0;0;0;0;0;0;0;0;0;0;0;2,778;0;0;0;0;0;0;0;0;11,111;0;0;0;0;0;0;0;0;0;0;0;0;0;0;0;0;0;0;0;0;0;0;0;0;0;0;0;0;55,556;0
1991981;RUNTRANS6B_03,jpg;0;0;0;0;0;0;0;5,556;2,778;5,556;0;0;0;0;0;0;0;0;0;0;2,778;0;0;0;0;0;0;0;0;0;0;0;0;2,778;0;0;0;0;0;0;0;0;0;0;22,222;0;0;0;0;0;0;0;0;0;0;0;0;0;0;0;0;0;0;0;58,333;0
1991982;RUNTRANS6B_04,jpg;0;0;0;0;0;0;0;0;25;0;0;0;0;0;0;0;0;0;0;0;0;0;0;0;0;0;0;0;0;0;0;0;0;0;0;0;0;0;0;0;0;0;0;0;0;0;0;0;2,778;0;0;0;0;0;0;0;0;0;0;0;0;0;0;8,333;63,889;0
1991983;RUNTRANS6B_05,jpg;0;0;0;0;0;0;0;0;0;0;0;0;0;0;0;0;0;0;0;0;0;0;0;0;0;0;0;0;0;0;5,556;0;0;0;2,778;2,778;0;0;0;0;0;0;0;0;0;0;0;0;2,778;0;0;0;0;0;0;13,889;0;0;0;2,778;0;5,556;0;2,778;61,111;0
1991984;RUNTRANS6B_06,jpg;0;0;0;0;0;0;0;0;19,444;0;0;0;0;0;0;0;0;0;0;0;0;0;0;0;0;0;0;0;0;0;0;0;0;0;0;2,778;0;0;0;0;0;0;0;0;0;0;0;0;8,333;2,778;0;2,778;0;0;5,556;5,556;0;0;0;2,778;0;0;0;2,778;47,222;0
1991985;RUNTRANS6B_07,jpg;0;0;0;0;0;0;0;0;13,889;0;0;0;0;0;0;0;0;0;0;0;0;0;0;0;0;0;0;0;0;0;5,556;0;0;0;5,556;5,556;0;0;0;0;0;0;0;0;0;0;0;0;2,778;0;0;0;0;0;2,778;0;0;0;0;0;0;0;0;0;63,889;0
1991986;RUNTRANS6B_08,jpg;0;0;0;0;0;0;0;0;11,111;0;0;0;5,556;0;0;0;0;0;0;0;0;0;0;0;0;0;0;0;0;0;0;0;0;0;8,333;2,778;0;0;0;0;0;0;0;0;0;0;0;0;2,778;0;0;0;0;0;2,778;0;0;0;0;0;0;0;0;2,778;63,889;0
1991987;RUNTRANS6B_09,jpg;0;0;0;0;0;0;0;0;0;0;0;0;2,778;0;0;0;0;5,556;0;0;0;0;0;0;0;0;0;0;0;0;0;0;0;0;2,778;11,111;0;0;0;0;0;0;0;0;0;0;0;0;0;2,778;0;0;0;0;2,778;27,778;0;0;0;0;0;0;0;2,778;41,667;0
1991988;RUNTRANS6B_10,jpg;0;0;0;0;0;0;0;0;2,778;0;0;0;0;0;0;0;0;13,889;0;0;0;0;0;0;0;0;0;0;0;0;0;0;0;0;0;50;0;0;0;0;0;0;0;0;0;0;0;0;0;0;0;0;0;0;0;8,333;0;0;0;0;0;0;0;11,111;13,889;0
1991989;RUNTRANS6B_11,jpg;0;0;0;0;0;0;0;0;8,333;0;0;0;2,778;0;0;0;0;0;0;0;5,556;0;0;0;0;0;0;0;0;0;5,556;0;0;0;0;16,667;0;0;0;0;0;0;0;0;0;0;0;0;0;2,778;0;0;0;0;0;2,778;0;0;0;0;0;0;0;5,556;50;0
1991990;RUNTRANS6B_12,jpg;0;0;0;0;0;0;0;0;0;0;0;0;0;0;0;0;0;0;0;0;0;0;0;0;0;0;0;0;0;0;0;0;0;0;0;33,333;2,778;0;0;0;0;0;0;0;0;0;0;0;8,333;0;0;0;0;0;0;0;0;0;0;0;0;0;0;0;55,556;0
1991991;RUNTRANS6B_13,jpg;0;0;0;0;0;0;0;0;5,556;0;0;0;0;0;0;0;0;0;0;0;0;0;0;0;0;0;0;0;0;0;0;0;0;0;0;25;2,778;0;0;0;0;0;0;0;0;0;0;0;2,778;0;0;0;0;0;2,778;0;0;0;0;5,556;0;2,778;0;2,778;50;0
1991992;RUNTRANS6B_14,jpg;0;0;0;0;0;0;0;0;11,111;0;0;0;0;0;0;0;0;0;0;0;0;0;0;0;0;0;0;0;0;0;0;0;0;0;0;16,667;0;0;0;0;0;0;0;0;0;0;2,778;0;5,556;0;0;0;0;0;0;5,556;0;0;0;2,778;0;0;0;2,778;52,778;0
1991993;RUNTRANS6B_15,jpg;0;0;0;0;0;0;0;0;8,333;0;0;0;0;0;0;0;0;0;0;0;0;0;0;0;0;0;0;0;0;0;2,778;0;0;0;0;27,778;0;0;0;0;0;0;0;0;0;0;0;0;5,556;2,778;0;0;0;0;5,556;2,778;0;0;0;5,556;0;0;0;0;38,889;0
1991994;RUNTRANS6B_16,jpg;0;0;0;0;0;0;0;0;0;0;0;0;0;0;0;0;0;0;0;0;0;0;0;0;0;0;0;0;0;0;5,556;0;0;0;0;36,111;0;0;0;0;0;0;2,778;0;0;0;0;0;0;0;0;0;0;0;0;8,333;0;0;0;2,778;0;2,778;0;2,778;38,889;0
1991995;RUNTRANS6B_17,jpg;0;0;0;0;0;0;0;0;22,222;0;0;0;0;0;0;0;0;0;0;0;0;0;0;0;0;0;0;0;0;0;5,556;0;0;0;0;0;0;0;0;0;0;0;2,778;0;0;0;0;0;0;0;0;0;0;0;2,778;27,778;0;0;0;0;0;0;0;2,778;36,111;0
1991996;RUNTRANS6B_18,jpg;0;0;0;0;0;0;0;0;2,778;0;0;0;0;0;0;0;0;0;0;0;0;0;0;0;0;0;0;0;0;0;5,556;0;0;0;0;22,222;0;0;0;0;0;0;2,778;0;0;0;0;0;8,333;0;0;0;0;0;0;22,222;0;0;0;2,778;0;0;0;2,778;30,556;0
1991997;RUNTRANS6B_19,jpg;0;0;0;0;0;0;0;0;5,556;0;0;0;0;0;0;0;0;0;0;0;0;0;0;0;0;0;0;0;0;0;0;0;0;0;0;13,889;0;0;0;0;0;0;0;0;0;0;0;0;0;0;0;0;0;0;2,778;13,889;0;0;0;0;0;0;0;33,333;30,556;0
1991998;RUNTRANS6B_20,jpg;0;0;0;0;0;0;0;0;0;0;0;0;0;0;0;0;0;0;0;0;0;0;0;0;0;0;0;0;0;0;0;0;0;0;0;19,444;2,778;0;0;0;0;0;0;0;0;0;0;0;8,333;0;0;0;0;0;2,778;11,111;0;0;0;0;0;0;0;0;55,556;0
2006076;RUNTRANS6C_01,jpg;0;0;0;0;0;0;0;0;0;0;0;0;0;0;0;0;0;0;0;0;0;0;0;0;0;0;0;0;0;0;0;0;0;0;2,778;13,889;0;0;0;0;0;0;0;0;0;0;0;0;8,333;0;0;0;0;0;0;2,778;0;0;0;0;0;0;0;2,778;69,444;0
2006078;RUNTRANS6C_02,jpg;0;0;0;0;0;0;0;0;2,778;0;0;0;0;0;0;0;0;0;0;0;0;0;0;0;0;0;0;0;0;0;8,333;0;0;0;0;11,111;0;0;0;0;0;0;0;0;0;0;0;0;16,667;0;0;0;0;0;0;25;0;0;0;0;0;0;2,778;2,778;30,556;0
2006080;RUNTRANS6C_03,jpg;0;0;0;0;0;0;0;0;11,111;0;0;0;0;0;0;0;0;0;0;0;0;0;0;0;0;0;0;0;0;0;8,333;0;0;0;11,111;0;0;0;0;0;0;5,556;0;0;0;0;0;0;11,111;0;0;0;0;0;2,778;22,222;0;0;0;0;0;0;0;0;27,778;0
2006082;RUNTRANS6C_04,jpg;0;0;0;0;0;0;0;0;2,778;0;0;0;0;0;0;0;0;0;0;0;0;0;0;0;0;0;0;0;0;0;2,778;0;0;0;0;27,778;0;0;0;0;0;2,778;0;0;0;0;0;0;0;0;0;2,778;0;0;0;27,778;0;0;0;0;0;0;0;19,444;13,889;0
2006083;RUNTRANS6C_05,jpg;0;0;0;0;0;0;0;0;30,556;0;0;0;0;0;0;0;0;0;0;0;0;0;0;0;0;0;0;0;0;0;0;0;0;0;0;36,111;0;0;0;0;0;0;0;0;0;0;0;0;2,778;0;0;0;0;0;0;13,889;0;0;0;0;0;0;0;0;16,667;0
2006084;RUNTRANS6C_06,jpg;0;0;2,778;0;0;0;0;0;5,556;0;0;0;0;0;0;0;0;0;0;0;2,778;0;0;0;0;0;0;0;0;0;0;0;0;0;8,333;63,889;0;0;0;0;0;0;0;0;0;0;0;0;2,778;0;0;0;0;0;0;0;0;0;0;0;0;0;0;0;13,889;0
2006086;RUNTRANS6C_07,jpg;0;0;0;0;0;0;0;0;0;0;0;0;2,778;0;0;0;0;0;0;0;0;0;0;0;0;0;0;0;0;0;0;0;0;0;0;30,556;0;0;0;0;0;0;0;0;0;0;0;0;25;0;0;0;0;0;0;2,778;0;0;0;0;0;0;0;0;38,889;0
2006087;RUNTRANS6C_08,jpg;0;0;0;0;0;0;0;0;0;0;0;0;0;0;0;0;0;0;0;0;0;0;0;0;0;0;0;0;0;0;5,556;0;0;0;0;8,333;0;0;0;0;0;0;0;0;0;0;0;0;16,667;0;0;0;0;0;2,778;13,889;0;0;0;0;0;0;0;19,444;33,333;0
2006089;RUNTRANS6C_09,jpg;0;0;0;0;0;0;0;0;0;0;0;0;0;0;0;0;0;0;0;0;0;0;0;0;0;0;0;0;0;0;2,778;0;0;0;0;2,778;0;0;0;0;0;0;0;0;0;0;0;0;0;0;0;0;0;0;0;22,222;0;0;0;0;0;0;0;22,222;50;0
2006090;RUNTRANS6C_10,jpg;0;0;0;0;0;0;0;0;8,333;0;0;0;0;0;0;0;0;0;0;0;0;0;0;0;0;0;0;0;0;0;0;0;0;0;0;2,778;0;0;0;0;0;0;2,778;0;0;0;0;0;0;0;0;0;0;0;5,556;8,333;0;0;0;0;0;0;0;2,778;69,444;0
2006092;RUNTRANS6C_11,jpg;0;0;0;0;0;0;0;0;2,778;0;0;0;0;0;0;0;0;0;0;0;0;0;0;0;0;0;0;0;0;0;0;0;0;0;0;50;0;0;0;0;0;0;0;0;0;0;0;0;0;0;0;0;0;0;0;0;0;0;0;0;0;0;0;5,556;41,667;0
2006093;RUNTRANS6C_12,jpg;0;0;0;0;0;0;0;0;0;0;0;0;0;0;0;0;0;0;0;0;0;0;0;0;0;0;0;0;0;0;5,556;0;0;0;0;88,889;0;0;0;0;0;0;0;0;0;0;0;0;0;0;0;0;0;0;0;0;0;0;0;0;0;0;0;0;5,556;0
2006094;RUNTRANS6C_13,jpg;0;0;0;0;0;0;0;0;0;0;0;0;0;0;0;0;0;0;0;0;0;0;0;0;0;0;0;0;0;0;11,111;0;0;0;0;52,778;0;0;0;0;0;0;0;0;0;0;0;0;2,778;0;0;0;0;0;2,778;0;0;0;0;2,778;0;0;0;2,778;25;0
2006096;RUNTRANS6C_14,jpg;0;0;0;0;0;0;0;0;0;0;0;0;0;0;0;0;0;0;0;0;0;0;0;0;0;0;0;0;0;0;0;0;0;0;0;52,778;0;0;0;0;0;0;0;0;0;0;0;0;0;0;0;0;0;0;2,778;2,778;0;0;0;2,778;0;0;0;0;38,889;0
2006097;RUNTRANS6C_15,jpg;0;0;0;0;0;0;0;0;0;0;0;0;0;0;0;0;0;0;0;0;0;0;0;0;0;0;0;0;0;0;0;0;0;0;0;11,111;0;0;0;0;0;16,667;0;0;0;0;0;0;0;0;0;0;0;0;11,111;5,556;0;0;0;5,556;0;0;0;11,111;38,889;0
2006099;RUNTRANS6C_16,jpg;0;0;0;0;0;0;0;0;0;0;0;0;0;0;0;0;0;0;0;0;0;0;0;0;0;0;0;0;0;0;2,778;0;0;0;0;38,889;0;0;0;0;0;2,778;0;0;0;0;0;0;0;0;0;0;0;0;2,778;0;0;0;0;2,778;0;0;0;2,778;47,222;0
2006100;RUNTRANS6C_17,jpg;0;0;0;0;0;0;0;0;5,556;0;0;0;0;0;0;0;2,778;0;0;0;0;0;0;0;0;0;0;0;0;0;5,556;0;0;0;0;2,778;0;0;0;0;0;0;0;0;0;0;0;0;2,778;0;0;2,778;0;0;0;0;0;0;0;2,778;0;0;0;2,778;72,222;0
2006101;RUNTRANS6C_18,jpg;0;0;0;0;0;0;0;0;0;0;0;0;0;0;0;0;0;0;0;0;0;0;0;0;0;0;0;0;0;0;0;0;0;0;0;5,556;0;0;0;0;0;0;2,778;0;0;0;0;0;0;0;0;0;0;0;16,667;2,778;0;0;0;0;0;0;0;16,667;55,556;0
2006103;RUNTRANS6C_19,jpg;0;0;0;0;0;0;0;0;22,222;0;0;0;0;0;0;0;0;0;0;0;0;0;0;0;0;0;0;0;0;0;0;0;0;0;0;8,333;0;0;0;0;0;0;0;0;0;0;0;0;5,556;0;0;0;0;0;0;13,889;0;0;0;0;0;0;0;11,111;38,889;0
2006104;RUNTRANS6C_20,jpg;0;0;0;0;0;0;0;0;0;0;0;0;0;0;0;0;0;0;0;0;0;0;0;0;0;13,889;0;0;0;0;8,333;0;0;0;0;33,333;0;0;0;0;0;0;0;0;0;0;0;0;5,556;0;0;0;0;0;0;5,556;0;0;0;2,778;0;0;0;2,778;27,778;0
1987260;RUNTRANS7A_01,jpg;0;0;0;0;0;0;0;0;2,778;0;0;0;2,778;0;0;0;0;0;0;0;0;0;0;0;0;0;0;0;0;0;0;0;0;0;0;0;0;0;0;0;0;0;0;0;0;0;0;0;0;0;0;8,333;0;0;5,556;0;0;0;2,778;0;0;0;0;22,222;55,556;0
1987261;RUNTRANS7A_02,jpg;0;0;0;0;0;0;0;0;0;0;0;0;0;0;0;0;0;0;0;0;0;0;0;0;0;0;0;0;0;0;0;0;0;0;0;0;0;0;0;0;0;5,556;0;0;0;0;0;0;0;0;0;0;0;0;0;0;0;0;0;2,778;0;0;0;27,778;61,111;2,778
1987262;RUNTRANS7A_03,jpg;0;0;0;0;0;0;0;0;0;0;0;0;0;2,778;0;0;0;0;0;0;2,778;0;0;0;0;0;0;0;0;0;11,111;0;0;0;0;0;0;0;0;0;0;0;0;0;0;0;11,111;0;0;0;0;0;0;0;5,556;0;0;0;0;0;0;0;0;22,222;41,667;2,778
1987263;RUNTRANS7A_04,jpg;0;0;0;0;0;0;0;0;0;0;0;0;0;0;0;0;0;0;0;0;0;0;0;0;0;0;0;0;0;0;2,778;0;0;0;0;0;0;0;0;0;0;22,222;0;0;0;0;0;0;0;0;0;0;0;0;8,333;0;0;0;0;0;0;0;0;11,111;55,556;0
1987264;RUNTRANS7A_05,jpg;0;0;0;0;0;0;0;0;0;0;0;0;0;0;0;0;0;0;0;0;5,556;0;0;0;0;0;0;0;0;0;8,333;0;0;0;0;0;0;0;0;0;0;0;0;0;0;0;0;0;0;0;0;0;0;0;5,556;0;2,778;0;0;0;0;0;0;8,333;69,444;0
1987265;RUNTRANS7A_06,jpg;0;0;0;0;0;0;0;0;0;0;0;0;0;0;0;0;0;0;0;0;0;0;0;0;0;0;0;0;0;0;11,111;0;0;0;0;0;0;0;2,778;0;0;0;0;0;0;0;0;0;0;0;0;0;0;0;11,111;2,778;8,333;0;0;0;0;0;0;8,333;55,556;0
1987266;RUNTRANS7A_07,jpg;0;0;0;0;0;0;0;0;0;0;0;0;0;11,111;0;0;0;0;0;0;2,778;0;0;0;0;0;0;0;0;0;11,111;0;0;0;0;0;0;2,778;0;0;0;0;0;0;2,778;0;0;0;0;0;0;0;0;0;8,333;0;2,778;0;0;0;0;0;2,778;5,556;50;0
1987267;RUNTRANS7A_08,jpg;0;0;0;0;0;0;0;0;8,333;0;0;0;0;0;0;0;0;0;0;0;0;0;0;0;0;0;0;0;0;0;0;0;0;0;0;0;0;0;0;0;0;0;0;0;0;0;0;0;0;0;0;0;0;0;0;5,556;2,778;0;0;0;0;0;0;5,556;77,778;0
1987268;RUNTRANS7A_09,jpg;0;0;0;0;0;0;0;0;2,778;0;0;0;0;0;0;0;0;0;0;0;0;0;0;0;0;0;0;0;0;0;0;0;0;0;0;0;0;0;0;0;0;0;2,778;0;0;0;0;2,778;5,556;0;0;0;0;0;0;0;0;0;0;0;0;0;0;0;86,111;0
1987269;RUNTRANS7A_10,jpg;0;0;0;0;0;0;0;0;0;0;0;0;0;0;0;0;0;0;0;0;0;0;0;0;0;0;0;0;0;0;5,556;0;0;0;0;0;0;0;0;0;0;0;5,556;0;0;0;0;0;2,778;0;0;0;0;0;2,778;0;0;0;0;0;0;0;0;5,556;77,778;0
1987270;RUNTRANS7A_11,jpg;0;0;0;0;0;0;0;0;2,778;0;0;0;0;0;0;0;0;0;0;0;0;0;0;0;0;0;0;0;0;0;2,778;0;0;0;0;0;0;0;0;0;0;0;0;13,889;0;0;0;0;0;0;0;0;0;0;8,333;0;0;0;0;0;0;0;0;22,222;50;0
1987271;RUNTRANS7A_12,jpg;0;0;0;0;0;0;0;0;0;0;0;0;0;0;0;0;0;0;0;0;0;0;0;0;0;0;0;0;0;0;19,444;0;0;0;0;0;0;0;0;0;0;0;0;0;0;0;0;0;5,556;0;0;0;0;0;5,556;0;0;0;0;11,111;0;0;11,111;2,778;44,444;0
1987272;RUNTRANS7A_13,jpg;0;0;0;0;0;0;5,556;0;0;0;0;0;0;0;0;0;0;0;0;0;0;0;0;0;0;0;0;0;0;0;11,111;0;0;0;0;25;0;0;0;0;0;0;0;0;0;0;0;0;2,778;0;0;0;0;0;2,778;0;0;0;0;0;0;0;0;25;27,778;0
1987273;RUNTRANS7A_14,jpg;0;0;0;0;0;0;0;0;0;0;0;0;2,778;0;0;0;0;0;0;0;0;0;0;0;0;0;0;0;0;0;2,778;0;0;0;0;52,778;0;0;0;0;0;2,778;0;0;0;0;0;0;2,778;0;0;0;0;0;0;0;0;0;0;0;0;0;0;25;11,111;0
1987274;RUNTRANS7A_15,jpg;0;0;0;0;0;0;0;0;0;0;0;0;0;0;0;0;0;0;0;0;0;0;0;0;0;0;0;0;0;0;0;0;0;0;0;0;0;0;0;0;0;0;0;11,111;0;0;0;0;0;0;0;0;0;0;8,333;2,778;0;0;0;0;0;0;0;8,333;69,444;0
1987275;RUNTRANS7A_16,jpg;0;0;0;0;0;0;0;0;0;0;0;0;0;2,778;0;0;0;0;0;0;0;0;0;0;0;0;0;0;0;0;2,778;0;0;0;0;2,778;0;0;0;0;0;8,333;0;0;0;0;0;0;0;0;0;0;0;0;8,333;2,778;0;0;0;0;0;0;0;2,778;69,444;0
1987276;RUNTRANS7A_17,jpg;0;0;0;0;0;0;0;0;0;0;0;0;0;0;0;0;0;0;0;0;0;0;0;0;0;0;0;0;0;0;0;0;0;0;0;0;0;0;0;0;0;0;2,778;0;0;0;0;0;0;0;0;0;0;0;0;0;5,556;0;0;0;0;0;0;11,111;80,556;0
1987277;RUNTRANS7A_18,jpg;0;0;0;0;0;0;0;0;16,667;0;0;0;0;0;0;0;0;0;0;0;0;0;0;0;0;0;0;0;0;0;0;0;0;0;0;5,556;0;0;0;0;0;0;0;0;0;0;0;0;0;0;0;0;0;0;2,778;0;2,778;0;0;0;0;0;0;8,333;63,889;0
1987278;RUNTRANS7A_19,jpg;0;0;0;0;0;0;0;0;2,778;0;0;0;0;0;0;0;0;0;0;0;0;0;0;0;8,333;0;0;0;0;0;25;0;0;0;0;0;0;0;0;0;0;0;0;0;0;0;0;0;8,333;0;0;0;0;0;2,778;0;2,778;0;0;0;0;0;0;11,111;38,889;0
1990540;RUNTRANS7B_01,jpg;0;0;0;0;0;0;0;0;0;0;0;0;0;5,556;0;0;0;0;0;0;0;0;0;0;0;0;0;0;0;0;13,889;0;0;0;0;0;0;0;0;0;0;0;0;0;0;0;0;0;0;0;0;0;0;0;11,111;2,778;0;0;0;2,778;0;0;0;25;36,111;2,778
1990541;RUNTRANS7B_02,jpg;0;0;0;0;0;0;0;0;5,556;0;0;0;0;0;0;0;0;0;0;0;0;0;0;0;0;0;0;0;0;0;11,111;0;0;0;0;0;0;0;0;0;0;0;0;0;0;0;0;0;5,556;0;0;0;0;0;5,556;0;0;0;0;0;0;0;0;33,333;38,889;0
1990542;RUNTRANS7B_03,jpg;0;0;0;0;0;0;0;0;0;0;0;0;0;0;0;0;0;0;0;0;0;0;0;0;0;2,778;0;0;0;0;13,889;0;0;0;0;0;0;0;0;0;0;11,111;0;0;0;0;0;0;2,778;0;0;0;0;0;2,778;16,667;2,778;0;0;0;0;0;0;19,444;25;2,778
1990543;RUNTRANS7B_04,jpg;0;0;0;0;0;0;0;0;5,556;0;0;0;0;2,778;0;0;0;0;0;0;0;0;0;0;0;0;0;0;0;0;5,556;0;0;0;0;0;0;0;0;0;0;0;2,778;0;0;2,778;0;0;0;0;0;0;0;0;0;0;2,778;0;0;0;0;0;0;5,556;69,444;2,778
1990544;RUNTRANS7B_05,jpg;0;0;0;0;0;0;0;0;2,778;0;0;0;2,778;0;0;0;0;0;0;0;0;0;0;0;0;0;0;0;0;0;5,556;0;0;0;0;5,556;0;0;0;0;0;0;0;0;0;0;0;0;5,556;0;0;0;0;0;5,556;0;2,778;0;2,778;0;0;0;0;11,111;55,556;0
1990545;RUNTRANS7B_06,jpg;0;0;0;0;0;0;0;0;0;0;0;0;5,556;0;0;0;0;0;0;0;0;0;0;0;0;0;0;0;0;0;5,556;0;0;0;0;0;0;0;0;0;0;0;0;0;0;0;0;0;5,556;0;0;0;0;0;5,556;0;2,778;0;0;0;0;0;0;16,667;52,778;5,556
1990546;RUNTRANS7B_07,jpg;0;0;0;0;0;0;0;0;0;0;0;0;0;0;0;0;0;0;0;0;0;0;0;0;0;0;0;0;0;0;2,778;0;0;0;0;0;0;0;0;0;0;0;0;0;0;0;19,444;0;0;0;0;0;0;0;5,556;5,556;5,556;0;0;0;0;0;0;13,889;47,222;0
1990547;RUNTRANS7B_08,jpg;0;0;0;0;0;0;0;0;0;0;0;0;0;2,778;0;0;0;0;0;0;0;0;0;0;0;0;0;0;0;0;11,111;0;0;0;0;19,444;0;0;0;0;0;0;0;0;0;0;0;0;2,778;0;0;0;0;0;8,333;8,333;0;0;0;0;0;0;0;5,556;41,667;0
1990548;RUNTRANS7B_09,jpg;0;0;0;0;0;0;0;0;0;0;0;0;0;0;0;0;0;0;0;0;2,778;0;0;0;0;0;0;0;0;0;11,111;0;0;0;0;0;0;0;0;0;0;0;0;0;0;2,778;0;0;2,778;0;0;0;0;0;2,778;11,111;2,778;0;0;0;0;0;5,556;0;58,333;0
1990549;RUNTRANS7B_10,jpg;0;0;0;0;0;0;0;0;0;0;0;0;0;0;0;0;0;0;0;0;0;0;0;0;0;0;0;0;0;0;5,556;0;0;0;0;0;0;0;0;0;0;0;0;0;0;0;2,778;0;5,556;0;0;0;0;0;0;0;2,778;0;0;2,778;0;0;0;2,778;77,778;0
1990550;RUNTRANS7B_11,jpg;0;0;0;0;0;0;0;0;2,778;0;0;0;0;2,778;0;0;0;0;0;0;0;0;0;0;0;0;0;0;0;0;11,111;0;0;0;0;0;0;0;0;0;0;0;0;0;0;0;0;0;2,778;0;0;0;0;0;0;0;2,778;0;0;5,556;0;0;0;0;69,444;2,778
1990551;RUNTRANS7B_12,jpg;0;0;0;0;0;0;0;0;0;0;0;0;0;0;0;0;0;0;0;0;0;0;0;0;0;0;0;0;0;0;0;0;0;0;0;0;0;0;0;0;0;0;0;0;0;0;0;0;0;2,778;0;0;0;0;2,778;16,667;0;0;0;2,778;0;0;0;16,667;52,778;5,556
1990552;RUNTRANS7B_13,jpg;0;0;0;0;0;0;0;0;2,778;0;0;0;0;0;0;0;0;0;0;0;0;0;0;0;0;0;0;0;0;0;0;0;0;0;0;0;0;0;0;0;0;0;0;0;0;0;0;0;2,778;11,111;0;0;0;0;11,111;11,111;0;0;0;2,778;0;0;0;2,778;52,778;2,778
1990553;RUNTRANS7B_14,jpg;0;0;0;0;0;0;0;0;0;0;0;0;0;0;0;0;0;0;0;0;0;0;0;0;0;0;0;0;0;0;0;0;0;0;0;0;0;0;0;0;0;0;0;0;0;0;0;0;0;2,778;0;0;0;0;8,333;2,778;2,778;0;0;0;0;0;0;0;75;8,333
1990554;RUNTRANS7B_15,jpg;0;0;0;0;0;0;0;0;8,333;0;0;0;0;0;0;0;0;0;0;0;5,556;0;0;0;0;0;0;0;0;0;13,889;0;0;0;0;0;0;0;0;0;0;13,889;0;0;0;0;0;0;0;5,556;0;0;0;0;11,111;2,778;2,778;0;0;2,778;0;0;0;2,778;30,556;0
1990555;RUNTRANS7B_16,jpg;0;0;0;0;0;0;0;0;0;0;0;0;0;0;0;0;0;0;0;0;0;0;0;0;0;0;0;0;0;0;2,778;0;0;0;0;0;0;0;0;0;0;38,889;0;0;0;0;0;0;2,778;0;0;0;0;0;0;8,333;0;0;0;0;0;0;0;0;47,222;0
1990556;RUNTRANS7B_17,jpg;0;0;0;0;0;0;0;0;0;0;0;0;0;2,778;0;0;0;0;0;0;0;0;0;0;0;0;0;0;0;0;2,778;0;0;0;0;0;0;0;0;0;0;0;0;0;0;0;0;0;2,778;2,778;0;0;0;0;2,778;5,556;0;0;0;0;0;0;0;11,111;69,444;0
1990557;RUNTRANS7B_18,jpg;0;0;0;0;0;0;0;0;0;0;0;0;0;0;0;0;0;0;0;0;0;0;0;0;0;0;0;0;0;0;8,333;0;0;0;0;0;0;0;0;0;0;0;0;0;0;0;0;0;2,778;0;0;0;0;0;2,778;5,556;0;0;0;0;0;0;0;11,111;69,444;0
1990558;RUNTRANS7B_19,jpg;0;0;0;0;0;0;0;0;0;0;0;0;2,778;0;0;0;0;0;0;0;0;0;0;0;0;0;0;0;0;0;13,889;0;0;0;0;0;0;0;0;0;0;0;0;0;0;0;0;0;0;2,778;0;0;0;0;11,111;5,556;0;0;0;0;0;0;0;2,778;58,333;2,778
1990559;RUNTRANS7B_20,jpg;0;0;0;0;0;0;0;0;0;0;0;0;0;0;0;0;0;0;0;0;0;0;0;0;0;0;0;0;0;0;16,667;0;0;0;0;0;0;0;0;0;0;0;0;0;0;0;0;0;0;8,333;0;0;0;0;0;0;0;0;0;0;0;0;0;5,556;66,667;2,778
1990560;RUNTRANS7C_01,jpg;0;0;0;0;0;0;0;0;0;0;0;0;0;0;0;0;0;0;0;0;0;0;0;0;0;0;0;0;0;0;16,667;0;0;0;0;0;0;0;0;0;0;0;0;0;0;0;0;0;0;0;0;0;0;0;0;0;0;0;5,556;0;0;0;2,778;5,556;69,444;0
1990561;RUNTRANS7C_02,jpg;0;0;0;0;0;0;0;0;2,778;0;0;0;0;0;0;0;0;0;0;0;0;0;0;0;0;0;0;0;0;0;13,889;0;0;0;0;0;0;0;0;0;0;0;0;0;0;0;0;0;2,778;0;0;0;0;0;5,556;0;2,778;0;0;0;0;0;0;8,333;63,889;0
1990562;RUNTRANS7C_03,jpg;0;0;0;0;0;0;0;0;0;0;0;0;0;0;0;0;0;0;0;0;0;0;0;0;0;0;0;0;0;0;8,333;0;0;0;0;0;0;0;0;0;0;0;0;0;0;0;0;0;13,889;0;0;0;0;0;5,556;0;8,333;0;0;0;0;0;0;16,667;47,222;0
1990563;RUNTRANS7C_04,jpg;0;0;0;0;0;0;0;0;0;0;0;0;0;2,778;0;0;0;0;0;0;0;0;0;0;0;0;0;0;0;0;0;0;0;0;0;0;0;0;0;0;0;0;0;0;0;0;0;0;5,556;0;0;0;0;0;11,111;0;0;0;0;0;0;0;0;0;80,556;0
1990564;RUNTRANS7C_05,jpg;0;0;0;0;0;0;0;0;2,778;0;0;0;0;2,778;0;0;0;0;0;0;0;0;0;0;0;0;0;0;0;0;11,111;0;0;0;0;0;0;0;0;0;0;0;0;0;0;0;0;0;2,778;0;0;0;0;0;8,333;5,556;0;0;0;0;0;0;0;5,556;61,111;0
1990565;RUNTRANS7C_06,jpg;0;0;0;0;0;0;0;0;0;0;0;0;0;0;0;0;0;0;0;0;0;0;0;0;0;0;0;0;0;0;33,333;0;0;0;0;0;0;0;0;0;0;0;0;0;0;0;0;0;0;2,778;0;0;0;0;2,778;5,556;0;0;0;0;0;0;2,778;2,778;50;0
1990566;RUNTRANS7C_07,jpg;0;0;0;0;0;0;0;0;0;0;0;0;0;0;0;0;0;0;0;0;0;0;0;0;0;0;0;0;0;0;8,333;0;0;0;0;2,778;0;0;0;0;0;5,556;0;22,222;0;0;0;0;2,778;2,778;0;0;2,778;0;2,778;5,556;0;0;0;2,778;0;0;0;19,444;22,222;0
1990567;RUNTRANS7C_08,jpg;0;0;0;0;0;0;0;0;0;0;0;0;0;2,778;0;0;0;0;0;0;0;0;0;0;0;0;0;0;0;0;22,222;0;0;0;0;2,778;0;0;0;0;0;0;0;0;0;0;0;0;0;5,556;0;0;0;0;2,778;2,778;0;0;0;0;0;0;0;19,444;38,889;2,778
1990568;RUNTRANS7C_09,jpg;0;0;0;0;0;0;0;0;0;0;0;0;0;0;0;0;0;0;0;0;0;0;0;0;0;0;0;0;0;0;0;0;0;0;0;0;0;0;0;0;0;30,556;0;0;0;0;0;0;0;2,778;0;0;0;0;5,556;2,778;0;0;0;0;0;0;0;44,444;11,111;2,778
1990569;RUNTRANS7C_10,jpg;0;0;0;0;0;0;0;0;0;0;0;0;0;0;0;0;0;0;0;0;0;0;0;0;0;0;0;0;0;0;0;0;0;0;0;0;0;0;0;0;0;16,667;0;0;0;0;0;0;0;2,778;0;0;0;0;2,778;2,778;0;0;0;5,556;0;0;0;5,556;61,111;2,778
1990570;RUNTRANS7C_11,jpg;0;0;0;0;0;0;0;0;0;0;0;0;0;0;0;0;0;0;0;0;0;0;0;0;0;0;0;0;0;0;0;0;0;0;0;2,778;0;0;0;0;0;0;0;0;0;0;0;0;0;0;0;0;0;0;2,778;0;0;0;2,778;13,889;0;0;5,556;30,556;41,667;0
1990571;RUNTRANS7C_12,jpg;0;0;0;0;0;0;0;0;2,778;0;0;0;0;0;0;0;0;0;0;0;0;0;0;0;0;0;0;0;0;0;11,111;0;0;0;0;8,333;0;0;0;0;0;0;0;0;0;0;0;0;0;30,556;0;0;0;0;8,333;2,778;0;0;0;0;0;0;2,778;27,778;5,556;0
1990572;RUNTRANS7C_13,jpg;0;0;0;0;0;0;0;0;0;0;0;0;0;0;0;0;0;0;0;0;0;0;0;0;0;0;0;0;0;0;11,111;0;0;0;0;0;0;0;0;0;0;0;0;0;0;0;0;0;5,556;5,556;0;0;0;0;0;0;2,778;0;0;0;0;0;0;30,556;38,889;5,556
1990573;RUNTRANS7C_14,jpg;0;0;0;0;0;0;0;0;0;0;0;0;0;2,778;0;0;0;0;0;0;0;0;0;0;0;0;0;0;0;0;0;0;0;0;0;2,778;0;0;0;0;0;0;0;0;0;0;0;0;8,333;0;0;0;0;0;2,778;5,556;0;0;0;2,778;0;0;0;38,889;30,556;5,556
1990574;RUNTRANS7C_15,jpg;0;0;0;0;0;0;0;0;0;0;0;0;0;0;0;0;0;0;0;0;0;0;0;0;0;0;0;0;0;0;5,556;0;0;0;0;0;0;0;0;0;0;0;0;0;0;0;0;0;5,556;0;0;0;0;0;2,778;0;5,556;0;0;11,111;0;0;0;27,778;41,667;0
1990575;RUNTRANS7C_16,jpg;0;0;0;0;0;0;0;0;0;0;0;0;0;0;0;0;0;0;0;0;0;0;0;0;0;0;0;0;0;0;8,333;0;0;0;0;0;0;0;0;0;0;2,778;2,778;0;0;0;0;0;0;0;0;0;0;0;0;0;0;0;0;8,333;0;0;0;30,556;41,667;5,556
1990576;RUNTRANS7C_17,jpg;0;0;0;0;0;0;0;0;2,778;0;0;0;0;0;0;0;0;0;0;0;2,778;0;0;0;0;0;0;0;0;0;2,778;0;0;0;0;0;0;0;0;0;0;0;0;0;0;0;0;0;0;0;0;0;0;0;0;8,333;0;0;0;5,556;0;0;0;30,556;47,222;0
1990577;RUNTRANS7C_18,jpg;0;0;0;0;0;0;0;0;0;0;0;0;0;0;0;0;0;0;0;0;0;0;0;0;0;0;0;0;0;0;8,333;0;0;0;0;0;0;0;0;0;0;0;2,778;0;0;0;0;0;0;0;0;0;0;0;0;13,889;0;0;0;0;0;0;0;11,111;63,889;0
3470599;RUNTRANS8A_01,jpg;0;0;0;0;0;0;0;0;0;0;0;0;0;0;0;0;0;0;0;0;8,333;0;0;0;0;0;0;0;0;0;0;0;0;0;0;0;2,778;0;5,556;0;0;0;5,556;0;0;0;0;11,111;0;0;0;5,556;0;0;0;25;0;0;0;0;0;0;0;0;36,111;0
3470600;RUNTRANS8A_02,jpg;0;0;0;0;0;0;0;0;0;0;0;0;0;0;0;0;0;0;0;0;0;0;0;0;0;0;0;0;0;0;0;0;0;0;0;0;2,778;0;0;0;0;0;0;0;0;0;0;0;13,889;5,556;0;5,556;5,556;0;5,556;25;0;0;0;0;0;0;0;0;36,111;0
3470601;RUNTRANS8A_03,jpg;0;0;0;0;0;0;0;0;0;0;0;0;0;0;0;0;0;0;0;0;0;0;0;0;0;0;0;0;0;0;0;0;0;0;0;0;0;0;0;0;0;0;2,778;5,556;2,778;0;0;0;5,556;0;0;2,778;0;0;13,889;41,667;0;0;0;0;0;0;0;0;25;0
3470602;RUNTRANS8A_04,JPG;0;0;0;0;0;0;0;0;0;0;0;0;0;0;0;0;0;0;0;0;0;0;0;0;0;0;0;0;0;0;0;0;0;0;0;13,889;0;0;2,778;0;0;0;0;0;0;0;0;0;11,111;0;0;8,333;0;0;0;30,556;0;0;0;0;0;0;0;5,556;27,778;0
3470603;RUNTRANS8A_05,jpg;0;0;0;0;0;0;0;0;0;0;0;0;0;0;0;0;0;0;0;0;0;0;0;0;0;0;0;0;0;0;0;0;0;0;0;0;11,111;0;0;0;0;0;0;0;0;0;0;0;5,556;0;0;2,778;0;0;5,556;27,778;0;0;0;0;0;0;0;16,667;30,556;0
3470604;RUNTRANS8A_06,jpg;0;0;0;0;0;0;0;0;0;0;0;0;0;0;0;0;0;0;0;0;0;0;0;0;0;0;0;0;0;0;0;0;0;0;0;0;0;0;0;0;0;0;0;0;0;0;0;0;8,333;0;0;8,333;2,778;0;0;38,889;0;5,556;0;0;0;0;0;5,556;30,556;0
3470605;RUNTRANS8A_07,jpg;0;0;0;0;0;0;0;0;0;5,556;0;0;0;0;0;0;0;0;0;0;0;0;0;0;0;0;0;0;0;0;0;0;0;0;0;0;0;0;0;0;0;0;2,778;0;0;0;0;0;2,778;0;0;8,333;0;0;5,556;22,222;2,778;0;0;0;0;0;0;0;50;0
3470606;RUNTRANS8A_08,jpg;0;0;0;16,667;0;0;0;0;0;0;0;0;0;0;0;0;0;0;0;0;2,778;0;0;0;0;0;0;0;0;0;0;0;0;0;0;5,556;0;0;2,778;0;0;0;0;0;0;0;0;0;0;0;0;5,556;0;2,778;13,889;11,111;2,778;0;0;0;0;0;0;13,889;22,222;0
3470607;RUNTRANS8A_09,jpg;0;0;0;2,778;0;0;0;0;0;0;0;0;0;0;0;0;0;0;0;0;0;0;0;0;0;0;0;0;0;0;2,778;0;0;0;0;25;0;0;0;0;0;0;0;0;0;0;0;0;5,556;0;0;2,778;0;0;16,667;25;0;0;0;0;0;0;0;8,333;11,111;0
3470608;RUNTRANS8A_10,jpg;0;0;30,556;0;0;0;0;0;0;0;0;0;0;0;0;0;0;0;0;0;0;0;0;0;0;0;0;0;0;0;0;0;0;0;0;0;0;0;0;0;0;0;0;0;0;0;0;0;5,556;0;0;5,556;0;0;5,556;16,667;0;0;0;0;0;0;0;0;36,111;0
3470609;RUNTRANS8A_11,jpg;0;0;13,889;8,333;0;0;0;0;0;0;0;0;0;0;0;0;0;0;0;0;0;0;0;0;0;0;0;0;0;0;0;0;0;0;0;5,556;0;0;0;0;0;0;0;0;0;0;0;0;0;0;0;0;0;0;8,333;25;0;0;0;2,778;0;0;0;11,111;25;0
3470610;RUNTRANS8A_12,jpg;0;0;2,778;0;0;0;0;0;0;0;0;0;0;0;0;0;0;0;0;0;0;0;0;0;0;0;0;0;0;0;0;0;0;0;0;2,778;0;0;0;0;0;0;0;0;0;0;0;0;2,778;0;0;2,778;0;0;2,778;19,444;0;0;0;0;0;0;0;8,333;58,333;0
3470611;RUNTRANS8A_13,jpg;0;0;41,667;0;0;0;0;0;0;0;0;0;0;0;0;0;0;0;0;0;0;0;0;0;0;0;0;0;0;0;0;0;0;0;0;0;0;0;0;0;0;0;0;0;0;0;0;0;5,556;0;0;2,778;0;0;2,778;5,556;0;0;0;0;0;0;0;11,111;30,556;0
3470612;RUNTRANS8A_14,jpg;0;0;33,333;0;0;0;0;0;0;0;0;0;0;0;0;0;0;0;0;0;0;0;0;0;0;0;0;0;0;0;0;0;0;0;0;0;0;0;0;0;0;0;0;0;0;0;0;0;0;0;0;2,778;0;0;2,778;27,778;0;0;0;0;0;0;0;11,111;22,222;0
3470613;RUNTRANS8A_15,jpg;0;0;77,778;0;0;0;0;0;0;0;0;0;0;0;0;0;0;0;0;0;0;0;0;0;0;0;0;0;0;0;13,889;0;0;0;0;0;0;0;0;0;0;0;0;0;0;0;0;0;0;0;0;2,778;0;0;0;2,778;0;0;0;0;0;0;0;0;2,778;0
3470614;RUNTRANS8A_16,jpg;0;0;0;0;0;11,111;0;0;0;0;0;0;0;0;0;0;0;0;0;0;2,778;0;0;0;0;0;0;0;0;0;2,778;0;0;0;0;0;0;0;0;0;0;0;0;0;0;0;0;0;0;0;0;8,333;0;0;8,333;13,889;0;0;0;0;0;0;0;16,667;36,111;0
3470615;RUNTRANS8A_17,jpg;0;0;0;0;0;0;0;0;0;0;0;0;0;0;0;0;0;0;0;0;0;0;0;0;0;0;0;0;0;0;0;0;0;0;0;0;0;0;0;0;0;0;0;0;0;0;0;0;2,778;0;0;8,333;0;0;2,778;13,889;0;0;0;0;0;0;0;2,778;69,444;0
3470616;RUNTRANS8A_18,jpg;0;0;0;0;0;0;0;0;0;0;0;0;0;0;0;0;0;0;0;0;2,778;0;0;0;0;0;0;0;0;0;2,778;0;0;0;0;5,556;0;0;0;0;0;0;0;0;0;0;0;0;0;0;0;5,556;0;0;2,778;30,556;0;0;0;0;0;0;0;0;50;0
3470617;RUNTRANS8A_19,jpg;0;0;2,778;0;0;0;0;0;2,778;0;0;0;0;0;0;0;0;0;0;0;0;0;0;0;0;0;0;0;0;0;0;0;5,556;0;0;0;0;0;0;0;0;0;0;0;0;0;0;0;0;0;0;2,778;0;0;2,778;38,889;0;0;0;0;0;0;0;2,778;41,667;0
3470618;RUNTRANS8A_20,jpg;0;0;0;2,778;0;11,111;0;0;0;0;0;0;0;0;0;0;0;0;0;0;0;0;0;0;0;0;0;0;0;0;8,333;0;0;0;0;0;0;0;0;0;0;0;0;0;0;0;0;0;0;0;0;0;5,556;0;2,778;30,556;0;0;0;0;0;0;0;8,333;30,556;0
3470619;RUNTRANS8B_01,jpg;0;0;0;0;0;0;0;0;0;0;0;0;0;0;0;0;0;0;0;0;0;0;0;0;0;0;0;0;0;0;2,778;0;0;0;0;0;0;0;0;0;0;0;0;0;0;0;0;27,778;0;0;0;8,333;0;0;0;44,444;0;0;0;0;0;0;0;8,333;8,333;0
3470620;RUNTRANS8B_02,jpg;0;0;0;0;0;0;0;0;0;0;0;0;0;0;0;0;0;0;0;0;0;0;0;0;0;0;0;0;0;0;0;0;0;0;0;19,444;0;0;0;0;0;0;2,778;0;0;0;0;0;16,667;0;0;0;0;0;0;41,667;0;0;0;0;0;0;0;2,778;16,667;0
3470621;RUNTRANS8B_03,jpg;0;0;0;0;0;0;0;0;0;0;0;0;0;0;0;2,778;0;0;0;0;0;0;0;0;0;0;0;0;0;0;0;0;0;0;0;8,333;0;0;0;0;0;0;0;0;0;0;0;0;8,333;0;0;5,556;0;0;0;41,667;0;0;0;0;0;0;0;8,333;25;0
3470622;RUNTRANS8B_04,jpg;0;0;0;0;0;0;0;0;2,778;0;0;0;0;0;0;0;0;0;0;0;0;0;0;0;0;0;0;0;0;0;0;0;0;0;0;5,556;0;0;0;0;0;0;0;0;0;0;0;0;8,333;0;0;2,778;0;0;0;25;0;0;0;2,778;0;0;0;13,889;38,889;0
3470623;RUNTRANS8B_05,jpg;0;0;0;0;0;0;0;0;0;0;0;0;0;0;0;0;0;0;0;0;0;0;0;0;0;0;0;0;0;0;0;0;0;0;0;0;0;0;0;0;0;0;2,778;0;0;0;0;2,778;2,778;0;0;2,778;0;0;2,778;0;0;0;0;0;0;0;0;0;86,111;0
3470624;RUNTRANS8B_06,jpg;0;0;0;0;0;0;0;0;0;0;0;0;0;0;0;0;0;0;0;0;2,778;0;0;0;0;0;0;0;0;0;0;0;0;0;0;0;0;0;0;0;0;0;0;0;0;0;0;0;2,778;0;0;5,556;0;0;0;30,556;0;0;0;0;0;0;0;2,778;55,556;0
3470625;RUNTRANS8B_07,jpg;0;0;0;0;0;0;0;0;0;0;0;0;0;0;0;0;0;0;0;0;0;0;0;0;0;0;0;0;0;0;8,333;0;0;0;0;0;0;0;0;0;0;0;2,778;0;0;0;0;0;2,778;0;0;5,556;0;0;2,778;13,889;0;0;0;0;0;0;0;0;63,889;0
3470626;RUNTRANS8B_08,jpg;0;0;0;0;0;0;0;0;0;0;0;0;0;0;0;2,778;0;0;0;0;0;0;0;0;0;0;0;0;0;0;0;0;0;0;0;5,556;0;0;0;0;0;0;0;0;0;0;0;0;11,111;0;0;0;0;0;0;11,111;0;0;0;0;0;0;0;8,333;61,111;0
3470627;RUNTRANS8B_09,jpg;0;0;0;0;0;0;0;0;0;0;0;0;0;0;0;0;0;0;0;0;0;0;0;0;0;0;0;0;0;0;0;0;0;0;0;5,556;0;0;0;0;0;0;0;0;0;0;0;0;0;0;0;5,556;0;0;0;27,778;0;0;0;0;0;0;0;5,556;55,556;0
3470628;RUNTRANS8B_10,jpg;0;0;0;0;0;0;0;0;2,778;19,444;0;0;0;0;0;0;0;0;0;0;0;0;0;0;0;0;0;0;0;0;0;0;0;0;0;0;0;0;0;0;0;0;0;0;0;0;0;0;0;0;0;0;0;0;2,778;19,444;0;0;0;0;0;0;0;5,556;50;0
3470629;RUNTRANS8B_11,jpg;0;0;0;0;0;0;0;0;5,556;0;0;0;0;0;0;0;0;0;0;0;0;0;0;0;0;0;0;0;0;0;0;0;0;0;0;2,778;0;0;0;0;0;0;0;0;0;0;0;0;2,778;2,778;0;5,556;0;0;2,778;16,667;0;0;0;0;0;0;0;11,111;50;0
3470630;RUNTRANS8B_12,jpg;0;0;0;0;0;0;0;0;0;0;0;0;0;0;0;0;0;0;0;0;0;0;0;0;0;0;0;0;0;0;0;0;0;0;0;0;0;0;0;0;0;0;0;0;0;0;0;0;0;0;0;5,556;0;0;0;13,889;0;0;0;0;0;0;0;5,556;75;0
3470631;RUNTRANS8B_13,jpg;0;0;0;0;0;0;0;0;0;0;0;0;0;0;0;0;0;0;0;0;0;0;0;0;0;0;0;0;0;0;0;0;0;0;0;19,444;0;0;0;0;0;0;0;0;0;0;0;0;8,333;2,778;0;8,333;0;0;0;22,222;0;0;0;0;0;0;0;2,778;36,111;0
3470632;RUNTRANS8B_14,jpg;0;0;0;0;0;0;0;0;5,556;0;0;0;0;0;0;2,778;0;0;0;0;0;0;0;0;0;0;0;0;0;0;0;0;0;0;0;8,333;0;0;0;0;0;0;0;0;0;0;0;0;2,778;0;0;5,556;0;0;2,778;16,667;0;0;0;0;0;0;0;0;55,556;0
3470633;RUNTRANS8B_15,jpg;0;0;0;0;0;0;0;0;2,778;0;0;0;0;0;0;0;0;0;0;0;0;0;0;0;0;0;0;0;0;0;0;0;0;0;0;0;0;0;0;0;0;0;0;0;0;0;0;13,889;11,111;0;0;5,556;0;0;2,778;16,667;0;0;0;0;0;0;0;0;47,222;0
3470634;RUNTRANS8B_16,jpg;0;0;0;0;0;0;0;0;5,556;0;0;0;0;0;0;0;0;0;0;0;0;0;0;0;0;0;0;0;0;0;0;0;0;0;0;0;0;0;0;0;0;0;2,778;0;0;0;0;0;11,111;0;0;2,778;0;0;0;22,222;0;0;0;0;0;0;0;0;55,556;0
3470635;RUNTRANS8B_17,jpg;0;5,556;0;0;0;0;0;0;0;0;0;0;0;0;0;0;0;0;0;0;0;0;0;0;0;0;0;0;0;0;0;0;0;0;0;2,778;0;0;0;2,778;0;0;0;0;0;0;0;0;16,667;0;0;2,778;0;0;2,778;11,111;0;0;0;0;0;0;0;0;55,556;0
3470636;RUNTRANS8B_18,jpg;0;0;0;0;0;0;0;0;0;8,333;0;0;0;0;0;0;0;0;0;0;0;0;0;0;0;0;0;0;0;0;0;0;0;0;0;11,111;0;0;0;0;0;0;0;0;0;0;0;0;8,333;0;0;5,556;0;0;0;16,667;0;0;0;0;0;0;0;0;50;0
3470637;RUNTRANS8B_19,jpg;0;0;0;0;0;0;0;0;0;0;0;0;0;0;0;0;0;0;0;0;0;0;0;0;0;0;0;0;0;0;0;0;0;0;0;0;0;0;0;5,556;0;0;0;0;0;0;0;0;11,111;0;0;2,778;0;0;8,333;19,444;0;0;0;0;0;0;0;0;52,778;0
3470638;RUNTRANS8B_20,jpg;0;0;0;0;0;0;0;0;0;0;0;0;0;0;0;0;0;0;0;0;0;0;0;0;0;0;0;0;0;0;0;0;0;0;0;0;0;0;0;0;0;0;0;0;0;0;0;0;0;0;0;8,333;0;0;2,778;11,111;0;0;0;0;0;0;0;8,333;69,444;0
3470639;RUNTRANS8C_01,jpg;0;0;0;0;0;0;0;0;0;0;0;0;0;0;0;0;0;0;0;0;0;0;0;0;0;0;0;0;0;0;0;0;0;0;0;0;0;0;0;0;0;0;0;0;0;0;0;0;0;0;0;5,556;0;0;8,333;66,667;0;0;0;2,778;0;0;0;16,667;0;0
3470640;RUNTRANS8C_02,jpg;0;0;0;0;0;0;0;0;0;0;0;0;0;0;0;0;0;0;0;0;0;0;0;0;0;0;0;0;0;0;5,556;0;0;0;0;0;0;0;0;0;0;0;0;0;0;0;0;0;0;0;0;5,556;0;0;13,889;55,556;0;0;0;0;0;0;0;13,889;5,556;0
3470641;RUNTRANS8C_03,jpg;0;0;0;0;0;0;0;0;0;0;0;0;0;0;0;0;0;0;0;0;2,778;0;0;0;0;0;0;0;0;0;0;0;0;0;0;5,556;0;0;0;0;0;0;0;0;0;0;0;5,556;0;0;0;2,778;2,778;0;8,333;36,111;0;0;0;0;0;0;0;33,333;2,778;0
3470642;RUNTRANS8C_04,jpg;0;0;0;0;0;0;0;0;0;0;0;0;0;0;0;0;0;0;0;0;0;0;0;0;0;0;0;0;0;0;0;0;0;0;0;2,778;0;0;0;0;0;0;0;0;0;0;0;16,667;0;0;0;5,556;0;0;2,778;33,333;0;0;0;2,778;0;0;0;33,333;2,778;0
3470643;RUNTRANS8C_05,jpg;0;0;0;0;0;0;0;0;0;0;0;0;0;0;0;0;0;0;0;0;0;2,778;0;0;0;0;0;0;0;0;19,444;0;0;0;0;0;0;0;0;0;0;0;0;0;0;0;0;16,667;2,778;0;0;5,556;0;0;11,111;27,778;0;0;0;8,333;0;0;0;5,556;0;0
3470644;RUNTRANS8C_06,jpg;0;0;0;0;0;0;0;0;0;0;0;0;0;0;0;0;0;0;0;0;0;0;0;0;0;0;0;0;0;0;2,778;0;0;0;0;0;0;0;0;0;0;0;0;0;11,111;0;0;0;5,556;0;0;2,778;0;0;11,111;47,222;0;0;0;0;0;0;0;8,333;11,111;0
3470645;RUNTRANS8C_07,jpg;0;0;0;0;0;0;0;0;0;0;0;0;0;0;0;0;0;0;0;2,778;0;0;0;0;0;0;0;0;0;0;0;0;0;0;0;0;0;0;0;0;0;0;0;0;2,778;0;0;0;0;0;0;5,556;0;0;8,333;33,333;5,556;0;0;2,778;0;0;0;30,556;5,556;2,778
3470646;RUNTRANS8C_08,jpg;0;0;0;0;0;0;0;0;0;0;0;0;0;0;0;0;0;0;0;0;2,778;0;0;0;0;0;0;0;0;0;0;0;0;0;0;0;0;0;0;0;0;0;0;0;0;0;0;0;8,333;0;0;2,778;0;0;11,111;47,222;2,778;0;0;0;0;0;0;19,444;5,556;0
3470647;RUNTRANS8C_09,jpg;0;0;0;0;0;0;0;0;0;0;0;0;0;0;0;0;0;0;0;0;0;0;0;0;0;0;0;0;0;0;0;0;0;0;0;2,778;0;0;0;0;0;0;0;0;0;0;0;0;0;0;0;2,778;0;0;5,556;41,667;0;0;0;0;0;0;0;30,556;16,667;0
3470648;RUNTRANS8C_10,jpg;0;0;0;0;0;0;0;0;0;0;0;0;0;0;0;0;0;0;0;0;2,778;0;0;0;0;0;0;0;0;0;0;0;0;0;0;13,889;0;0;0;0;0;0;0;0;0;0;0;0;5,556;0;0;2,778;0;0;2,778;30,556;2,778;0;0;0;0;0;0;13,889;25;0
3470649;RUNTRANS8C_11,jpg;0;0;0;0;0;50;0;0;0;0;0;0;0;0;0;0;0;0;0;0;0;0;0;0;0;0;0;0;0;0;0;0;0;0;0;0;0;0;0;0;0;0;0;0;0;0;0;0;0;0;0;0;0;0;0;8,333;0;0;0;0;0;0;0;16,667;25;0
3470650;RUNTRANS8C_12,jpg;0;0;0;0;0;25;0;0;0;0;0;0;0;0;0;0;0;0;0;0;0;0;0;0;0;0;0;0;0;0;0;0;0;0;0;0;0;0;0;0;0;0;0;0;0;0;0;0;0;0;0;5,556;0;0;5,556;30,556;0;0;0;0;0;0;0;5,556;27,778;0
3470651;RUNTRANS8C_13,jpg;0;0;0;0;0;25;0;0;0;0;0;0;0;0;0;0;0;0;0;0;0;0;0;0;0;0;0;0;0;0;5,556;0;0;0;0;0;0;0;0;0;0;0;0;0;0;0;0;0;11,111;0;0;2,778;0;0;0;13,889;0;0;0;0;0;0;0;19,444;22,222;0
3470652;RUNTRANS8C_14,jpg;0;0;0;0;0;0;0;0;0;0;0;0;0;0;0;0;0;0;0;0;0;0;0;0;0;0;0;0;0;0;0;0;0;0;0;0;0;0;0;0;0;0;0;0;0;0;0;0;5,556;0;0;2,778;0;0;27,778;38,889;0;0;0;0;0;0;0;0;25;0
3470653;RUNTRANS8C_15,jpg;0;0;22,222;0;0;0;0;0;0;0;0;0;0;0;0;0;0;0;0;0;0;0;0;0;0;0;0;0;0;0;0;0;0;0;0;2,778;0;0;0;0;0;0;0;0;0;0;0;0;2,778;2,778;0;2,778;0;0;0;27,778;0;0;0;0;0;0;0;5,556;33,333;0
3470654;RUNTRANS8C_16,jpg;0;0;0;0;0;38,889;0;0;0;0;0;0;0;0;0;0;0;0;0;0;0;0;0;0;0;0;0;0;0;0;0;0;0;0;0;5,556;0;0;0;0;0;0;0;0;0;0;0;0;8,333;0;0;0;0;0;8,333;19,444;0;0;0;0;0;0;0;5,556;13,889;0
3470655;RUNTRANS8C_17,jpg;0;0;0;0;0;88,889;0;0;0;0;0;0;0;0;0;0;0;0;0;0;0;0;0;0;0;0;0;0;0;0;0;0;0;0;0;0;0;0;0;0;0;0;0;0;0;0;0;0;0;0;0;0;0;0;2,778;2,778;0;0;0;0;0;0;0;0;2,778;2,778
3470656;RUNTRANS8C_18,jpg;0;0;2,778;0;0;75;0;0;0;0;0;0;0;0;0;0;0;0;0;0;2,778;0;0;0;0;0;0;0;0;0;0;0;0;0;0;0;0;0;0;0;0;0;0;0;0;0;0;0;0;0;0;0;0;0;0;0;0;0;0;0;0;0;0;0;19,444;0
3470657;RUNTRANS8C_19,jpg;0;0;2,778;0;0;0;0;0;0;0;0;0;0;0;0;0;2,778;0;0;0;0;0;0;0;0;0;0;0;0;0;0;0;0;0;0;0;0;0;2,778;0;0;0;0;0;0;0;0;0;0;5,556;0;11,111;0;0;2,778;16,667;0;0;0;0;0;0;0;0;55,556;0
3470658;RUNTRANS8C_20,jpg;0;0;0;0;0;0;0;0;0;0;0;0;0;0;0;0;0;0;0;0;2,778;0;0;0;0;0;0;0;0;0;0;0;0;0;0;5,556;0;0;0;0;0;0;0;0;5,556;0;0;0;0;0;0;0;0;0;0;38,889;0;0;0;0;0;0;0;5,556;41,667;0
1992654;RUNTRANS9A_01,jpg;0;0;13,889;0;2,778;0;0;0;0;0;0;0;0;0;0;0;0;0;0;0;0;0;0;0;0;0;0;0;0;0;8,333;0;0;0;0;0;0;0;0;0;0;0;0;0;0;0;0;0;0;0;0;2,778;0;0;0;19,444;0;0;5,556;8,333;0;0;0;0;38,889;0
1992655;RUNTRANS9A_02,jpg;0;0;16,667;0;2,778;0;0;0;0;0;0;0;0;0;0;0;0;0;0;0;0;0;0;0;0;0;0;0;0;0;30,556;0;0;0;0;0;0;0;0;0;0;0;0;0;0;0;0;0;5,556;0;0;0;0;0;0;2,778;0;0;0;8,333;0;0;0;11,111;22,222;0
1992656;RUNTRANS9A_03,jpg;0;0;50;0;0;0;0;0;0;0;0;0;0;0;0;0;0;0;0;0;0;0;0;0;0;0;0;0;0;0;0;0;0;0;0;0;0;0;0;0;0;0;0;0;0;0;0;0;0;0;0;2,778;0;0;0;5,556;0;0;0;5,556;0;0;0;19,444;16,667;0
1992657;RUNTRANS9A_04,jpg;0;0;41,667;0;0;0;0;2,778;0;0;0;0;0;0;0;0;0;0;0;0;0;0;0;0;0;0;0;0;0;0;0;0;0;0;0;0;0;0;0;0;0;0;0;0;0;0;0;0;0;0;0;0;0;0;0;16,667;0;0;0;0;0;0;0;13,889;25;0
1992658;RUNTRANS9A_05,jpg;0;0;83,333;0;0;0;0;0;0;0;0;0;0;0;0;0;0;0;0;0;0;0;0;0;0;0;0;0;0;0;0;0;0;0;0;0;0;0;0;0;0;0;0;0;0;0;0;0;0;0;0;0;0;0;0;11,111;0;0;0;0;0;0;0;5,556;0;0
1992659;RUNTRANS9A_06,jpg;0;0;25;0;0;0;0;0;0;0;0;0;0;0;0;0;0;0;0;0;0;0;0;0;0;0;0;0;0;0;2,778;0;0;0;0;0;0;0;0;0;0;8,333;0;0;0;0;0;0;0;0;0;2,778;0;0;0;0;0;0;0;5,556;0;0;0;16,667;38,889;0
1992660;RUNTRANS9A_07,jpg;0;0;0;0;0;0;0;0;0;2,778;0;0;0;0;0;0;0;0;0;0;2,778;0;0;0;0;0;0;0;0;0;0;0;0;0;0;0;0;0;0;0;0;0;0;0;0;0;0;0;5,556;0;0;5,556;0;0;5,556;11,111;0;0;0;25;0;0;0;5,556;36,111;0
1992661;RUNTRANS9A_08,jpg;0;0;2,778;0;0;0;0;0;0;5,556;0;0;0;0;0;0;0;0;0;0;0;0;0;0;0;0;0;0;0;0;0;0;0;0;0;0;0;0;5,556;0;0;16,667;0;0;0;0;0;0;0;0;0;2,778;0;0;0;25;0;0;5,556;2,778;0;0;0;5,556;27,778;0
1992662;RUNTRANS9A_09,jpg;0;0;0;0;0;0;0;5,556;0;8,333;0;0;0;0;0;0;0;0;0;0;2,778;0;0;0;0;5,556;0;0;0;0;2,778;0;0;0;0;0;0;0;0;0;0;8,333;0;0;0;0;0;5,556;2,778;0;0;2,778;0;0;0;0;0;0;2,778;0;0;0;0;2,778;50;0
1992663;RUNTRANS9A_10,jpg;0;0;0;0;0;0;0;8,333;0;0;0;0;0;0;0;0;0;11,111;0;0;0;0;0;0;0;0;0;0;0;0;2,778;0;0;0;0;0;0;0;0;0;0;0;0;0;0;0;0;0;0;2,778;0;5,556;0;0;0;11,111;0;0;11,111;8,333;0;0;0;2,778;36,111;0
1992664;RUNTRANS9A_11,jpg;0;0;0;0;0;0;0;0;0;0;0;0;0;0;0;0;0;13,889;0;0;0;0;0;0;0;0;0;0;0;0;2,778;0;0;0;0;11,111;0;0;0;0;0;0;0;0;0;0;0;0;0;11,111;0;0;0;0;5,556;22,222;0;0;0;0;0;0;0;0;33,333;0
1992665;RUNTRANS9A_12,jpg;0;0;22,222;0;0;0;0;0;0;0;0;0;0;0;0;0;0;0;0;0;2,778;0;0;0;0;0;0;0;0;0;0;0;0;0;0;2,778;0;0;0;0;0;2,778;0;0;0;0;0;0;0;0;0;5,556;0;0;0;5,556;0;0;0;8,333;0;0;0;8,333;41,667;0
1992666;RUNTRANS9A_13,jpg;0;0;0;0;0;0;0;0;0;0;0;0;5,556;0;0;0;0;0;0;0;2,778;0;0;0;0;0;0;0;0;0;2,778;0;0;0;0;16,667;0;0;0;0;0;16,667;0;0;0;0;0;0;0;0;0;2,778;0;0;2,778;25;0;0;0;5,556;0;0;0;8,333;11,111;0
1992667;RUNTRANS9A_14,jpg;0;0;19,444;0;0;0;0;0;0;0;0;0;0;0;0;0;0;0;0;0;0;0;0;0;0;0;0;0;0;0;0;0;0;0;0;0;5,556;0;0;0;0;0;0;0;0;0;0;13,889;2,778;0;0;5,556;0;0;2,778;5,556;0;0;0;27,778;0;0;0;11,111;5,556;0
1992668;RUNTRANS9A_15,jpg;0;0;0;0;0;0;0;0;0;0;0;0;0;0;0;0;0;0;0;0;0;0;0;0;0;0;0;0;2,778;0;11,111;0;0;0;0;0;0;0;0;0;0;11,111;0;0;0;0;0;0;0;2,778;0;2,778;0;0;0;44,444;0;0;0;0;0;0;0;5,556;19,444;0
1992669;RUNTRANS9A_16,jpg;0;0;0;0;0;0;0;0;0;0;0;0;0;0;0;0;2,778;0;0;0;2,778;0;0;0;0;0;5,556;0;0;0;2,778;0;0;0;0;0;0;0;0;0;0;5,556;0;0;0;0;0;0;0;0;0;2,778;0;0;0;33,333;0;0;0;2,778;0;0;0;19,444;22,222;0
1992670;RUNTRANS9A_17,jpg;0;0;5,556;0;0;0;0;0;0;0;0;0;0;0;0;0;0;0;0;0;0;0;0;0;0;0;0;0;0;0;2,778;0;0;0;0;0;0;0;0;0;0;0;0;0;0;0;0;0;2,778;2,778;0;2,778;0;0;2,778;16,667;0;0;5,556;8,333;0;0;0;2,778;47,222;0
1992671;RUNTRANS9A_18,jpg;0;0;0;0;0;0;0;0;0;0;0;0;0;0;0;0;0;0;0;0;0;0;0;0;0;0;0;0;0;0;2,778;0;0;0;0;0;0;0;0;0;0;0;0;0;0;0;0;0;0;0;0;2,778;0;0;0;50;0;0;0;0;0;0;0;8,333;36,111;0
1992672;RUNTRANS9A_19,jpg;0;0;0;0;0;0;0;0;2,778;0;0;0;0;2,778;0;0;0;0;0;0;0;0;0;0;0;0;0;0;0;0;0;0;0;0;0;0;0;0;0;0;0;0;0;0;0;0;0;0;0;0;0;0;0;0;13,889;36,111;0;0;0;8,333;0;0;0;5,556;30,556;0
1992673;RUNTRANS9A_20,jpg;0;0;0;0;0;0;0;0;0;0;0;0;0;0;0;0;0;0;0;0;0;0;0;0;0;0;0;0;0;0;2,778;0;0;0;0;0;0;0;0;0;0;0;0;0;0;0;0;0;13,889;0;0;0;0;0;0;11,111;0;0;0;5,556;0;0;0;5,556;61,111;0
1992674;RUNTRANS9B_01,jpg;0;0;0;0;0;0;0;2,778;0;0;0;0;0;2,778;0;0;0;0;0;0;0;0;0;0;0;0;0;0;0;0;0;0;0;0;0;0;0;0;0;0;0;0;0;0;0;0;0;0;25;0;0;0;0;0;2,778;22,222;0;0;0;0;0;0;0;2,778;41,667;0
1992675;RUNTRANS9B_02,jpg;0;0;0;0;0;0;0;5,556;0;0;0;0;0;0;0;0;0;0;0;0;0;0;0;0;0;0;0;0;0;0;0;0;0;0;0;0;0;0;0;0;0;0;0;0;0;0;0;0;5,556;0;0;0;0;0;2,778;36,111;0;0;2,778;5,556;0;0;0;5,556;36,111;0
1992676;RUNTRANS9B_03,jpg;0;0;11,111;0;0;0;0;0;0;0;0;0;0;0;0;0;0;0;0;0;0;0;0;0;0;0;0;0;0;0;2,778;0;0;0;0;5,556;0;0;0;0;0;2,778;0;0;0;0;0;16,667;0;0;0;0;0;0;2,778;19,444;0;0;2,778;5,556;0;0;0;8,333;22,222;0
1992677;RUNTRANS9B_04,jpg;0;0;2,778;0;0;0;0;0;0;2,778;0;0;0;0;0;0;0;0;0;0;0;0;0;0;0;0;0;0;0;0;5,556;0;0;0;0;0;0;0;0;0;0;0;0;0;0;0;0;0;0;2,778;0;0;0;0;2,778;22,222;0;0;2,778;5,556;0;0;0;25;27,778;0
1992678;RUNTRANS9B_05,jpg;0;0;0;0;0;0;0;0;0;0;0;0;0;0;0;0;0;0;0;0;0;0;0;0;0;0;0;0;0;0;0;0;0;0;0;0;0;0;0;0;0;0;0;0;0;0;0;0;2,778;0;0;0;0;0;2,778;27,778;0;0;2,778;0;0;0;0;61,111;2,778;0
1992679;RUNTRANS9B_06,jpg;0;0;2,778;8,333;0;0;0;0;0;2,778;0;0;0;0;0;0;0;0;0;0;0;0;0;0;0;0;0;0;0;0;0;0;0;0;0;0;0;0;0;0;0;0;0;0;0;0;0;0;0;0;0;0;0;0;2,778;36,111;0;0;5,556;0;0;0;0;22,222;19,444;0
1992680;RUNTRANS9B_07,jpg;0;0;25;0;0;0;0;0;0;0;0;0;0;0;0;0;0;0;0;0;0;0;0;0;0;0;0;0;0;0;0;0;0;0;0;0;0;0;0;0;0;0;0;0;0;0;0;0;0;0;0;0;0;0;0;8,333;0;0;5,556;0;0;0;0;16,667;44,444;0
1992681;RUNTRANS9B_08,jpg;0;0;38,889;0;0;0;0;0;0;0;0;0;0;0;0;0;0;0;0;0;0;0;0;0;0;0;0;0;0;0;2,778;0;0;0;0;0;0;0;0;0;0;2,778;0;0;0;0;0;0;0;0;0;0;0;0;8,333;2,778;0;0;0;5,556;0;0;0;5,556;33,333;0
1992682;RUNTRANS9B_09,jpg;0;0;94,444;0;0;0;0;0;0;0;0;0;0;0;0;0;0;0;0;0;0;0;0;0;0;0;0;0;0;0;0;0;0;0;0;0;0;0;0;0;0;0;0;0;0;0;0;0;0;0;0;0;0;0;0;0;0;0;0;0;0;0;0;0;5,556;0
1992683;RUNTRANS9B_10,jpg;0;0;94,444;0;0;0;0;0;0;0;0;0;0;0;0;0;0;0;0;0;0;0;0;0;0;0;0;0;0;0;0;0;0;0;0;0;0;0;0;0;0;0;0;0;0;0;0;0;0;0;0;0;0;0;5,556;0;0;0;0;0;0;0;0;0;0;0
1992684;RUNTRANS9B_11,jpg;0;0;61,111;0;0;0;0;0;0;0;0;0;0;0;0;0;0;0;0;0;0;0;0;0;0;0;0;0;0;0;0;0;0;0;0;0;0;0;0;0;0;0;0;0;0;0;0;0;0;0;0;0;0;0;2,778;2,778;27,778;0;0;0;0;0;0;0;5,556;0
1992685;RUNTRANS9B_12,jpg;0;0;83,333;0;5,556;0;0;0;0;0;0;0;0;0;0;0;0;0;0;0;0;0;0;0;0;0;0;0;0;0;0;0;0;0;0;0;0;0;0;0;0;0;0;0;0;0;0;0;0;0;0;0;0;0;5,556;2,778;0;0;0;0;0;0;0;0;2,778;0
1992686;RUNTRANS9B_13,jpg;0;0;55,556;0;0;0;0;0;0;0;0;0;0;0;0;0;0;0;0;0;0;0;0;0;0;0;0;0;0;0;0;0;0;0;0;0;0;0;0;0;0;0;0;0;0;0;0;0;0;0;0;0;0;0;16,667;16,667;0;0;0;2,778;0;0;0;2,778;5,556;0
1992687;RUNTRANS9B_14,jpg;0;0;5,556;0;19,444;0;0;0;0;0;0;0;0;0;0;0;0;0;0;0;0;0;0;0;0;0;0;0;0;0;16,667;0;0;0;0;0;0;0;0;0;0;0;0;0;0;0;0;0;0;0;0;0;0;0;5,556;38,889;0;0;0;0;0;0;0;2,778;11,111;0
1992688;RUNTRANS9B_15,jpg;0;0;2,778;0;0;0;0;0;0;0;0;0;0;0;0;0;0;0;0;0;0;0;0;0;0;0;0;0;0;0;0;0;0;0;0;0;0;0;0;0;0;0;0;0;0;0;0;0;0;0;0;0;0;0;0;30,556;0;0;0;8,333;0;0;0;5,556;52,778;0
1992689;RUNTRANS9B_16,jpg;0;0;13,889;0;2,778;0;0;0;0;8,333;0;0;0;0;0;0;0;0;0;0;0;0;0;0;0;0;0;0;0;0;0;0;0;0;0;0;0;0;0;0;0;0;0;0;0;0;0;0;0;0;0;0;0;0;0;36,111;0;0;13,889;8,333;0;0;0;13,889;2,778;0
1992690;RUNTRANS9B_17,jpg;0;0;13,889;0;0;0;0;0;0;2,778;0;0;0;0;0;0;0;0;0;0;0;0;0;0;0;0;0;0;0;0;2,778;0;0;0;0;0;0;0;0;0;0;0;0;0;0;0;0;0;0;0;0;0;0;0;2,778;50;0;0;0;0;0;0;0;5,556;22,222;0
1992691;RUNTRANS9B_18,jpg;0;0;19,444;0;0;0;0;0;0;0;0;0;0;0;0;0;0;0;0;0;0;0;0;0;0;0;0;0;0;0;8,333;0;0;0;0;0;0;0;0;0;0;0;0;0;0;0;0;0;0;0;0;0;0;0;2,778;8,333;5,556;0;0;2,778;0;0;0;27,778;25;0
1992692;RUNTRANS9C_01,jpg;0;0;11,111;0;0;0;0;0;0;0;0;0;0;0;0;0;0;0;0;0;0;0;0;0;0;0;0;0;0;0;0;0;0;0;0;0;0;0;0;0;0;0;0;0;0;0;0;0;0;0;0;0;0;0;5,556;19,444;0;0;0;11,111;0;0;0;8,333;44,444;0
1992693;RUNTRANS9C_02,jpg;0;0;11,111;0;0;0;0;0;0;0;0;0;0;0;0;0;0;0;0;0;0;0;0;0;0;0;0;0;0;0;2,778;0;2,778;0;0;0;0;0;0;0;0;0;0;0;0;0;0;0;0;0;0;0;0;0;2,778;27,778;0;0;0;0;0;0;0;16,667;36,111;0
1992694;RUNTRANS9C_03,jpg;0;0;52,778;0;0;0;0;0;0;0;0;0;0;0;0;0;0;0;0;0;0;0;0;0;0;0;0;0;0;0;0;0;0;0;0;5,556;0;0;0;0;0;0;0;0;0;0;0;0;0;0;0;0;0;0;5,556;2,778;2,778;0;2,778;2,778;0;0;0;11,111;13,889;0
1992695;RUNTRANS9C_04,jpg;0;0;86,111;0;0;0;0;0;0;0;0;0;0;0;0;0;0;0;0;0;0;0;0;0;0;0;0;0;0;0;0;0;0;0;0;0;0;0;0;0;0;0;0;0;0;0;0;0;0;0;0;0;0;0;2,778;2,778;0;0;0;0;0;0;0;0;8,333;0
1992696;RUNTRANS9C_05,jpg;0;0;8,333;0;0;0;0;0;0;0;0;0;0;0;0;0;0;0;0;0;0;0;0;0;0;0;0;0;0;0;0;0;0;0;0;0;0;0;0;0;0;5,556;0;0;0;0;0;0;0;0;0;0;0;0;8,333;33,333;0;0;16,667;2,778;0;0;0;8,333;16,667;0
1992697;RUNTRANS9C_06,jpg;0;0;0;0;0;0;0;0;0;0;0;0;0;0;0;0;0;0;0;8,333;0;0;0;0;0;0;0;0;0;0;8,333;0;0;0;0;2,778;0;0;0;0;0;0;0;0;0;0;0;0;0;0;0;0;0;0;0;16,667;0;0;2,778;19,444;0;0;0;8,333;33,333;0
1992698;RUNTRANS9C_07,jpg;0;0;0;0;0;0;0;0;0;0;0;0;0;0;0;0;0;0;0;0;5,556;0;0;0;0;0;0;0;0;0;2,778;0;0;0;0;0;0;0;0;0;0;27,778;0;0;0;0;0;0;0;0;0;2,778;0;0;0;8,333;0;0;0;2,778;0;0;0;13,889;36,111;0
1992699;RUNTRANS9C_08,jpg;0;0;0;0;0;0;0;0;0;0;0;0;0;0;0;0;0;0;0;0;0;0;0;0;0;0;0;0;0;0;0;0;0;0;0;0;0;0;0;0;0;0;0;0;0;0;0;0;13,889;0;0;0;0;0;0;27,778;0;0;0;8,333;0;0;0;5,556;44,444;0
1992700;RUNTRANS9C_09,jpg;0;0;0;0;0;0;0;0;0;0;0;0;0;0;0;0;0;0;0;0;0;0;0;0;0;0;0;0;0;0;5,556;0;0;0;0;0;0;0;0;0;0;2,778;0;0;0;0;0;0;13,889;0;0;0;0;0;2,778;13,889;0;0;2,778;13,889;0;0;0;13,889;30,556;0
1992701;RUNTRANS9C_10,jpg;0;0;0;0;0;0;0;0;0;0;0;0;0;0;0;0;0;0;0;0;0;0;0;0;0;0;0;0;0;0;5,556;0;0;0;0;0;0;0;0;0;0;0;0;0;0;0;0;0;11,111;0;0;0;0;0;0;47,222;0;0;0;5,556;0;0;0;0;30,556;0
1992702;RUNTRANS9C_11,jpg;0;0;0;0;0;0;0;0;0;0;0;0;0;0;0;0;0;0;0;0;0;0;0;0;0;0;0;0;0;0;0;0;0;0;0;0;0;0;0;0;0;0;0;0;0;0;0;0;0;0;0;0;0;0;2,778;16,667;0;0;0;8,333;0;0;0;2,778;69,444;0
1992703;RUNTRANS9C_12,jpg;0;0;0;0;0;0;0;0;0;0;0;0;0;0;0;0;0;0;0;0;0;0;0;0;0;0;0;0;0;0;2,778;0;0;0;0;0;0;0;0;0;0;8,333;0;0;0;0;0;0;13,889;0;0;2,778;0;0;0;13,889;0;0;0;2,778;0;0;0;8,333;47,222;0
1992704;RUNTRANS9C_13,jpg;0;0;0;0;0;0;0;0;0;5,556;0;0;0;2,778;0;0;0;0;0;0;0;0;0;0;0;0;2,778;0;0;0;13,889;0;0;0;0;0;0;0;0;0;0;5,556;0;0;0;0;0;0;0;0;0;0;0;0;5,556;19,444;0;0;0;11,111;0;0;0;5,556;27,778;0
1992705;RUNTRANS9C_14,jpg;0;0;33,333;0;0;0;0;0;0;0;0;0;0;0;0;0;0;0;0;0;0;0;0;0;0;0;0;0;0;0;16,667;0;0;0;0;0;0;0;0;0;0;0;0;0;0;0;0;0;0;0;0;5,556;0;0;2,778;0;0;0;0;5,556;0;0;0;2,778;33,333;0
1992706;RUNTRANS9C_15,jpg;0;0;8,333;0;0;0;0;0;0;2,778;0;0;0;0;0;0;0;0;0;0;0;0;0;0;0;0;0;0;0;0;0;0;0;0;0;0;0;0;0;0;0;0;0;0;0;0;0;0;2,778;0;0;0;0;0;2,778;8,333;0;0;0;5,556;0;0;0;5,556;63,889;0
1992707;RUNTRANS9C_16,jpg;0;0;0;0;0;0;0;0;0;0;0;0;0;2,778;0;0;0;0;0;0;0;0;0;0;0;0;0;0;0;0;27,778;0;0;0;0;0;0;0;0;0;0;0;0;0;0;0;0;0;0;0;0;0;0;0;2,778;8,333;0;0;8,333;11,111;0;0;0;11,111;27,778;0
1992708;RUNTRANS9C_17,jpg;0;0;0;0;0;0;0;0;0;0;0;0;0;0;0;0;0;0;0;0;0;0;0;0;0;0;0;0;0;0;16,667;0;0;0;0;0;0;0;0;0;0;0;0;0;0;0;0;0;0;0;0;0;0;0;5,556;22,222;0;0;0;2,778;0;0;0;8,333;44,444;0
1992709;RUNTRANS9C_18,jpg;0;0;0;0;0;0;0;5,556;0;5,556;0;0;0;0;0;0;2,778;0;0;0;0;0;0;0;0;0;0;0;0;0;0;0;0;0;0;0;0;0;0;0;0;0;0;0;0;0;0;0;0;0;0;0;0;0;2,778;5,556;0;0;0;8,333;0;0;0;11,111;58,333;0
1992710;RUNTRANS9C_19,jpg;0;0;0;0;0;0;0;0;0;0;0;0;0;0;0;0;0;0;0;0;0;0;0;0;0;0;0;0;0;0;0;0;0;0;0;0;0;0;0;0;0;44,444;0;0;0;0;0;0;0;0;0;0;0;0;0;5,556;0;0;0;0;0;0;0;0;50;0
1992711;RUNTRANS9C_20,jpg;0;0;0;0;0;0;0;0;0;0;0;0;0;0;0;0;0;0;0;0;0;0;0;0;0;0;0;0;0;0;0;0;0;0;0;0;0;0;0;0;0;8,333;0;0;0;0;0;0;2,778;0;0;0;0;0;0;25;0;0;5,556;0;0;0;0;36,111;22,222;0
