"","RUNA1","RUNA2","RUNA3","RUNA4","RUNA5","RUNA6","RUNA7","RUNA8","RUNA9"
"2021-01-04",27.1808471428571,27.1194757142857,26.73934,27.11434,27.1194757142857,27.11434,26.5843242857143,26.4320857142857,26.0049671428571
"2021-01-05",27.1815714285714,27.1158957142857,26.8066957142857,27.1259757142857,27.1158957142857,27.1259757142857,26.6967371428571,26.5072928571429,26.2127014285714
"2021-01-06",27.1886014285714,27.1329957142857,26.8532476190476,27.1702185714286,27.1329957142857,27.1702185714286,26.8036557142857,26.5201942857143,26.30382
"2021-01-07",27.2187071428571,27.1493828571429,26.93139,27.23353,27.1493828571429,27.23353,26.9289242857143,26.6432814285714,26.4145142857143
"2021-01-08",27.2094285714286,27.1384085714286,26.9320673809524,27.1764614285714,27.1384085714286,27.1764614285714,26.8984328571429,26.65866,26.5110128571429
"2021-01-09",27.2388528571429,27.1581471428571,26.920350952381,27.1537942857143,27.1581471428571,27.1537942857143,26.8965942857143,26.6318742857143,26.4428428571429
"2021-01-10",27.2931057142857,27.2195785714286,26.9573245238095,27.1926514285714,27.2195785714286,27.1926514285714,26.9309714285714,26.6825485714286,26.4250914285714
"2021-01-11",27.36405,27.2883371428571,27.0215019047619,27.2450671428571,27.2883371428571,27.2450671428571,26.9864514285714,26.75677,26.4883357142857
"2021-01-12",27.4364571428571,27.3796585714286,27.1071995238095,27.3117928571429,27.3796585714286,27.3117928571429,27.0472414285714,26.85457,26.6134771428571
"2021-01-13",27.5355328571429,27.4721442857143,27.2020773809524,27.3625171428571,27.4721442857143,27.3625171428571,27.11203,26.9948828571429,26.7353571428571
"2021-01-14",27.6369657142857,27.5747328571429,27.3194516666667,27.4456614285714,27.5747328571429,27.4456614285714,27.2356457142857,27.1541271428571,26.8695771428571
"2021-01-15",27.7872757142857,27.74523,27.5186547619048,27.6431728571429,27.74523,27.6431728571429,27.5112885714286,27.3762585714286,27.0487028571429
"2021-01-16",27.9339842857143,27.9087271428571,27.7196238095238,27.8181928571429,27.9087271428571,27.8181928571429,27.7017985714286,27.6188614285714,27.3361785714286
"2021-01-17",28.0651357142857,28.0432457142857,27.886609047619,27.9465428571429,28.0432457142857,27.9465428571429,27.8786285714286,27.8062171428571,27.5798842857143
"2021-01-18",28.1963228571429,28.1831971428571,28.0378771428571,28.0705142857143,28.1831971428571,28.0705142857143,28.0346328571429,27.9640157142857,27.77858
"2021-01-19",28.38024,28.3121957142857,28.1966230952381,28.2046757142857,28.3121957142857,28.2046757142857,28.1982628571429,28.1347771428571,27.9495871428571
"2021-01-20",28.56165,28.47851,28.3782845238095,28.3805485714286,28.47851,28.3805485714286,28.3887157142857,28.3414542857143,28.1188285714286
"2021-01-21",28.7361171428571,28.66978,28.5639733333333,28.5716342857143,28.66978,28.5716342857143,28.55983,28.5422157142857,28.3042628571429
"2021-01-22",28.8840985714286,28.81213,28.7166645238095,28.71358,28.81213,28.71358,28.7112557142857,28.6819428571429,28.49698
"2021-01-23",29.0036057142857,28.9361485714286,28.8596969047619,28.8443385714286,28.9361485714286,28.8443385714286,28.8808971428571,28.8154985714286,28.6776928571429
"2021-01-24",29.1077657142857,29.0429128571429,28.9679876190476,28.9701971428571,29.0429128571429,28.9701971428571,28.9742514285714,28.9194642857143,28.7933342857143
"2021-01-25",29.1894857142857,29.14626,29.0636833333333,29.0859,29.14626,29.0859,29.0596328571429,29.0081371428571,28.8926842857143
"2021-01-26",29.2319257142857,29.2357914285714,29.1368145238095,29.1705171428571,29.2357914285714,29.1705171428571,29.1403342857143,29.0817428571429,28.9605757142857
"2021-01-27",29.24178,29.2722371428571,29.1688552380952,29.2124314285714,29.2722371428571,29.2124314285714,29.1813928571429,29.1042257142857,29.0010642857143
"2021-01-28",29.25175,29.2776314285714,29.1863511904762,29.2237357142857,29.2776314285714,29.2237357142857,29.2254685714286,29.1251471428571,29.0143742857143
"2021-01-29",29.2746171428571,29.3010142857143,29.1949057142857,29.2663628571429,29.3010142857143,29.2663628571429,29.2354214285714,29.1373057142857,28.9547128571429
"2021-01-30",29.2929142857143,29.3144585714286,29.2082314285714,29.3103728571429,29.3144585714286,29.3103728571429,29.2139514285714,29.1548185714286,28.9628728571429
"2021-01-31",29.3009428571429,29.3097471428571,29.2216528571429,29.3255842857143,29.3097471428571,29.3255842857143,29.2358357142857,29.16915,28.9886571428571
"2021-02-01",29.2799342857143,29.2741314285714,29.1966535714286,29.3045585714286,29.2741314285714,29.3045585714286,29.1996328571429,29.1632771428571,28.9583871428571
"2021-02-02",29.2213757142857,29.21453,29.1551254761905,29.2627428571429,29.21453,29.2627428571429,29.1389971428571,29.1315671428571,28.96154
"2021-02-03",29.1632057142857,29.1546228571429,29.107399047619,29.2054857142857,29.1546228571429,29.2054857142857,29.0756642857143,29.0838814285714,28.9615342857143
"2021-02-04",29.0856128571429,29.0893114285714,29.0552,29.1398671428571,29.0893114285714,29.1398671428571,29.00344,29.0395114285714,28.9734571428571
"2021-02-05",28.9945414285714,29.0109385714286,29.0215530952381,29.0697428571429,29.0109385714286,29.0697428571429,28.9587914285714,29.0384857142857,29.0568185714286
"2021-02-06",28.9059671428571,28.9286828571429,28.974755,28.9926585714286,28.9286828571429,28.9926585714286,28.9602957142857,29.01561,29.0453157142857
"2021-02-07",28.8476271428571,28.8707128571429,28.9224257142857,28.9242171428571,28.8707128571429,28.9242171428571,28.9133928571429,28.9834471428571,28.9951571428571
"2021-02-08",28.81422,28.8390885714286,28.8981626190476,28.8887885714286,28.8390885714286,28.8887885714286,28.9068657142857,28.9611357142857,28.9788771428571
"2021-02-09",28.7922871428571,28.8212014285714,28.8697442857143,28.8556414285714,28.8212014285714,28.8556414285714,28.9031671428571,28.9399571428571,28.9062114285714
"2021-02-10",28.7597557142857,28.7904642857143,28.8345557142857,28.8244571428571,28.7904642857143,28.8244571428571,28.88793,28.9077414285714,28.8369857142857
"2021-02-11",28.71742,28.7461071428571,28.788899047619,28.7792242857143,28.7461071428571,28.7792242857143,28.8567685714286,28.8780985714286,28.7557757142857
"2021-02-12",28.6824585714286,28.7084371428571,28.7507302380952,28.7387157142857,28.7084371428571,28.7387157142857,28.8231542857143,28.8419514285714,28.7096642857143
"2021-02-13",28.6359857142857,28.6691442857143,28.712395952381,28.6964957142857,28.6691442857143,28.6964957142857,28.7844157142857,28.8084557142857,28.6798785714286
"2021-02-14",28.5779971428571,28.6144857142857,28.6693847619048,28.6461214285714,28.6144857142857,28.6461214285714,28.7433971428571,28.7725157142857,28.6617914285714
"2021-02-15",28.5286714285714,28.5602814285714,28.627659047619,28.5914557142857,28.5602814285714,28.5914557142857,28.6944514285714,28.7403214285714,28.6507728571429
"2021-02-16",28.4999271428571,28.5304028571429,28.6071933333333,28.5665628571429,28.5304028571429,28.5665628571429,28.6568928571429,28.7136557142857,28.6757185714286
"2021-02-17",28.4999071428571,28.5401942857143,28.6166766666667,28.58091,28.5401942857143,28.58091,28.6563814285714,28.7139657142857,28.7087014285714
"2021-02-18",28.5189628571429,28.5609157142857,28.6382228571429,28.6060185714286,28.5609157142857,28.6060185714286,28.6827142857143,28.7293742857143,28.7313514285714
"2021-02-19",28.5415242857143,28.5797257142857,28.6561652380952,28.6275157142857,28.5797257142857,28.6275157142857,28.7075685714286,28.74797,28.7326871428571
"2021-02-20",28.58044,28.6154728571429,28.6790869047619,28.6541771428571,28.6154728571429,28.6541771428571,28.7293585714286,28.7671471428571,28.7279257142857
"2021-02-21",28.6222042857143,28.6581728571429,28.7047088095238,28.6885,28.6581728571429,28.6885,28.7565214285714,28.7897585714286,28.7130957142857
"2021-02-22",28.64998,28.6860585714286,28.72452,28.7099685714286,28.6860585714286,28.7099685714286,28.78076,28.80871,28.7116428571429
"2021-02-23",28.6609,28.6875442857143,28.7286945238095,28.70646,28.6875442857143,28.70646,28.7892371428571,28.81609,28.7119357142857
"2021-02-24",28.6637171428571,28.6614814285714,28.7139123809524,28.6738557142857,28.6614814285714,28.6738557142857,28.7724171428571,28.8042828571429,28.70772
"2021-02-25",28.6556828571429,28.6306828571429,28.694739047619,28.6438942857143,28.6306828571429,28.6438942857143,28.7537571428571,28.7783057142857,28.7061114285714
"2021-02-26",28.6354385714286,28.6016871428571,28.667954047619,28.6119642857143,28.6016871428571,28.6119642857143,28.7315742857143,28.7477157142857,28.6793442857143
"2021-02-27",28.6161271428571,28.5727885714286,28.6338971428571,28.5818928571429,28.5727885714286,28.5818928571429,28.6985685714286,28.7011014285714,28.6329042857143
"2021-02-28",28.5994,28.5547671428571,28.6042133333333,28.5612528571429,28.5547671428571,28.5612528571429,28.6687285714286,28.6471571428571,28.5939742857143
"2021-03-01",28.58349,28.5467342857143,28.5847638095238,28.5622371428571,28.5467342857143,28.5622371428571,28.6566928571429,28.6049485714286,28.55448
"2021-03-02",28.5689642857143,28.5429042857143,28.5766128571429,28.5724585714286,28.5429042857143,28.5724585714286,28.65973,28.5835528571429,28.5320671428571
"2021-03-03",28.5453957142857,28.5419485714286,28.5690347619048,28.5799314285714,28.5419485714286,28.5799314285714,28.66417,28.5706742857143,28.5120885714286
"2021-03-04",28.52259,28.5400642857143,28.5535042857143,28.5736928571429,28.5400642857143,28.5736928571429,28.6426442857143,28.5510357142857,28.4909985714286
"2021-03-05",28.52211,28.5428614285714,28.5490428571429,28.5781242857143,28.5428614285714,28.5781242857143,28.6242071428571,28.54363,28.4833242857143
"2021-03-06",28.5135971428571,28.5371028571429,28.5490469047619,28.5656342857143,28.5371028571429,28.5656342857143,28.61498,28.5518914285714,28.5110757142857
"2021-03-07",28.50721,28.5338571428571,28.5514252380952,28.56244,28.5338571428571,28.56244,28.60957,28.5536728571429,28.5418014285714
"2021-03-08",28.4927814285714,28.5233585714286,28.5296707142857,28.54332,28.5233585714286,28.54332,28.5762471428571,28.5180657142857,28.5242514285714
"2021-03-09",28.4703857142857,28.4987385714286,28.4862657142857,28.5015757142857,28.4987385714286,28.5015757142857,28.5234685714286,28.4729057142857,28.45052
"2021-03-10",28.4666571428571,28.4766857142857,28.4354080952381,28.4659785714286,28.4766857142857,28.4659785714286,28.4650185714286,28.4024285714286,28.33568
"2021-03-11",28.4904871428571,28.4787585714286,28.4016966666667,28.4484014285714,28.4787585714286,28.4484014285714,28.42691,28.3433657142857,28.2222571428571
"2021-03-12",28.5032785714286,28.4793542857143,28.3695473809524,28.4381785714286,28.4793542857143,28.4381785714286,28.39492,28.2920014285714,28.1095514285714
"2021-03-13",28.5176785714286,28.4720028571429,28.3408697619048,28.4318128571429,28.4720028571429,28.4318128571429,28.3810485714286,28.25497,27.9877057142857
"2021-03-14",28.5222442857143,28.4499671428571,28.3074666666667,28.4058885714286,28.4499671428571,28.4058885714286,28.3621728571429,28.2338528571429,27.8706742857143
"2021-03-15",28.5543471428571,28.4371714285714,28.2914078571429,28.4019771428571,28.4371714285714,28.4019771428571,28.3515442857143,28.2402057142857,27.7632014285714
"2021-03-16",28.5866114285714,28.4342,28.2830664285714,28.4047228571429,28.4342,28.4047228571429,28.3416585714286,28.2381285714286,27.6930771428571
"2021-03-17",28.6261642857143,28.4693571428571,28.2899347619048,28.4334628571429,28.4693571428571,28.4334628571429,28.3429985714286,28.2461328571429,27.6214928571429
"2021-03-18",28.6547928571429,28.5117571428571,28.3156671428571,28.5027885714286,28.5117571428571,28.5027885714286,28.3744357142857,28.2809785714286,27.56925
"2021-03-19",28.6920585714286,28.55421,28.3603271428571,28.5537557142857,28.55421,28.5537557142857,28.4342442857143,28.34071,27.5869842857143
"2021-03-20",28.7377571428571,28.62303,28.429335952381,28.6212271428571,28.62303,28.6212271428571,28.4949942857143,28.4245114285714,27.6744957142857
"2021-03-21",28.7902128571429,28.6975642857143,28.5113252380952,28.6969714285714,28.6975642857143,28.6969714285714,28.5759642857143,28.51533,27.7919085714286
"2021-03-22",28.8058671428571,28.7491671428571,28.5880647619048,28.7406828571429,28.7491671428571,28.7406828571429,28.6688557142857,28.6123185714286,27.9514971428571
"2021-03-23",28.8140371428571,28.7946628571429,28.6610014285714,28.7887114285714,28.7946628571429,28.7887114285714,28.76618,28.7060171428571,28.0964
"2021-03-24",28.7984885714286,28.7995014285714,28.7212866666667,28.8159957142857,28.7995014285714,28.8159957142857,28.8540285714286,28.7946514285714,28.2650542857143
"2021-03-25",28.7742528571429,28.783,28.7519076190476,28.8031728571429,28.783,28.8031728571429,28.9028371428571,28.8381142857143,28.4100685714286
"2021-03-26",28.7463,28.7631428571429,28.7583561904762,28.7933742857143,28.7631428571429,28.7933742857143,28.92005,28.8442742857143,28.4829957142857
"2021-03-27",28.7171614285714,28.7323257142857,28.7445507142857,28.78227,28.7323257142857,28.78227,28.92553,28.8211442857143,28.4888728571429
"2021-03-28",28.6835228571429,28.7018985714286,28.7198442857143,28.7683542857143,28.7018985714286,28.7683542857143,28.903,28.7887385714286,28.4735514285714
"2021-03-29",28.6723985714286,28.6806728571429,28.6790569047619,28.7310014285714,28.6806728571429,28.7310014285714,28.8436485714286,28.7213742857143,28.4252457142857
"2021-03-30",28.68999,28.69506,28.6184042857143,28.7097142857143,28.69506,28.7097142857143,28.7205128571429,28.5794428571429,28.3157057142857
"2021-03-31",28.71725,28.7115928571429,28.57737,28.71093,28.7115928571429,28.71093,28.6508742857143,28.4824942857143,28.1910785714286
"2021-04-01",28.7208071428571,28.7147871428571,28.576925,28.6993428571429,28.7147871428571,28.6993428571429,28.6068185714286,28.4881928571429,28.2316014285714
"2021-04-02",28.7048342857143,28.6929671428571,28.565545952381,28.6687657142857,28.6929671428571,28.6687657142857,28.5507171428571,28.4930457142857,28.2829457142857
"2021-04-03",28.68377,28.6707942857143,28.5349326190476,28.6209128571429,28.6707942857143,28.6209128571429,28.4824057142857,28.4511557142857,28.3005571428571
"2021-04-04",28.6695114285714,28.6509357142857,28.5018842857143,28.5798957142857,28.6509357142857,28.5798957142857,28.4189857142857,28.40122,28.2907571428571
"2021-04-05",28.6418242857143,28.6361942857143,28.4923254761905,28.58245,28.6361942857143,28.58245,28.4000457142857,28.39339,28.3000485714286
"2021-04-06",28.5850457142857,28.5814942857143,28.5094004761905,28.5612685714286,28.5814942857143,28.5612685714286,28.4449214285714,28.4831928571429,28.40048
"2021-04-07",28.5200157142857,28.51748,28.5012219047619,28.5030585714286,28.51748,28.5030585714286,28.4206228571429,28.5174528571429,28.5287014285714
"2021-04-08",28.4760271428571,28.46401,28.4502678571429,28.4566357142857,28.46401,28.4566357142857,28.3771085714286,28.4474614285714,28.4803642857143
"2021-04-09",28.4361142857143,28.4289528571429,28.4081,28.4230771428571,28.4289528571429,28.4230771428571,28.3508971428571,28.39002,28.4195385714286
"2021-04-10",28.3965471428571,28.38758,28.3769419047619,28.3962514285714,28.38758,28.3962514285714,28.33001,28.3660857142857,28.3851771428571
"2021-04-11",28.3493585714286,28.3369971428571,28.3438933333333,28.3587057142857,28.3369971428571,28.3587057142857,28.3129042857143,28.34621,28.3591842857143
"2021-04-12",28.2926785714286,28.2752028571429,28.299395,28.3034842857143,28.2752028571429,28.3034842857143,28.2752614285714,28.3133714285714,28.3363714285714
"2021-04-13",28.2388842857143,28.2172328571429,28.248135,28.2516757142857,28.2172328571429,28.2516757142857,28.2323428571429,28.2580528571429,28.2906214285714
"2021-04-14",28.1831642857143,28.1540642857143,28.1985935714286,28.19006,28.1540642857143,28.19006,28.1986542857143,28.2207785714286,28.24484
"2021-04-15",28.1248814285714,28.0903357142857,28.1430869047619,28.1064885714286,28.0903357142857,28.1064885714286,28.1405614285714,28.1842728571429,28.2119814285714
"2021-04-16",28.08046,28.0444942857143,28.076824047619,28.0500728571429,28.0444942857143,28.0500728571429,28.0664028571429,28.0886771428571,28.1308371428571
"2021-04-17",28.0378485714286,28.0051042857143,28.0173483333333,28.00419,28.0051042857143,28.00419,28.0067814285714,28.0135271428571,28.0366385714286
"2021-04-18",27.9904557142857,27.9687571428571,27.9587742857143,27.9596685714286,27.9687571428571,27.9596685714286,27.9447485714286,27.9393271428571,27.9496885714286
"2021-04-19",27.9547171428571,27.9249385714286,27.8985257142857,27.9158457142857,27.9249385714286,27.9158457142857,27.8914328571429,27.8669657142857,27.8372542857143
"2021-04-20",27.92447,27.8895457142857,27.8360133333333,27.87736,27.8895457142857,27.87736,27.8365285714286,27.7909314285714,27.6972442857143
"2021-04-21",27.89544,27.8693257142857,27.7786530952381,27.8541114285714,27.8693257142857,27.8541114285714,27.7936428571429,27.7177628571429,27.5416357142857
"2021-04-22",27.8670371428571,27.8480242857143,27.7320654761905,27.8501828571429,27.8480242857143,27.8501828571429,27.7801128571429,27.6648914285714,27.3821442857143
"2021-04-23",27.8311014285714,27.8162457142857,27.7071185714286,27.8238742857143,27.8162457142857,27.8238742857143,27.7820314285714,27.6783071428571,27.3111514285714
"2021-04-24",27.7891571428571,27.77239,27.6846952380952,27.7880771428571,27.77239,27.7880771428571,27.7684342857143,27.68314,27.3069728571429
"2021-04-25",27.7509657142857,27.7302642857143,27.6641804761905,27.7510642857143,27.7302642857143,27.7510642857143,27.7505528571429,27.6839814285714,27.3182542857143
"2021-04-26",27.7111414285714,27.7027285714286,27.649309047619,27.7242085714286,27.7027285714286,27.7242085714286,27.7308828571429,27.6791985714286,27.3476942857143
"2021-04-27",27.6689257142857,27.66961,27.6364961904762,27.69474,27.66961,27.69474,27.7155614285714,27.6790385714286,27.3911014285714
"2021-04-28",27.6286971428571,27.6340114285714,27.6269214285714,27.6647828571429,27.6340114285714,27.6647828571429,27.6924042857143,27.68075,27.4608828571429
"2021-04-29",27.5942714285714,27.6044585714286,27.6223354761905,27.63221,27.6044585714286,27.63221,27.66426,27.6786614285714,27.5601514285714
"2021-04-30",27.56509,27.5756371428571,27.6109492857143,27.5999828571429,27.5756371428571,27.5999828571429,27.63297,27.6613985714286,27.6306171428571
"2021-05-01",27.5385428571429,27.5550942857143,27.5969504761905,27.5792614285714,27.5550942857143,27.5792614285714,27.6109914285714,27.63838,27.6594328571429
"2021-05-02",27.5133771428571,27.5346628571429,27.5877142857143,27.5644628571429,27.5346628571429,27.5644628571429,27.6034714285714,27.6282414285714,27.68207
"2021-05-03",27.4901828571429,27.5125542857143,27.5774061904762,27.5430628571429,27.5125542857143,27.5430628571429,27.5981742857143,27.63216,27.6883028571429
"2021-05-04",27.4624214285714,27.4828428571429,27.5596457142857,27.51674,27.4828428571429,27.51674,27.5895771428571,27.6324514285714,27.6738414285714
"2021-05-05",27.4293185714286,27.4324657142857,27.521329047619,27.4572571428571,27.4324657142857,27.4572571428571,27.5681285714286,27.6254057142857,27.6153985714286
"2021-05-06",27.4043671428571,27.3897371428571,27.4750861904762,27.4005985714286,27.3897371428571,27.4005985714286,27.5133028571429,27.6046928571429,27.5378185714286
"2021-05-07",27.3743128571429,27.3522528571429,27.423875,27.3566685714286,27.3522528571429,27.3566685714286,27.4493314285714,27.5610828571429,27.4496014285714
"2021-05-08",27.3477785714286,27.3204371428571,27.3696533333333,27.3149814285714,27.3204371428571,27.3149814285714,27.3897957142857,27.4971514285714,27.3477757142857
"2021-05-09",27.3254285714286,27.2931,27.3156183333333,27.2789442857143,27.2931,27.2789442857143,27.3292971428571,27.4269671428571,27.2399728571429
"2021-05-10",27.3065385714286,27.2735842857143,27.2682378571429,27.2531942857143,27.2735842857143,27.2531942857143,27.2741628571429,27.3535557142857,27.1483914285714
"2021-05-11",27.2990928571429,27.2704842857143,27.2365352380952,27.2427714285714,27.2704842857143,27.2427714285714,27.2351914285714,27.2878442857143,27.0838271428571
"2021-05-12",27.29888,27.2845185714286,27.2206373809524,27.2615385714286,27.2845185714286,27.2615385714286,27.2127885714286,27.2264242857143,27.0396742857143
"2021-05-13",27.2751514285714,27.2685271428571,27.1980835714286,27.26006,27.2685271428571,27.26006,27.2181528571429,27.1762557142857,26.9903542857143
"2021-05-14",27.2371185714286,27.2360757142857,27.1710885714286,27.23885,27.2360757142857,27.23885,27.2261771428571,27.1388585714286,26.9494514285714
"2021-05-15",27.1892242857143,27.1945528571429,27.1402904761905,27.1982742857143,27.1945528571429,27.1982742857143,27.2120457142857,27.1126957142857,26.93495
"2021-05-16",27.11916,27.11947,27.0856138095238,27.1170814285714,27.11947,27.1170814285714,27.1719085714286,27.0734671428571,26.9125957142857
"2021-05-17",27.0490085714286,27.01388,26.9942711904762,26.9912285714286,27.01388,26.9912285714286,27.0662242857143,26.9801085714286,26.8651771428571
"2021-05-18",26.9828357142857,26.9497742857143,26.8964995238095,26.8950257142857,26.9497742857143,26.8950257142857,26.9283914285714,26.8372314285714,26.7857385714286
"2021-05-19",26.8894114285714,26.8741271428571,26.7945104761905,26.8151614285714,26.8741271428571,26.8151614285714,26.7973114285714,26.7209385714286,26.6701128571429
"2021-05-20",26.7887042857143,26.7883528571429,26.6874119047619,26.7264085714286,26.7883528571429,26.7264085714286,26.66493,26.6052957142857,26.55078
"2021-05-21",26.69331,26.6984685714286,26.57349,26.6200942857143,26.6984685714286,26.6200942857143,26.5253171428571,26.4843728571429,26.4193771428571
"2021-05-22",26.6011285714286,26.5992157142857,26.4538147619048,26.5196085714286,26.5992157142857,26.5196085714286,26.3959414285714,26.35804,26.2489542857143
"2021-05-23",26.5227157142857,26.5141485714286,26.3521061904762,26.4359385714286,26.5141485714286,26.4359385714286,26.2866157142857,26.25335,26.0998685714286
"2021-05-24",26.4297685714286,26.4439957142857,26.2844516666667,26.3821442857143,26.4439957142857,26.3821442857143,26.2394557142857,26.2044242857143,26.0069214285714
"2021-05-25",26.3321871428571,26.3266285714286,26.2186338095238,26.2910914285714,26.3266285714286,26.2910914285714,26.21356,26.2012714285714,25.9470642857143
"2021-05-26",26.2694671428571,26.2355257142857,26.1625357142857,26.1910771428571,26.2355257142857,26.1910771428571,26.1796314285714,26.1698385714286,25.9296742857143
"2021-05-27",26.2222028571429,26.1734557142857,26.1216776190476,26.1248,26.1734557142857,26.1248,26.1493214285714,26.1358371428571,25.9244485714286
"2021-05-28",26.1869242857143,26.1200542857143,26.0917576190476,26.0826485714286,26.1200542857143,26.0826485714286,26.1225757142857,26.1088028571429,25.92954
"2021-05-29",26.1656242857143,26.0848414285714,26.0720266666667,26.04732,26.0848414285714,26.04732,26.0930042857143,26.0887242857143,25.9526457142857
"2021-05-30",26.1482285714286,26.0721128571429,26.0541573809524,26.0329728571429,26.0721128571429,26.0329728571429,26.0621342857143,26.0551571428571,25.9543385714286
"2021-05-31",26.1404328571429,26.0721271428571,26.0350547619048,26.0310757142857,26.0721271428571,26.0310757142857,26.03231,26.0139828571429,25.9204
"2021-06-01",26.1297414285714,26.0732757142857,26.0202307142857,26.0340828571429,26.0732757142857,26.0340828571429,26.0111028571429,25.98355,25.8896314285714
"2021-06-02",26.1004542857143,26.05581,26.0028523809524,26.03179,26.05581,26.03179,25.9946671428571,25.9642657142857,25.8701271428571
"2021-06-03",26.0655242857143,26.0253942857143,25.98138,26.0086571428571,26.0253942857143,26.0086571428571,25.9793585714286,25.9498328571429,25.8595128571429
"2021-06-04",26.0241071428571,25.9888657142857,25.9518028571429,25.9682657142857,25.9888657142857,25.9682657142857,25.9580042857143,25.9329885714286,25.8385857142857
"2021-06-05",25.98429,25.9600271428571,25.9138126190476,25.9317042857143,25.9600271428571,25.9317042857143,25.9178342857143,25.8950914285714,25.7939285714286
"2021-06-06",25.9654557142857,25.9306628571429,25.8776897619048,25.9067628571429,25.9306628571429,25.9067628571429,25.8766228571429,25.8496085714286,25.7370257142857
"2021-06-07",25.9475028571429,25.9093528571429,25.8457847619048,25.8781685714286,25.9093528571429,25.8781685714286,25.8495685714286,25.8093728571429,25.6807428571429
"2021-06-08",25.9149,25.87695,25.8044661904762,25.83198,25.87695,25.83198,25.8136371428571,25.7679142857143,25.6214157142857
"2021-06-09",25.8805614285714,25.8365985714286,25.7564971428571,25.7853742857143,25.8365985714286,25.7853742857143,25.7643928571429,25.7206714285714,25.5513842857143
"2021-06-10",25.8435157142857,25.7970242857143,25.7136430952381,25.74661,25.7970242857143,25.74661,25.7183442857143,25.6775857142857,25.4987785714286
"2021-06-11",25.7965571428571,25.7552157142857,25.6759257142857,25.7096128571429,25.7552157142857,25.7096128571429,25.6801185714286,25.6506271428571,25.4634228571429
"2021-06-12",25.7168385714286,25.6856128571429,25.6269002380952,25.6516157142857,25.6856128571429,25.6516157142857,25.6400014285714,25.6202771428571,25.4470557142857
"2021-06-13",25.61588,25.6009214285714,25.5603347619048,25.56704,25.6009214285714,25.56704,25.5891357142857,25.5771842857143,25.4118471428571
"2021-06-14",25.5280714285714,25.5145557142857,25.4857542857143,25.49169,25.5145557142857,25.49169,25.5126114285714,25.5140271428571,25.35357
"2021-06-15",25.4659142857143,25.4494971428571,25.429500952381,25.43908,25.4494971428571,25.43908,25.4510357142857,25.4667342857143,25.3047442857143
"2021-06-16",25.4159214285714,25.4010457142857,25.3852838095238,25.3894057142857,25.4010457142857,25.3894057142857,25.40086,25.4199542857143,25.2845157142857
"2021-06-17",25.3818114285714,25.3608128571429,25.3347030952381,25.3425142857143,25.3608128571429,25.3425142857143,25.33751,25.3566242857143,25.2289457142857
"2021-06-18",25.3591785714286,25.33507,25.2842538095238,25.31067,25.33507,25.31067,25.2729442857143,25.27479,25.15287
"2021-06-19",25.3641857142857,25.3247885714286,25.25462,25.2978228571429,25.3247885714286,25.2978228571429,25.2383128571429,25.2205257142857,25.0820842857143
"2021-06-20",25.3661757142857,25.3273371428571,25.2433257142857,25.2948714285714,25.3273371428571,25.2948714285714,25.2227771428571,25.1900985714286,25.0586942857143
"2021-06-21",25.3366,25.3112828571429,25.2288580952381,25.2768428571429,25.3112828571429,25.2768428571429,25.2138985714286,25.1785971428571,25.0559271428571
"2021-06-22",25.2714871428571,25.2614928571429,25.1896302380952,25.2400714285714,25.2614928571429,25.2400714285714,25.1820271428571,25.1415785714286,25.0411242857143
"2021-06-23",25.19227,25.1877842857143,25.1361773809524,25.1802928571429,25.1877842857143,25.1802928571429,25.1458042857143,25.1005614285714,25.0103514285714
"2021-06-24",25.1037557142857,25.1060042857143,25.0834095238095,25.1118171428571,25.1060042857143,25.1118171428571,25.1125471428571,25.0695271428571,24.9968057142857
"2021-06-25",25.0041185714286,25.0148842857143,25.0296997619048,25.0403385714286,25.0148842857143,25.0403385714286,25.0793757142857,25.0487371428571,24.9907442857143
"2021-06-26",24.8976028571429,24.9181842857143,24.9631652380952,24.95868,24.9181842857143,24.95868,25.03219,25.01422,24.9581142857143
"2021-06-27",24.8083957142857,24.8193114285714,24.8842973809524,24.8719057142857,24.8193114285714,24.8719057142857,24.9608714285714,24.9556057142857,24.8896942857143
"2021-06-28",24.7384171428571,24.7337614285714,24.8053404761905,24.7941428571429,24.7337614285714,24.7941428571429,24.8781385714286,24.8777585714286,24.8098242857143
"2021-06-29",24.6886642857143,24.6698757142857,24.7367442857143,24.7225357142857,24.6698757142857,24.7225357142857,24.8064914285714,24.8030757142857,24.7298228571429
"2021-06-30",24.6725171428571,24.6404114285714,24.6833185714286,24.6760785714286,24.6404114285714,24.6760785714286,24.7296771428571,24.7334571428571,24.64777
"2021-07-01",24.67265,24.6398542857143,24.6444561904762,24.66039,24.6398542857143,24.66039,24.6701071428571,24.66039,24.5633457142857
"2021-07-02",24.6825485714286,24.64871,24.6215064285714,24.65443,24.64871,24.65443,24.63878,24.6118842857143,24.4926857142857
"2021-07-03",24.6914514285714,24.6581828571429,24.6121645238095,24.6519785714286,24.6581828571429,24.6519785714286,24.6180757142857,24.5883671428571,24.4649314285714
"2021-07-04",24.6823157142857,24.6617914285714,24.6115038095238,24.6564371428571,24.6617914285714,24.6564371428571,24.6152714285714,24.5849228571429,24.4682842857143
"2021-07-05",24.6804957142857,24.6632828571429,24.6188416666667,24.6537457142857,24.6632828571429,24.6537457142857,24.6252628571429,24.6003357142857,24.4899271428571
"2021-07-06",24.6974814285714,24.6818457142857,24.6355321428571,24.667,24.6818457142857,24.667,24.6341314285714,24.6188542857143,24.51388
"2021-07-07",24.69668,24.6997242857143,24.6559085714286,24.6913014285714,24.6997242857143,24.6913014285714,24.6626642857143,24.6447171428571,24.5403642857143
"2021-07-08",24.6821414285714,24.6951114285714,24.6694178571429,24.6917614285714,24.6951114285714,24.6917614285714,24.6858271428571,24.6812,24.5804657142857
"2021-07-09",24.6672642857143,24.6808085714286,24.6707847619048,24.6926185714286,24.6808085714286,24.6926185714286,24.6925614285714,24.6884214285714,24.6030342857143
"2021-07-10",24.6486514285714,24.6650242857143,24.6643595238095,24.69864,24.6650242857143,24.69864,24.6905257142857,24.6824985714286,24.6008171428571
"2021-07-11",24.6254842857143,24.6430071428571,24.6490880952381,24.6824485714286,24.6430071428571,24.6824485714286,24.6808485714286,24.6736657142857,24.5890742857143
"2021-07-12",24.5916571428571,24.6171814285714,24.6299166666667,24.6636857142857,24.6171814285714,24.6636857142857,24.66533,24.6614371428571,24.5802085714286
"2021-07-13",24.5413228571429,24.5728514285714,24.5981702380952,24.6240828571429,24.5728514285714,24.6240828571429,24.6403628571429,24.6410857142857,24.5693157142857
"2021-07-14",24.4849985714286,24.51059,24.5497042857143,24.5641728571429,24.51059,24.5641728571429,24.5948457142857,24.6053557142857,24.5382628571429
"2021-07-15",24.4290657142857,24.4522585714286,24.497895952381,24.51436,24.4522585714286,24.51436,24.5472885714286,24.55703,24.4873728571429
"2021-07-16",24.3819471428571,24.4062642857143,24.4499314285714,24.4611471428571,24.4062642857143,24.4611471428571,24.49854,24.5108557142857,24.4408342857143
"2021-07-17",24.3398685714286,24.3667757142857,24.4020628571429,24.4035657142857,24.3667757142857,24.4035657142857,24.4498628571429,24.46189,24.3904142857143
"2021-07-18",24.3117157142857,24.3364428571429,24.362489047619,24.3642557142857,24.3364428571429,24.3642557142857,24.4051842857143,24.4159371428571,24.3413985714286
"2021-07-19",24.2915185714286,24.3153285714286,24.3300821428571,24.3364557142857,24.3153285714286,24.3364557142857,24.3661471428571,24.3745357142857,24.2965071428571
"2021-07-20",24.2774785714286,24.3028585714286,24.3080376190476,24.3210542857143,24.3028585714286,24.3210542857143,24.3388485714286,24.3402557142857,24.26773
"2021-07-21",24.2715328571429,24.2985028571429,24.2950985714286,24.3148571428571,24.2985028571429,24.3148571428571,24.3207685714286,24.3134785714286,24.2514514285714
"2021-07-22",24.2681657142857,24.2930871428571,24.2798104761905,24.3005071428571,24.2930871428571,24.3005071428571,24.2950557142857,24.2880371428571,24.23401
"2021-07-23",24.2558271428571,24.27972,24.2574221428571,24.2788371428571,24.27972,24.2788371428571,24.2614942857143,24.25894,24.2097142857143
"2021-07-24",24.24377,24.2637371428571,24.2344407142857,24.2591514285714,24.2637371428571,24.2591514285714,24.2305685714286,24.2291414285714,24.1802757142857
"2021-07-25",24.2210314285714,24.2429957142857,24.2074316666667,24.2365314285714,24.2429957142857,24.2365314285714,24.1984671428571,24.1996528571429,24.1459114285714
"2021-07-26",24.1942142857143,24.21258,24.1785414285714,24.2084485714286,24.21258,24.2084485714286,24.1753342857143,24.1672285714286,24.1134428571429
"2021-07-27",24.1647028571429,24.1746242857143,24.1469819047619,24.1758514285714,24.1746242857143,24.1758514285714,24.1493242857143,24.1411157142857,24.0762728571429
"2021-07-28",24.1357614285714,24.1353257142857,24.1227880952381,24.1483857142857,24.1353257142857,24.1483857142857,24.1422514285714,24.13164,24.0433642857143
"2021-07-29",24.1105728571429,24.1008185714286,24.1045507142857,24.1194728571429,24.1008185714286,24.1194728571429,24.1325071428571,24.1301214285714,24.0338114285714
"2021-07-30",24.0865414285714,24.0710157142857,24.0848978571429,24.0868385714286,24.0710157142857,24.0868385714286,24.1106114285714,24.1131014285714,24.0412785714286
"2021-07-31",24.0647614285714,24.0463371428571,24.0675152380952,24.0599385714286,24.0463371428571,24.0599385714286,24.09391,24.1089871428571,24.0311571428571
"2021-08-01",24.0492071428571,24.0218085714286,24.0578602380952,24.0328728571429,24.0218085714286,24.0328728571429,24.0865128571429,24.1204814285714,24.0362785714286
"2021-08-02",24.0431714285714,24.0112171428571,24.0554357142857,24.0151528571429,24.0112171428571,24.0151528571429,24.07031,24.1383185714286,24.0544442857143
"2021-08-03",24.03889,24.0070771428571,24.0481523809524,24.0029685714286,24.0070771428571,24.0029685714286,24.0568985714286,24.1277671428571,24.0553128571429
"2021-08-04",24.02952,24.0062514285714,24.0304757142857,23.9897528571429,24.0062514285714,23.9897528571429,24.0231028571429,24.0932328571429,24.0409942857143
"2021-08-05",24.0215942857143,24.0118557142857,24.020234047619,23.9975185714286,24.0118557142857,23.9975185714286,24.0058114285714,24.0661671428571,24.0184571428571
"2021-08-06",24.0250671428571,24.0240157142857,24.0255721428571,24.0199085714286,24.0240157142857,24.0199085714286,24.0195928571429,24.0729914285714,23.9918571428571
"2021-08-07",24.0354942857143,24.0379328571429,24.0431964285714,24.0436928571429,24.0379328571429,24.0436928571429,24.04575,24.0859371428571,24.0103714285714
"2021-08-08",24.05112,24.05986,24.0623392857143,24.0695371428571,24.05986,24.0695371428571,24.0697128571429,24.09319,24.0306157142857
"2021-08-09",24.0653157142857,24.07475,24.0743133333333,24.0877514285714,24.07475,24.0877514285714,24.0884057142857,24.0957142857143,24.0339428571429
"2021-08-10",24.0800785714286,24.0862657142857,24.0878369047619,24.1028957142857,24.0862657142857,24.1028957142857,24.0990471428571,24.1094628571429,24.0492714285714
"2021-08-11",24.0896457142857,24.0884814285714,24.0969433333333,24.1060128571429,24.0884814285714,24.1060128571429,24.1062071428571,24.1247642857143,24.0665485714286
"2021-08-12",24.0883142857143,24.0759385714286,24.085715952381,24.0785771428571,24.0759385714286,24.0785771428571,24.0928685714286,24.1176185714286,24.0609785714286
"2021-08-13",24.0608671428571,24.0498871428571,24.0548766666667,24.0452957142857,24.0498871428571,24.0452957142857,24.0527114285714,24.08029,24.0402085714286
"2021-08-14",24.0122457142857,24.00025,24.0012216666667,23.99488,24.00025,23.99488,23.99624,24.0160814285714,23.9876328571429
"2021-08-15",23.9600242857143,23.9435357142857,23.939519047619,23.94191,23.9435357142857,23.94191,23.9349642857143,23.9447342857143,23.9119457142857
"2021-08-16",23.9073214285714,23.8926928571429,23.8846269047619,23.8944142857143,23.8926928571429,23.8944142857143,23.8848128571429,23.8830371428571,23.8454828571429
"2021-08-17",23.8545871428571,23.8417771428571,23.8359535714286,23.8438357142857,23.8417771428571,23.8438357142857,23.84193,23.8407785714286,23.7928128571429
"2021-08-18",23.8004657142857,23.7915685714286,23.7915521428571,23.7946257142857,23.7915685714286,23.7946257142857,23.7990128571429,23.8043957142857,23.7592442857143
"2021-08-19",23.7475271428571,23.7397257142857,23.7527519047619,23.75246,23.7397257142857,23.75246,23.76454,23.7757242857143,23.7365342857143
"2021-08-20",23.7126785714286,23.6931642857143,23.717340952381,23.7039714285714,23.6931642857143,23.7039714285714,23.7325285714286,23.7514528571429,23.71025
"2021-08-21",23.68899,23.66466,23.691204047619,23.6697785714286,23.66466,23.6697785714286,23.7036285714286,23.7318442857143,23.6883228571429
"2021-08-22",23.6671685714286,23.6451314285714,23.6708211904762,23.6451528571429,23.6451314285714,23.6451528571429,23.6800942857143,23.7134742857143,23.6739057142857
"2021-08-23",23.6409842857143,23.6206414285714,23.6426766666667,23.61551,23.6206414285714,23.61551,23.6475228571429,23.6848857142857,23.6465157142857
"2021-08-24",23.6193571428571,23.6017328571429,23.61014,23.59152,23.6017328571429,23.59152,23.6087785714286,23.6414685714286,23.5979828571429
"2021-08-25",23.6119214285714,23.59623,23.5849985714286,23.57902,23.59623,23.57902,23.59046,23.5986814285714,23.5336785714286
"2021-08-26",23.6186057142857,23.6049071428571,23.5775069047619,23.5816728571429,23.6049071428571,23.5816728571429,23.5873785714286,23.58061,23.4918671428571
"2021-08-27",23.63549,23.6135257142857,23.5867547619048,23.5954142857143,23.6135257142857,23.5954142857143,23.59801,23.5877528571429,23.4903357142857
"2021-08-28",23.65088,23.6212557142857,23.6022869047619,23.6066642857143,23.6212557142857,23.6066642857143,23.6119385714286,23.6060057142857,23.5169771428571
"2021-08-29",23.6638471428571,23.62855,23.6158364285714,23.6152371428571,23.62855,23.6152371428571,23.6272242857143,23.6169871428571,23.5431728571429
"2021-08-30",23.6738742857143,23.63331,23.622650952381,23.6205714285714,23.63331,23.6205714285714,23.64054,23.6171214285714,23.5504885714286
"2021-08-31",23.6719185714286,23.63077,23.6233869047619,23.6197614285714,23.63077,23.6197614285714,23.6498142857143,23.6145,23.5535571428571
"2021-09-01",23.6727428571429,23.62906,23.6178528571429,23.61727,23.62906,23.61727,23.6326714285714,23.6036271428571,23.5517457142857
"2021-09-02",23.6714271428571,23.6279542857143,23.6029838095238,23.6161728571429,23.6279542857143,23.6161728571429,23.6072185714286,23.5729842857143,23.5221457142857
"2021-09-03",23.6570828571429,23.6279614285714,23.5820811904762,23.6174242857143,23.6279614285714,23.6174242857143,23.5789528571429,23.5433357142857,23.46773
"2021-09-04",23.6516714285714,23.6409914285714,23.5690928571429,23.6274728571429,23.6409914285714,23.6274728571429,23.5682828571429,23.5132657142857,23.4128728571429
"2021-09-05",23.6628628571429,23.6667885714286,23.578165952381,23.6397257142857,23.6667885714286,23.6397257142857,23.58959,23.5142357142857,23.3957928571429
"2021-09-06",23.6824114285714,23.6944771428571,23.6066583333333,23.6668728571429,23.6944771428571,23.6668728571429,23.6063671428571,23.5626728571429,23.4271485714286
"2021-09-07",23.7108342857143,23.7334885714286,23.646579047619,23.7118685714286,23.7334885714286,23.7118685714286,23.6348371428571,23.60002,23.4884257142857
"2021-09-08",23.7319385714286,23.7683614285714,23.6824514285714,23.7485614285714,23.7683614285714,23.7485614285714,23.6819114285714,23.6379885714286,23.5259471428571
"2021-09-09",23.7506928571429,23.79768,23.7182761904762,23.7792757142857,23.79768,23.7792757142857,23.7296071428571,23.6865928571429,23.5658085714286
"2021-09-10",23.7811314285714,23.8308371428571,23.7612145238095,23.8098785714286,23.8308371428571,23.8098785714286,23.7865928571429,23.7314157142857,23.6274314285714
"2021-09-11",23.8180128571429,23.8653871428571,23.8099935714286,23.8474871428571,23.8653871428571,23.8474871428571,23.8376671428571,23.78892,23.7024871428571
"2021-09-12",23.85165,23.8959,23.8523588095238,23.8981728571429,23.8959,23.8981728571429,23.8625042857143,23.8391757142857,23.76675
"2021-09-13",23.8786314285714,23.9257214285714,23.8816038095238,23.9349471428571,23.9257214285714,23.9349471428571,23.9002114285714,23.8534285714286,23.7966828571429
"2021-09-14",23.9141985714286,23.9447214285714,23.9140478571429,23.9687314285714,23.9447214285714,23.9687314285714,23.9421071428571,23.89786,23.8166685714286
"2021-09-15",23.9555228571429,23.97997,23.9697330952381,24.0210885714286,23.97997,24.0210885714286,23.9963371428571,23.9653571428571,23.9001228571429
"2021-09-16",23.98099,24.0026114285714,24.0142726190476,24.0515971428571,24.0026114285714,24.0515971428571,24.0444014285714,24.0211971428571,23.9848385714286
"2021-09-17",23.9869628571429,24.0134342857143,24.0319061904762,24.0619428571429,24.0134342857143,24.0619428571429,24.0607914285714,24.0460257142857,24.02228
"2021-09-18",23.9887371428571,24.0102685714286,24.0290311904762,24.0584242857143,24.0102685714286,24.0584242857143,24.0576728571429,24.0427385714286,24.0163457142857
"2021-09-19",23.9756971428571,23.9946614285714,24.0121578571429,24.03814,23.9946614285714,24.03814,24.0449085714286,24.0272957142857,23.9922442857143
"2021-09-20",23.9623057142857,23.9789128571429,23.9993995238095,24.0216885714286,23.9789128571429,24.0216885714286,24.0325128571429,24.0191371428571,23.98184
"2021-09-21",23.9487885714286,23.97757,23.9864676190476,24.0051014285714,23.97757,24.0051014285714,24.0253485714286,24.0021757142857,23.9598214285714
"2021-09-22",23.9427485714286,23.9693228571429,23.965420952381,23.9872557142857,23.9693228571429,23.9872557142857,24.00791,23.9730814285714,23.9122071428571
"2021-09-23",23.9473042857143,23.9724,23.9559426190476,23.9852928571429,23.9724,23.9852928571429,23.9971214285714,23.9543828571429,23.8791542857143
"2021-09-24",23.9681442857143,23.9851842857143,23.9685714285714,23.99473,23.9851842857143,23.99473,24.0128914285714,23.96318,23.8872985714286
"2021-09-25",23.9790628571429,23.99763,23.9881288095238,24.0118242857143,23.99763,24.0118242857143,24.0348171428571,23.98908,23.9163585714286
"2021-09-26",23.9908928571429,24.0206857142857,24.008994047619,24.0369057142857,24.0206857142857,24.0369057142857,24.0550042857143,24.01242,23.9380557142857
"2021-09-27",24.01592,24.0476314285714,24.0330092857143,24.0608028571429,24.0476314285714,24.0608028571429,24.0775614285714,24.0341257142857,23.9620142857143
"2021-09-28",24.0293042857143,24.0590871428571,24.048045952381,24.0618357142857,24.0590871428571,24.0618357142857,24.0879328571429,24.0556971428571,23.9944185714286
"2021-09-29",24.0250971428571,24.04836,24.0505826190476,24.0535414285714,24.04836,24.0535414285714,24.0894642857143,24.0660242857143,24.0210085714286
"2021-09-30",24.0233328571429,24.04337,24.0488161904762,24.0466314285714,24.04337,24.0466314285714,24.0819314285714,24.0684857142857,24.0291457142857
"2021-10-01",24.01768,24.0370371428571,24.0465619047619,24.0517885714286,24.0370371428571,24.0517885714286,24.0754757142857,24.0682714285714,24.0291185714286
"2021-10-02",24.0211657142857,24.0369914285714,24.0464371428571,24.0555028571429,24.0369914285714,24.0555028571429,24.06932,24.0655014285714,24.0301414285714
"2021-10-03",24.0315285714286,24.0375028571429,24.053195,24.0561971428571,24.0375028571429,24.0561971428571,24.0794385714286,24.07186,24.0426428571429
"2021-10-04",24.0328714285714,24.0402985714286,24.0642947619048,24.0590785714286,24.0402985714286,24.0590785714286,24.0937342857143,24.0912542857143,24.0685314285714
"2021-10-05",24.0297785714286,24.0371871428571,24.0716992857143,24.0618914285714,24.0371871428571,24.0618914285714,24.1030814285714,24.10646,24.0917971428571
"2021-10-06",24.0414928571429,24.0405514285714,24.0771726190476,24.0559057142857,24.0405514285714,24.0559057142857,24.10079,24.1141271428571,24.1101685714286
"2021-10-07",24.0789828571429,24.0587971428571,24.094225,24.0669171428571,24.0587971428571,24.0669171428571,24.1055814285714,24.1205885714286,24.1344828571429
"2021-10-08",24.1241,24.0975114285714,24.1213397619048,24.0976314285714,24.0975114285714,24.0976314285714,24.1175714285714,24.1329571428571,24.1582671428571
"2021-10-09",24.1714042857143,24.1484514285714,24.154324047619,24.1370257142857,24.1484514285714,24.1370257142857,24.1375514285714,24.1509757142857,24.1805357142857
"2021-10-10",24.23036,24.1907585714286,24.1856311904762,24.17401,24.1907585714286,24.17401,24.1508657142857,24.1664057142857,24.2013871428571
"2021-10-11",24.3092457142857,24.2485057142857,24.2275295238095,24.2323542857143,24.2485057142857,24.2323542857143,24.1781642857143,24.1835642857143,24.2133428571429
"2021-10-12",24.4107414285714,24.3507185714286,24.2974869047619,24.3199314285714,24.3507185714286,24.3199314285714,24.2496314285714,24.22937,24.2245285714286
"2021-10-13",24.50369,24.4673071428571,24.3772323809524,24.4426657142857,24.4673071428571,24.4426657142857,24.3386957142857,24.2868957142857,24.22414
"2021-10-14",24.5763628571429,24.5693842857143,24.4626983333333,24.56215,24.5693842857143,24.56215,24.4514471428571,24.3824114285714,24.2344342857143
"2021-10-15",24.6478071428571,24.6586742857143,24.552454047619,24.6589385714286,24.6586742857143,24.6589385714286,24.5739885714286,24.4957357142857,24.27958
"2021-10-16",24.7270857142857,24.7451771428571,24.6438392857143,24.7423714285714,24.7451771428571,24.7423714285714,24.6851442857143,24.6101028571429,24.3531542857143
"2021-10-17",24.7973457142857,24.8322671428571,24.729049047619,24.8075585714286,24.8322671428571,24.8075585714286,24.7833528571429,24.7122342857143,24.4415357142857
"2021-10-18",24.8514242857143,24.8998428571429,24.7917742857143,24.8544885714286,24.8998428571429,24.8544885714286,24.84602,24.7725971428571,24.5262728571429
"2021-10-19",24.90566,24.9569628571429,24.8436045238095,24.9128228571429,24.9569628571429,24.9128228571429,24.8817757142857,24.8003171428571,24.6040885714286
"2021-10-20",24.9757028571429,25.01296,24.9025588095238,24.9554742857143,25.01296,24.9554742857143,24.9317571428571,24.84619,24.6932685714286
"2021-10-21",25.0445157142857,25.0633285714286,24.9591142857143,24.9844742857143,25.0633285714286,24.9844742857143,24.9842571428571,24.8927214285714,24.7853885714286
"2021-10-22",25.0884285714286,25.0788271428571,24.9938652380952,24.9977642857143,25.0788271428571,24.9977642857143,25.01298,24.9338485714286,24.8513428571429
"2021-10-23",25.1117885714286,25.0762914285714,25.0177552380952,25.0185171428571,25.0762914285714,25.0185171428571,25.0691885714286,24.9660871428571,24.8646585714286
"2021-10-24",25.1227371428571,25.0730542857143,25.0343252380952,25.0460071428571,25.0730542857143,25.0460071428571,25.1036571428571,24.9941471428571,24.8663485714286
"2021-10-25",25.1173614285714,25.0673042857143,25.0532076190476,25.0653671428571,25.0673042857143,25.0653671428571,25.1385914285714,25.0438814285714,24.88674
"2021-10-26",25.0813371428571,25.01971,25.0405747619048,25.0268285714286,25.01971,25.0268285714286,25.1489585714286,25.0787071428571,24.8879071428571
"2021-10-27",25.0121957142857,24.9502328571429,25.0012876190476,24.9641471428571,24.9502328571429,24.9641471428571,25.1254342857143,25.07806,24.8776557142857
"2021-10-28",24.9396742857143,24.8881071428571,24.956399047619,24.9143371428571,24.8881071428571,24.9143371428571,25.0737071428571,25.0466571428571,24.8759114285714
"2021-10-29",24.8905428571429,24.8658628571429,24.9204714285714,24.8847542857143,24.8658628571429,24.8847542857143,25.02422,24.9955971428571,24.8618514285714
"2021-10-30",24.8622514285714,24.8721028571429,24.8959807142857,24.8662928571429,24.8721028571429,24.8662928571429,24.9624685714286,24.9447371428571,24.8680314285714
"2021-10-31",24.8538671428571,24.8898171428571,24.8929764285714,24.8709371428571,24.8898171428571,24.8709371428571,24.9458228571429,24.9230457142857,24.8743685714286
"2021-11-01",24.8723057142857,24.9251357142857,24.9060530952381,24.89259,24.9251357142857,24.89259,24.9610742857143,24.9247942857143,24.8604185714286
"2021-11-02",24.9295742857143,24.9954514285714,24.9588614285714,24.9530514285714,24.9954514285714,24.9530514285714,25.0102757142857,24.9707214285714,24.8940942857143
"2021-11-03",25.00709,25.08571,25.0275319047619,25.0360385714286,25.08571,25.0360385714286,25.0579171428571,25.03082,24.9476157142857
"2021-11-04",25.0991028571429,25.1862728571429,25.0971171428571,25.1417271428571,25.1862728571429,25.1417271428571,25.1234371428571,25.0738171428571,24.9583457142857
"2021-11-05",25.2045857142857,25.2798971428571,25.1841647619048,25.2518171428571,25.2798971428571,25.2518171428571,25.23719,25.15031,24.9811885714286
"2021-11-06",25.3154071428571,25.3677,25.273984047619,25.3611857142857,25.3677,25.3611857142857,25.3440357142857,25.2269471428571,25.0286285714286
"2021-11-07",25.4233014285714,25.4561357142857,25.366424047619,25.4707042857143,25.4561357142857,25.4707042857143,25.44891,25.3022285714286,25.0972642857143
"2021-11-08",25.5320728571429,25.5426742857143,25.4645302380952,25.5782442857143,25.5426742857143,25.5782442857143,25.5528442857143,25.3969742857143,25.1843714285714
"2021-11-09",25.6244842857143,25.6205342857143,25.5522145238095,25.6706357142857,25.6205342857143,25.6706357142857,25.6396342857143,25.4828028571429,25.2751957142857
"2021-11-10",25.7257571428571,25.7015657142857,25.6485861904762,25.75791,25.7015657142857,25.75791,25.7376157142857,25.58256,25.3861085714286
"2021-11-11",25.82395,25.7778557142857,25.7478216666667,25.8196885714286,25.7778557142857,25.8196885714286,25.8348528571429,25.7092642857143,25.5213185714286
"2021-11-12",25.92948,25.8695442857143,25.8414747619048,25.8836628571429,25.8695442857143,25.8836628571429,25.9104714285714,25.8176271428571,25.6380628571429
"2021-11-13",26.03999,25.98771,25.9472442857143,25.95355,25.98771,25.95355,25.9994128571429,25.9350014285714,25.7678014285714
"2021-11-14",26.1452285714286,26.1009857142857,26.057070952381,26.0278614285714,26.1009857142857,26.0278614285714,26.1010828571429,26.0699228571429,25.8973442857143
"2021-11-15",26.2444257142857,26.2067628571429,26.1527483333333,26.1033771428571,26.2067628571429,26.1033771428571,26.1946185714286,26.1798585714286,25.9874471428571
"2021-11-16",26.3580157142857,26.3187785714286,26.25007,26.1995185714286,26.3187785714286,26.1995185714286,26.3092042857143,26.2530285714286,26.0618742857143
"2021-11-17",26.4840557142857,26.42777,26.3517471428571,26.2875628571429,26.42777,26.2875628571429,26.4356157142857,26.3610085714286,26.11447
"2021-11-18",26.61416,26.5332442857143,26.447869047619,26.3780085714286,26.5332442857143,26.3780085714286,26.5408471428571,26.4495714285714,26.1713828571429
"2021-11-19",26.7070457142857,26.6147028571429,26.5307733333333,26.4575571428571,26.6147028571429,26.4575571428571,26.6227757142857,26.5203628571429,26.2621957142857
"2021-11-20",26.7695671428571,26.6501328571429,26.5876047619048,26.50703,26.6501328571429,26.50703,26.6843357142857,26.5979671428571,26.3165957142857
"2021-11-21",26.8265257142857,26.6900085714286,26.6273985714286,26.5493657142857,26.6900085714286,26.5493657142857,26.7010971428571,26.6447928571429,26.3526014285714
"2021-11-22",26.86329,26.71658,26.6608938095238,26.5928257142857,26.71658,26.5928257142857,26.7137414285714,26.6687014285714,26.4102242857143
"2021-11-23",26.8729171428571,26.7297428571429,26.6810947619048,26.6220428571429,26.7297428571429,26.6220428571429,26.6970771428571,26.6948357142857,26.4699528571429
"2021-11-24",26.8677985714286,26.75192,26.6973880952381,26.67879,26.75192,26.67879,26.68228,26.68232,26.52122
"2021-11-25",26.85927,26.7782228571429,26.7184745238095,26.7432471428571,26.7782228571429,26.7432471428571,26.6956,26.6774414285714,26.5570657142857
"2021-11-26",26.8716857142857,26.8193414285714,26.7488666666667,26.8041614285714,26.8193414285714,26.8041614285714,26.7173442857143,26.7016142857143,26.5790528571429
"2021-11-27",26.8921028571429,26.8754642857143,26.7856602380952,26.87534,26.8754642857143,26.87534,26.74688,26.72774,26.5964342857143
"2021-11-28",26.9216314285714,26.9282971428571,26.8226538095238,26.9410557142857,26.9282971428571,26.9410557142857,26.7979671428571,26.74387,26.6031014285714
"2021-11-29",26.9627142857143,26.9853071428571,26.8400971428571,27.0023642857143,26.9853071428571,27.0023642857143,26.8240642857143,26.71375,26.5523828571429
"2021-11-30",27.0104185714286,27.03477,26.8596088095238,27.0684928571429,27.03477,27.0684928571429,26.8553628571429,26.7211457142857,26.4674628571429
"2021-12-01",27.0577428571429,27.0779371428571,26.908455,27.1085771428571,27.0779371428571,27.1085771428571,26.9231214285714,26.8206885714286,26.4626628571429
"2021-12-02",27.11813,27.1268028571429,26.9699042857143,27.1294671428571,27.1268028571429,27.1294671428571,26.9861342857143,26.9390485714286,26.5198428571429
"2021-12-03",27.16886,27.1836757142857,27.0151311904762,27.1492514285714,27.1836757142857,27.1492514285714,27.0245085714286,27.0254942857143,26.5389971428571
"2021-12-04",27.2288971428571,27.2241171428571,27.0409126190476,27.1686614285714,27.2241171428571,27.1686614285714,27.0555042857143,27.0540071428571,26.5142885714286
"2021-12-05",27.2567071428571,27.2364828571429,27.040205952381,27.2015314285714,27.2364828571429,27.2015314285714,27.0413071428571,27.0361871428571,26.46902
"2021-12-06",27.2790457142857,27.2563785714286,27.0607266666667,27.21975,27.2563785714286,27.21975,27.0428457142857,27.0860371428571,26.4803028571429
"2021-12-07",27.3131471428571,27.2989928571429,27.1001133333333,27.2465842857143,27.2989928571429,27.2465842857143,27.0696342857143,27.1337757142857,26.5385457142857
"2021-12-08",27.3499814285714,27.34242,27.1087783333333,27.28447,27.34242,27.28447,27.06242,27.0796114285714,26.5337671428571
"2021-12-09",27.3749314285714,27.3768571428571,27.1131976190476,27.3269828571429,27.3768571428571,27.3269828571429,27.0741985714286,27.04126,26.4849557142857
"2021-12-10",27.4060557142857,27.3921,27.1061935714286,27.3409071428571,27.3921,27.3409071428571,27.0834128571429,26.95825,26.4564357142857
"2021-12-11",27.43077,27.4213157142857,27.1164195238095,27.3488328571429,27.4213157142857,27.3488328571429,27.0911,26.9358428571429,26.4706557142857
"2021-12-12",27.4493471428571,27.4451042857143,27.138565,27.3351928571429,27.4451042857143,27.3351928571429,27.1492442857143,26.96602,26.4864814285714
"2021-12-13",27.4624342857143,27.4297214285714,27.1478073809524,27.3201742857143,27.4297214285714,27.3201742857143,27.1913414285714,27.00315,26.4800228571429
"2021-12-14",27.45088,27.3777342857143,27.1350478571429,27.27838,27.3777342857143,27.27838,27.2040985714286,27.0360957142857,26.4630985714286
"2021-12-15",27.3560485714286,27.2546814285714,27.0899338095238,27.2154142857143,27.2546814285714,27.2154142857143,27.2053028571429,27.0525042857143,26.4556514285714
"2021-12-16",27.1876514285714,27.0962342857143,27.0190285714286,27.1506085714286,27.0962342857143,27.1506085714286,27.1891642857143,27.0224885714286,26.4680242857143
"2021-12-17",26.9937942857143,26.94492,26.9526188095238,27.0834028571429,26.94492,27.0834028571429,27.1541785714286,27.03459,26.5048271428571
"2021-12-18",26.8207457142857,26.7733871428571,26.862884047619,26.9328871428571,26.7733871428571,26.9328871428571,27.1010114285714,27.0122642857143,26.5370085714286
"2021-12-19",26.7317057142857,26.66925,26.7998447619048,26.8396142857143,26.66925,26.8396142857143,27.0162457142857,26.9755185714286,26.5667342857143
"2021-12-20",26.6713428571429,26.6317757142857,26.7740716666667,26.7959214285714,26.6317757142857,26.7959214285714,26.9923214285714,26.9290871428571,26.6239814285714
"2021-12-21",26.6294885714286,26.6269928571429,26.7757757142857,26.7887171428571,26.6269928571429,26.7887171428571,27.0091185714286,26.9015614285714,26.6987757142857
"2021-12-22",26.6588,26.7185985714286,26.8274416666667,26.8205114285714,26.7185985714286,26.8205114285714,27.0538257142857,26.92773,26.7851842857143
"2021-12-23",26.7736285714286,26.8488857142857,26.894995952381,26.8561528571429,26.8488857142857,26.8561528571429,27.0670314285714,26.9745657142857,26.8497114285714
"2021-12-24",26.9312857142857,26.9706742857143,26.9730019047619,26.9265,26.9706742857143,26.9265,27.1084485714286,27.0137385714286,26.8873642857143
"2021-12-25",27.1185885714286,27.1450828571429,27.0839614285714,27.1015242857143,27.1450828571429,27.1015242857143,27.1694142857143,27.0521028571429,26.9170557142857
"2021-12-26",27.2609914285714,27.3016285714286,27.1815230952381,27.25647,27.3016285714286,27.25647,27.2672514285714,27.0832228571429,26.9195742857143
"2021-12-27",27.3740685714286,27.41193,27.2506192857143,27.3767857142857,27.41193,27.3767857142857,27.3394457142857,27.1453242857143,26.8561614285714
"2021-12-28",27.4667171428571,27.4870871428571,27.2990257142857,27.4288071428571,27.4870871428571,27.4288071428571,27.3925014285714,27.1894028571429,26.8296385714286
"2021-12-29",27.5367485714286,27.51537,27.3305033333333,27.4436671428571,27.51537,27.4436671428571,27.4093057142857,27.2139642857143,26.8639642857143
