"","Acanthastrea","Acropora","Astrea","Astreopora","CCA","Cladiella","Coscinaraea","Cyanobacteria","Cyphastrea","Dead_coral","Dictyosphaeria","Dipsastraea","Echinopora","Echinostrephus_molaris","Favites","Foraminifera","Galaxea","Goniastrea","Green_turfing_algae","Halimeda","Hard_coral","Hard_Substrate","Hydnophora","Leptastrea","Liagora","Lobophytum","Millepora","Molluscs","Montipora","Neomeris","Padina","Paramontastrea","Pavona","Platygyra","Plesiastrea","Pocillopora","Porites","Psammocora","Sand","Sarcophyton","Soft_Coral","Stylocoeniella","Turbinaria","Turbinaria_algae","Turf_algae","Turf_and_sand","Ulva"
"1A_01",0,0,0,0,0,0,0,0,0,0,2.778,0,0,0,0,0,0,0,0,0,0,0,0,0,0,0,0,0,0,0,0,0,0,0,0,0,0,0,0,0,0,0,0,0,0,97.222,0
"1A_02",0,0,0,0,0,0,0,0,0,0,0,0,0,0,0,0,0,0,0,0,0,0,0,0,0,0,0,0,0,0,0,0,0,0,0,0,0,0,2.778,0,0,0,0,0,0,97.222,0
"1A_03",0,0,0,0,0,0,0,0,0,0,0,0,0,0,0,0,0,0,0,0,0,0,0,0,0,0,0,0,0,0,0,0,0,0,0,0,0,0,0,0,0,0,0,0,0,100,0
"1A_04",0,0,0,0,0,0,0,0,0,0,0,0,0,0,0,0,0,0,0,0,0,0,0,0,0,0,0,0,0,0,0,0,0,0,0,0,0,0,0,0,0,0,0,0,0,100,0
"1A_05",0,0,0,0,0,0,0,0,0,0,0,0,0,0,0,0,0,0,0,0,0,0,0,0,0,0,0,0,0,0,0,0,0,0,0,0,0,0,0,0,0,0,0,0,0,100,0
"1A_06",0,0,0,0,0,0,0,0,0,0,0,0,0,0,0,0,0,0,0,0,0,0,0,0,0,0,0,0,0,0,0,0,0,0,0,0,0,0,36.111,0,0,0,0,0,0,63.889,0
"1A_07",0,0,0,0,0,0,0,0,0,0,0,0,0,0,0,0,0,0,0,0,0,0,0,0,0,0,0,0,0,0,0,0,0,0,0,0,0,0,11.111,0,0,0,0,0,0,88.889,0
"1A_08",0,0,0,0,0,0,0,0,0,0,0,1.389,0,0,0,0,0,0,0,0,0,0,0,0,0,0,0,0,0,0,0,0,0,0,0,0,0,0,0,0,0,0,0,0,0,97.222,0
"1A_09",0,0,0,0,0,0,0,0,0,0,0,0,0,0,0,0,0,0,0,0,0,0,0,0,0,0,0,0,0,0,0,0,0,0,0,0,0,0,25,0,0,0,0,0,0,75,0
"1A_10",0,0,0,0,0,0,0,0,0,0,0,0,0,0,0,0,0,0,0,0,0,0,0,0,0,0,0,0,0,0,0,0,0,0,0,0,0,0,0,0,0,0,0,0,0,100,0
"1A_11",0,0,0,0,0,0,0,0,0,0,0,0,0,0,0,0,0,0,0,0,0,0,0,0,0,0,0,0,0,0,0,0,0,0,0,0,0,0,0,0,0,0,0,0,0,100,0
"1A_12",0,0,0,0,0,0,0,0,0,0,0,0,0,0,0,0,0,0,0,0,0,0,0,0,0,0,0,0,0,0,0,0,0,0,0,0,0,0,0,0,0,0,0,0,0,100,0
"1A_13",0,0,0,0,0,0,0,0,0,0,0,0,0,0,0,0,0,0,0,0,0,0,0,0,0,0,0,0,0,0,0,0,0,0,0,0,0,0,0,0,0,0,0,0,0,100,0
"1A_14",0,0,0,0,0,0,0,0,0,0,0,0,0,0,0,0,0,0,0,0,0,0,0,0,0,0,0,0,0,0,0,0,0,0,0,0,0,0,0,0,0,0,0,0,0,100,0
"1A_15",0,0,0,0,0,0,0,0,0,0,0,0,0,0,0,0,0,0,0,0,0,0,0,0,0,0,0,0,0,0,0,0,0,0,0,0,0,0,83.333,0,0,0,0,0,0,16.667,0
"1A_16",0,0,0,0,0,0,0,0,0,0,0,0,0,0,0,0,0,0,0,0,0,0,0,0,0,0,0,0,0,0,0,0,0,0,0,0,0,0,38.889,0,0,0,0,0,0,61.111,0
"1A_17",0,0,0,0,0,0,0,0,0,0,0,0,0,0,0,0,0,0,0,0,0,0,0,0,0,0,0,0,0,0,0,0,0,0,0,0,0,0,0,0,0,0,0,0,0,100,0
"1A_18",0,0,0,0,0,0,0,0,0,0,0,0,0,0,0,0,0,0,0,0,0,0,0,0,0,0,0,0,0,0,0,0,0,0,0,0,0,0,0,0,0,0,0,0,0,100,0
"1A_19",0,0,0,0,0,0,0,0,0,0,2.778,0,0,0,0,0,0,0,0,0,0,0,0,0,0,0,0,0,0,0,0,0,0,0,0,0,0,0,0,0,0,0,0,0,0,97.222,0
"1A_20",0,0,0,0,14.705913,0,0,0,0,0,0,0,0,0,1.470697,0,0,0,0,0,0,0,0,0,0,0,2.941394,0,0,0,0,0,0,0,0,0,0,0,0,0,0,0,0,0,0,79.411298,0
"1B_01",0,0,0,0,3.030534,0,0,0,0,0,0,0,0,0,0,0,0,0,0,0,0,0,0,0,0,6.061069,0,0,0,0,0,0,0,0,0,0,0,0,0,0,0,0,0,0,12.121047,78.78735,0
"1B_02",0,0,0,0,0,0,0,0,0,0,0,0,0,0,0,0,0,0,0,0,0,0,0,0,0,0,0,0,0,0,0,0,0,0,0,0,0,0,9.090612,0,0,0,0,0,0,90.909388,0
"1B_03",0,0,0,0,0,0,0,0,0,0,0,0,0,0,0,0,0,0,0,0,0,0,0,0,0,0,0,0,0,0,0,0,0,0,0,0,0,0,2.857378,0,0,0,0,0,0,97.142622,0
"1B_04",0,0,0,0,2.941394,0,0,0,0,0,2.941394,0,0,0,0,0,0,0,0,0,0,0,0,0,0,0,0,0,0,0,0,0,0,0,0,0,0,0,14.705913,0,0,0,0,0,0,79.411298,0
"1B_05",0,0,0,0,2.778,0,0,0,0,0,0,0,0,0,0,0,0,0,0,0,0,0,0,0,0,0,0,0,0,0,0,0,0,0,0,0,0,0,0,0,0,0,0,0,0,97.222,0
"1B_06",0,0,0,0,6.061003,0,0,0,0,0,9.090413,0,0,0,0,0,0,0,0,0,0,0,0,0,0,0,0,0,0,0,0,0,0,0,0,1.515251,0,0,0,0,0,0,0,0,6.061003,72.726579,0
"1B_07",0,0,0,0,22.856967,0,0,0,0,0,11.428483,0,0,0,0,0,0,0,0,0,0,0,0,0,0,0,0,0,0,0,0,0,0,0,0,1.428689,0,0,0,0,0,0,0,0,0,59.999794,0
"1B_08",0,0,0,0,2.941394,0,0,0,0,0,5.882789,0,0,0,0,0,0,0,0,0,0,0,0,0,0,0,0,0,0,0,0,0,0,0,0,0,0,0,0,0,0,0,0,0,0,91.175817,0
"1B_09",0,0,0,0,20.587644,0,0,0,0,0,5.882789,0,0,0,0,0,0,0,0,0,0,0,0,0,0,0,0,0,0,0,0,0,0,0,0,0,0,0,0,5.882789,0,0,0,0,0,67.646779,0
"1B_10",0,0,0,0,25.71408,0,0,0,0,0,0,0,0,0,0,0,0,0,0,0,0,0,0,0,0,0,0,0,0,0,0,0,0,0,0,0,0,0,0,2.857349,0,0,0,0,5.714697,65.713874,0
"1B_11",0,0,0,0,5.555944,0,0,0,0,0,0,0,0,0,0,0,0,0,0,0,0,0,0,0,0,0,0,0,0,0,0,0,0,0,0,0,0,0,0,0,0,0,0,0,2.777972,91.666083,0
"1B_12",0,0,0,0,61.76464,0,0,0,0,0,0,0,0,0,0,0,0,0,0,0,0,0,0,0,0,0,0,0,0,0,0,0,0,0,0,0,0,0,0,0,0,0,0,0,23.52929,14.70607,0
"1B_13",0,0,0,0,5.714697,0,0,0,0,0,0,1.428674,0,0,0,0,0,0,0,0,0,0,0,0,0,0,0,0,0,0,0,0,0,0,0,0,0,0,0,0,0,0,0,0,11.428366,79.999589,0
"1B_14",0,0,0,0,2.778,0,0,0,0,0,0,0,0,0,0,0,0,0,0,0,0,0,0,0,0,0,0,0,0,0,0,0,0,0,0,0,0,0,0,0,0,0,0,0,0,97.222,0
"1B_15",0,0,0,0,0,0,0,0,0,0,0,0,0,0,0,0,0,0,0,0,0,0,0,0,0,0,0,0,0,0,0,0,0,0,0,0,0,0,0,0,0,0,0,0,0,100,0
"1B_16",0,0,0,0,0,0,0,0,0,0,0,0,0,0,0,0,0,0,0,0,0,0,0,0,0,0,0,0,0,0,0,0,0,0,0,0,0,0,0,0,0,0,0,0,0,100,0
"1B_17",0,0,0,0,0,0,0,0,0,0,0,0,0,0,0,0,0,0,0,0,0,0,0,0,0,0,0,0,0,0,0,0,0,0,0,0,0,0,13.889,0,0,0,0,0,0,86.111,0
"1B_18",0,0,0,0,0,0,0,0,0,0,0,1.389,0,0,0,0,0,0,0,0,0,0,0,0,0,0,0,0,0,0,0,0,0,0,0,0,0,0,0,0,0,0,0,0,0,97.222,0
"1B_19",0,0,0,0,0,0,0,0,0,0,0,1.388986,0,0,0,0,0,0,0,0,0,0,0,0,2.777972,0,0,0,0,0,0,0,0,0,0,0,0,0,5.555944,0,0,0,0,0,0,88.888111,0
"1B_20",0,0,0,0,0,0,0,0,0,0,0,0,0,0,0,0,0,0,0,0,0,0,0,0,0,0,0,0,0,0,0,0,0,0,0,0,0,0,5.556,0,0,0,0,0,0,94.444,0
"1C_01",0,0,0,0,0,0,0,0,0,0,0,0,0,0,0,0,0,0,0,0,0,0,0,0,0,0,0,0,0,0,0,0,0,0,0,0,0,0,8.333,0,0,0,0,0,0,91.667,0
"1C_02",0,0,0,0,2.777972,0,0,0,0,0,5.555944,0,0,0,0,0,0,0,0,0,0,0,0,0,0,0,0,0,0,0,0,0,0,0,0,0,0,0,0,0,0,0,0,0,0,91.666083,0
"1C_03",0,0,0,0,2.778,0,0,0,0,0,0,0,0,0,0,0,0,0,0,0,0,0,0,0,0,0,0,0,0,0,0,0,0,0,0,0,0,0,0,0,0,0,0,0,0,97.222,0
"1C_04",0,0,0,0,0,0,0,0,0,0,0,0,0,0,0,0,0,0,0,0,0,0,0,0,0,0,0,0,0,0,0,0,0,0,0,0,0,0,0,0,0,0,0,0,0,100,0
"1C_05",0,0,0,0,8.333,0,0,0,0,0,0,0,0,0,0,0,0,0,0,0,0,0,0,0,0,0,0,0,0,0,0,0,0,0,0,0,0,0,0,0,0,0,0,0,2.778,88.889,0
"1C_06",0,0,0,0,0,0,0,0,0,0,0,0,0,0,0,0,0,0,0,0,0,0,0,0,0,0,0,0,0,2.778,0,0,0,0,0,0,0,0,8.333,0,0,0,0,0,0,88.889,0
"1C_07",1.388986,0,0,0,5.555944,0,0,0,0,0,2.777972,0,0,0,0,0,0,0,0,0,0,0,0,0,0,0,0,0,0,0,0,0,0,0,0,0,0,0,0,0,0,0,0,0,0,88.888111,0
"1C_08",0,0,0,0,0,0,0,0,0,0,2.778,0,0,0,0,0,0,0,0,0,0,0,0,0,0,0,0,0,0,0,0,0,0,0,0,0,0,0,0,0,0,0,0,0,0,97.222,0
"1C_09",0,0,0,0,0,0,0,0,0,0,0,0,0,0,0,0,0,0,0,0,0,0,0,0,0,0,0,0,0,0,0,0,0,0,0,0,0,0,0,0,0,0,0,0,0,100,0
"1C_10",0,0,0,0,2.777972,0,0,0,0,0,2.777972,0,0,0,0,0,0,0,0,0,0,0,0,0,0,0,0,0,0,0,0,0,0,0,0,1.388986,0,0,0,0,0,0,0,0,0,88.888111,0
"1C_11",0,0,0,0,11.428483,0,0,0,0,0,2.857378,0,0,0,0,0,0,0,0,0,0,0,0,0,0,0,0,0,0,0,0,0,0,0,0,2.857121,0,0,0,0,0,0,0,0,0,74.285656,0
"1C_12",0,0,0,0,2.778,0,0,0,0,0,0,0,0,0,0,0,0,0,0,0,0,0,0,0,0,0,0,0,0,0,0,0,0,0,0,0,0,0,0,0,0,0,0,0,0,97.222,0
"1C_13",0,0,0,0,18.750352,0,0,0,0,0,3.125246,0,0,0,0,0,0,0,0,0,0,0,0,0,0,0,0,0,0,0,0,0,0,0,0,3.124965,0,0,0,0,0,0,0,0,28.124965,37.499578,0
"1C_14",0,0,0,0,19.444,0,0,0,0,0,8.333,0,0,0,0,0,0,0,0,0,0,0,0,0,0,0,0,0,0,0,0,0,0,0,0,0.6945,0,0,0,0,0,0,0,0,2.778,66.667,0
"1C_15",0,0,0,0,61.111,0,0,0,0,0,5.556,0,0,0,0,0,0,0,0,0,0,0,0,0,0,0,0,0,0,0,0,0,0,0,0,0,0,0,0,0,0,0,0,0,25,8.333,0
"1C_16",0,0,0,0,45.454248,0,0,0,0,0,0,0,0,0,0,0,0,0,0,0,0,0,0,0,0,0,0,0,0,0,0,0,0,0,0,1.515251,0,0,0,0,0,0,0,0,18.181917,30.302832,0
"1C_17",0,0,0,0,8.8231246,0,0,0,0,0,2.9413945,0,0,0,0,0,0,0,0,0,0,0,0,0,0,0,0,0,0,0,0,0,0,0,0,0.7353486,0,0,0,0,0,0,0,0,0,85.2940865,0
"1C_18",0,0,0,0,2.778,0,0,0,0,0,2.778,0,0,0,0,0,0,0,0,0,0,0,0,0,0,0,0,0,0,0,0,0,0,0,0,0,0,0,0,0,0,0,0,0,0,94.444,0
"1C_19",0,0,0,0,14.285861,0,0,0,0,0,2.857378,0,0,0,0,0,0,0,0,0,0,0,0,0,0,0,0,0,0,0,0,0,0,0,0,0,0,0,0,0,0,0,0,0,11.428483,71.428278,0
"1C_20",0,0,0,0,20.5876436,23.5290381,0,0,0,0,5.8827889,0,0,0,0,0,0,0,0,0,0,0,0,0,0,0,0,0,0,0,0,0,0,0,0,0.7353486,0,0,0,0,0,0,0,0,29.411827,17.647308,0
"2A_01",0,0,0,0,23.5290381,0,0,0,0,0,0,0,0,0,0,0,0,0,0,0,0,0,0,0,0,0,0,0,0,0,0,0,0,0,0,0.7353486,0.9804648,1.4706972,0,5.8827889,0,0,0,0,8.8231246,52.9408651,0
"2A_02",0,1.818122,0,0,9.090612,0,0,0,0,0,0,0,0,0,0,0,0,0,0,0,0,0,0,0,0,0,0,0,0,0,0,0,0,0,0,1.515284,0,0,6.061135,0,0,0,0,0,21.211791,48.484716,0
"2A_03",0,0,0,3.703667,19.444,0,0,0,0,0,0,0,0,0,0,0,2.778,0,0,0,0,0,0,0,0,0,0,0,0,0,0,0,0,0,0,8.33325,0,0,0,0,0,0,0,0,2.778,30.556,0
"2A_04",0,0,0,15.238164,8.571017,0,0,0,0,8.571017,0,0,0,0,0,0,0,0,0,0,0,0,0,0,2.857349,0,0,0,0,0,0,0,0,0,0,0,0,0,0,0,0,0,0,0,2.857349,31.428777,0
"2A_05",0,0,0,8.333417,8.333083,0,0,2.778028,0,5.556056,0,1.389014,0,0,0,0,0,0,0,0,0,0,0,0,8.333083,0,0,0,0,0,0,0,0,0,0,4.861049,0,0,0,0,0,0,0,0,8.333083,19.444194,0
"2A_06",1.388972,0,0,0,38.888222,2.777944,0,0,0,0,0,0,0,0,0,0,0,0,0,0,0,0,0,0,0,2.777944,0,0,0,0,0,0,0,0,0,1.388972,0,0,0,0,2.777944,0,0,0,16.666667,27.777444,0
"2A_07",0,0,0,0,35.2935571,2.9413945,0,0,0,0,0,0,0,0,0,0,0,0,0,0,0,0,0,0,0,0,0,0,0,0,0,0,0,0,0,0.7353486,0,0,0,0,0,0,0,0,2.9413945,55.8822595,0
"2A_08",0,0,0,0,2.7779444,0,0,0,0,0,0,1.3889722,0,0,0,0,0,0,0,0,0,0,0,0,0,0,0,0,0,0,0,0,0,0,0,1.3889722,0.9259815,0,5.5558889,0,0,0,0,0,0,80.5543889,0
"2A_09",0,0,0,0,2.857349,0,0,0,0,0,0,0,0,0,0,0,0,0,0,0,0,0,0,0,0,0,0,0,0,0,0,0,0,0,0,1.428674,1.904899,0,11.428366,0,0,0,0,0,0,74.284891,0
"2A_10",0,0,0,0,22.2217778,0,0,2.7779722,0,0,0,0,0,0,0,0,0,0,0,0,0,0,0,0,2.7779722,0,0,0,0,0,0,0,0,0,0,2.7777222,0.9259907,0,0,2.7779722,0,0,0,0,2.7779722,52.7774722,0
"2A_11",0,0,0,0,5.7146971,0,0,0,0,0,0,0,0,0,0,0,0,0,0,0,2.8573486,0,0,0,0,0,0,0,0,0,0,0,0,0,0,0.7143371,0,0,8.5710171,5.7146971,0,0,0,0,0,74.2848914,0
"2A_12",0,0,0,0,11.7643945,0,0,0,0,0,0,0,0,0,0,0,0,0,0,0,0,0,0,0,2.9413633,0,0,0,0,0,0,0,0,0,0,0,0.9804544,0,5.8827266,0,0,0,0,0,5.8827266,70.5874256,0
"2A_13",0,0,0,0,16.667,0,0,0,0,0,0,0,0,0,0,0,0,0,0,0,0,0,0,0,0,0,0,0,25,0,0,0,0,0,0,0,0,0,0,0,0,0,0,0,0,58.333,0
"2A_14",0,0,0,0,2.778,0,0,0,0,0,0,0,0,2.778,0,0,0,0,0,0,0,0,0,0,0,0,0,0,2.778,0,0,0,0,0,0,0,0,0,19.444,0,0,0,0,0,2.778,69.444,0
"2A_15",0,0,0,1.904879,37.142064,0,0,0,0,0,0,0,0,5.714638,0,0,0,0,0,0,0,0,0,0,0,0,0,0,0,0,0,0,0,0,0,0,0,0,5.714638,0,0,0,0,0,2.857319,42.856702,0
"2A_16",0,0,0,1.9048795,42.856702,0,0,0,0,0,0,0,0,2.8573192,0,0,0,0,0,0,0,0,0,0,0,0,0,0,0,0,0,0,0,0,0,0,0.9524397,0,2.8573192,2.8573192,0,0,0,0,0,39.9993829,0
"2A_17",0,0,0,2.777667,11.111,0,0,0,0,0,0,0,0,0,0,0,0,0,0,0,0,0,0,0,0,5.556,0,0,0,0,0,0,0,0,0,0,0.926,0,8.333,0,0,0,0,0,2.778,61.111,0
"2A_18",0,0,0,3.7036296,5.5559444,0,0,0,0,0,0,0,0,2.7779722,0,0,0,0.9259907,0,0,0,0,0,0,0,0,0,0,0,0,0,0,0,0,0,1.3889861,0,0,0,0,0,0,0,0,0,69.4433056,2.7779722
"2A_19",0,0,0,0,8.571105,0,0,2.857378,0,0,0,0,0,0,0,0,0,0,0,0,0,0,0,0,0,0,0,0,0,0,0,0,0,0,0,0,0,0,28.571722,0,0,0,0,0,0,59.999794,0
"2A_20",0,0,0,0.9524593,5.7147559,0,0,0,0,0,0,0,0,2.857378,0,0,0,0,0,0,0,0,0,0,2.857378,0,0,0,0,0,0,0,0,0,0,7.1426735,0,0,8.5711053,0,0,0,0,0,0,48.571311,0
"2B_01",0,0,0,0,41.667,0,0,0,0,0,0,0,0,0,0,0,0,0,0,0,0,0,0,0,0,0,0,0,0,0,0,0,0,0,0,0.6945,2.777667,0,0,0,0,0,0,0,19.444,27.778,0
"2B_02",0,0,0,0,14.285714,0,0,0,0,0,0,0,0,0,0,0,0,0,0,0,0,0,0,0,0,0,0,0,0,0,0,0,0,0,0,0,0,0,2.857349,0,0,0,0,0,2.857349,79.999589,0
"2B_03",0,0,0,5.7142955,31.4284539,0,0,0,0,0,0,0,0,0,0,0,0,0,0,0,0,0,0,0,2.8573192,0,0,0,0,0,0,0,0,0,0,0.7143298,0,0,11.4282482,0,0,0,0,0,5.7146384,28.5711347,0
"2B_04",0,0,0,2.777694,11.111111,0,0,2.778028,0,0,0,0,0,0,0,0,0,0,0,0,0,0,0,0,8.333083,0,0,0,0,0,0,0,0,0,0,0,0,0,0,0,0,0,0,0,11.111111,58.333583,0
"2B_05",0,0.5714697,0,0,11.4283657,0,0,0,0,0,0,0,0,0,0,0,0,0,0,0,0,0,0,0,0,0,0,0,0,0,0,0,0,0,0,4.2857657,0.9524495,0,2.8573486,0,0,0,0,0,0,62.8565257,0
"2B_06",0,2.941183,0,1.96093,11.764519,0,0,0,0,0,0,0,0,0,0,0,0,0,0,0,0,0,0,0,0,0,0,0,0,0,0,0,0,0,0,3.676478,3.921506,0,0,0,0,0,0,0,2.941394,38.234952,0
"2B_07",0,0,0,0.926,25,0,0,0,0,0,0,0,0,0,0,0,0,0,0,0,0,0,0,0,0,0,0,0,0,0,0,0,0,0,0,0,0.926,0,0,0,0,0,0,0,0,69.444,0
"2B_08",0,0,8.333,0,27.778,0,0,0,0,0,0,0,0,0,0,0,0,0,0,0,0,0,0,0,0,0,0,0,0,0,0,0,0,0,0,4.16675,5.555667,0,0,0,0,0,0,0,8.333,22.222,0
"2B_09",0,1.1112,0,0,8.333,0,0,0,0,0,0,0,0,0,0,0,0,0,0,0,0,0,0,0,0,0,0,0,0,0,0,0,0,0,0,2.77775,4.629667,0,0,0,0,0,0,0,19.444,41.667,0
"2B_10",0,0,0,0,18.181917,0,0,0,0,0,0,0,0,0,0,0,0,0,0,0,0,0,0,0,0,0,0,0,0,0,0,0,0,0,0,3.787854,0,0,3.030501,0,0,0,0,0,3.030501,60.605664,0
"2B_11",0,0,0,0,25,0,0,0,0,0,0,0,0,0,0,0,0,0,0,0,0,0,0,0,0,0,0,0,0,0,0,0,0,0,0,0,0.926,0,2.778,0,0,0,0,0,19.444,50,0
"2B_12",0,0,0,0.9804544,14.7057578,0,0,0,0,0,0,0,0,0,2.9413633,0,0,0,0,0,0,0,0,0,0,0,0,0,0,0,0,0,0,0,0,0,0,0,2.9413633,0,0,0,0,0,5.8827266,67.6460623,0
"2B_13",1.562623,0,0,0,12.499859,0,0,0,0,0,0,0,0,0,0,0,0,0,0,0,0,0,0,0,0,0,0,0,0,0,0,0,0,0,0,0,0,0,0,0,0,0,0,0,6.250492,78.124402,0
"2B_14",0,0,0,0,23.529287,0,0,0,0,0,0,0,0,0,0,0,0,0,0,0,0,0,0,0,11.764644,0,0,0,0,0,0,0,0,0,0,0,0,0,0,0,2.941426,0,0,0,23.529287,38.235356,0
"2B_15",0,0,0,0,18.7501406,0,0,0,0,0,0,0,0,0,0,0,0,0,0,0,0,0,0,0,6.2504219,0,0,0,0,0,0,0,0,0,0,0.7813027,5.2083099,0,0,0,0,0,0,0,37.4991563,18.7501406,0
"2B_16",0,1.1765453,0,0,17.6471211,0,0,11.7643945,0,0,0,0,0,2.9413633,0,0,0,0,0,0,0,0,0,0,0,0,0,0,0,0,0,0,0,0,0,4.4117803,0.9804544,0,0,0,0,0,0,0,14.7057578,26.4701523,0
"2B_17",0,0,0,0,19.444,0,0,0,0,0,0,0,0,0,0,0,0,0,0,0,0,0,0,0,2.778,0,0,0,0,0,0,0,0,0,0,2.08325,0,0,0,0,0,0,0,0,13.889,55.556,0
"2B_18",0,0,0,0,28.5714286,0,0,0,0,0,0,0,0,0,0,0,0,0,0,0,0,0,0,0,8.5710171,0,0,0,0,0,0,0,0,0,0,0,0.9524495,0,5.7146971,0,0,0,0,0,5.7146971,48.5708114,0
"2B_19",0,0,0,0,44.444,0,0,0,0,0,0,0,0,0,0,0,0,0,0,0,0,0,0,0,0,0,0,0,0,0,0,0,0,0,0,2.08325,0,0,2.778,0,0,0,0,0,2.778,41.667,0
"2B_20",0,0,0,0,19.444,0,0,0,0,0,0,0,0,0,0,0,0,0,0,0,0,0,0,0,0,0,0,2.778,0,0,0,0,0,0,0,6.25,0,0,5.556,0,0,0,0,0,8.333,38.889,0
"2C_01",0,0,0,0,19.999383,0,0,0,0,0,0,0,0,0,0,0,0,0,0,0,0,0,0,0,0,0,0,0,0,0,0,0,0,0,0,1.428674,0,0,0,0,0,0,0,0,17.143063,57.142857,0
"2C_02",0,0,0,0,44.444,0,0,0,0,0,0,0,0,0,0,0,0,0,0,0,0,0,0,0,0,0,0,0,0,0,0,0,0,0,0,4.16675,0,0,0,0,0,0,0,0,0,38.889,0
"2C_03",0,0,0,0,33.33333,0,0,0,0,0,0,0,0,0,0,0,0,0,0,0,0,0,0,0,0,0,0,0,0,0,0,0,0,0,0,0,0,0,0,0,0,0,0,0,19.44419,47.22247,0
"2C_04",0,0,0,0.9259907,30.5556944,0,0,0,0,0,0,0,0,0,0,0,0,0,0,0,0,0,0,0,0,0,0,0,0,0,0,0,0,0,0,0,0,0,0,0,0,0,0,0,11.1108889,52.7774722,2.7779722
"2C_05",0,0,0,0,38.2349516,0,0,2.9413945,0,0,0,0,0,0,0,0,0,0,0,0,0,0,0,0,2.9413945,0,0,0,0,0,0,0,0,0,0,0.7353486,0,0,0,0,0,0,0,0,11.764519,41.176346,0
"2C_06",0,0,0,0,37.1424457,0,0,0,0,0,0,0,0,0,0,0,0,0,0,0,0,0,0,0,0,0,0,0,0,0,0,0,0,0,0,0,0.9524495,0,0,0,0,0,0,0,28.5714286,31.4287771,0
"2C_07",0,0,0,1.96093,14.705913,0,0,0,0,0,0,0,0,0,0,0,0,0,0,0,0,0,0,0,0,0,0,0,0,0,0,0,0,0,0,1.470697,3.921506,0,8.823125,0,0,0,0,0,5.882789,47.058076,0
"2C_08",0,0,0,0,30.555694,0,0,0,0,2.777972,0,0,0,0,0,0,0,0,0,0,0,0,0,0,2.777972,0,0,0,0,0,0,0,0,0,0,2.083229,4.62962,0,0,0,0,0,0,0,5.555944,36.110639,0
"2C_09",0,0,0,0,5.556,0,0,0,0,0,0,0,0,0,0,0,0,0,0,0,0,0,0,0,0,0,0,0,0,0,0,0,0,0,0,0,0,0,0,0,0,0,0,0,11.111,83.333,0
"2C_10",0,0,0,0.926,19.444,0,0,0,0,0,0,0,0,0,0,0,0,0,0,0,0,0,0,0,0,0,0,0,0,0,0,0,0,0,0,0,0,0,0,0,0,0,0,0,2.778,75,0
"2C_11",1.3889722,0,0,1.851963,8.3328333,0,0,2.7779444,0,0,0,1.3889722,0,0,0,0,0,0,0,0,0,0,0,0,8.3328333,0,0,0,0,0,0,0,0,0,0,1.3889722,0.9259815,0,5.5558889,0,0,0,0,0,16.6666667,38.8882222,0
"2C_12",0,0,0,0.926,11.111,0,0,0,2.778,0,0,0,0,0,0,0,0,0,0,0,0,0,0,0,0,0,0,0,0,0,0,0,0,0,0,2.77775,0,0,0,0,0,0,0,0,13.889,58.333,0
"2C_13",0,0,2.778,0,16.667,0,0,8.333,0,0,0,0,0,0,0,0,0,0,0,0,0,0,0,0,2.778,0,0,0,0,0,0,0,0,0,0,0,12.037,0,0,0,0,0,0,0,0,33.333,0
"2C_14",0,0,0,2.777667,0,0,0,0,0,0,0,0,0,0,0,0,0,0,0,0,0,0,0,0,0,0,0,0,0,0,0,0,0,0,0,0,3.703667,0,2.778,47.222,0,0,0,0,5.556,25,0
"2C_15",0,0,0,0.9524397,17.1428865,17.1428865,0,0,0,0,0,0,0,0,0,0,0,0,0,0,0,0,0,0,0,0,0,0,0,0,0,0,0,0,0,0,0,0,5.7146384,0,0,0,0,0,2.8573192,54.2849502,0
"2C_16",0,0,0,5.5555556,0,16.6666667,0,0,0,0,0,0,0,0,0,0,0,0,0,0,0,0,0,0,2.7779444,0,0,0,0,0,0,0,0,0,0,0.6944861,0,0,5.5558889,0,0,0,0,0,2.7779444,52.7769445,0
"2C_17",0,0,0,0,13.888722,0,0,2.777944,0,0,0,0,0,0,0,0,0,1.851963,0,0,0,0,0,0,5.555889,0,0,0,0,0,0,0,0,0,0,0,0,0,0,0,0,0,0,0,16.666667,55.554889,0
"2C_18",0,0,0,0,29.411516,0,2.941363,0,0,0,0,0,0,0,0,0,0,0,0,0,0,0,0,1.470682,0,0,0,0,0,0,0,0,0,0,0,0,0,0,5.882727,0,0,0,0,0,14.705758,44.117273,0
"2C_19",0,0,0,0,2.7779444,0,0,0,0,0,0,0,0,0,0,0,0,0,0,0,0,0,0,0,0,0,0,0,0,0,0,0,0,0,0,2.7779444,0.9259815,0,5.5558889,0,0,0,0,0,0,74.9985,2.7779444
"2C_20",0,0,0,0,29.4115156,0,0,2.9413633,0,0,0,0,0,0,0,0,0,0,0,0,0,0,0,0,0,0,0,0,0,0,0,0,0,0,0,0.7353408,0,0,2.9413633,0,0,0,0,0,2.9413633,58.8230312,0
"3A_01",0,0,0,0,44.444,0,0,0,0,0,0,0,0,0,0,0,0,0,0,0,0,0,0,0,0,0,0,0,0,0,0,0,0,0,0,0.6945,0.926,0,2.778,0,0,0,0,0,25,19.444,2.778
"3A_02",0,0,0,0,47.222472,0,0,0,0,0,0,0,0,0,0,0,0,0,0,0,0,0,0,0,0,0,0,0,0,0,0,0,0,0,0,0,0,0,0,8.333083,0,0,0,0,8.333083,36.111361,0
"3A_03",0,0,0,0,38.889,0,0,0,0,0,0,0,0,0,0,0,0,0,0,0,0,0,0,0,0,0,0,0,0,0,0,0,0,0,0,0,0,0,2.778,8.333,0,0,0,0,0,50,0
"3A_04",0,0,0,0,13.888861,0,0,0,0,2.777972,0,0,0,0,0,0,0,0,0,0,0,0,0,0,0,0,0,0,0,0,0,0,0,0,0,6.944431,0,0,0,0,11.110889,0,0,0,2.777972,41.666583,0
"3A_05",0,0,0,0,47.221528,0,0,0,0,0,0,0,0,0,0,0,0,0,0,0,0,0,0,0,2.777972,0,0,0,0,0,0,0,0,0,0,0,0,0,2.777972,0,0,0,0,0,5.555944,41.666583,0
"3A_06",0,0,0,0,26.470713,44.118208,0,0,0,0,0,0,0,0,0,0,0,0,0,0,0,0,0,0,0,0,0,0,0,0,0,0,0,0,0,0,0,0,0,0,0,0,0,0,8.823218,20.587862,0
"3A_07",0,0,0,0,44.444,0,0,0,0,0,0,0,0,0,0,0,0,0,0,0,0,0,0,0,0,0,0,0,0,0,0,0,0,0,0,0,0,0,0,0,0,0,0,0,27.778,27.778,0
"3A_08",0,0,0,0,21.874473,0,0,0,0,0,0,0,0,0,0,0,0,0,0,0,0,0,0,0,0,0,0,0,0,0,0,0,0,0,0,10.156206,0,0,0,0,0,0,0,0,3.125246,34.375457,0
"3A_09",0,0,0,0,31.428454,0,0,2.857319,0,0,0,0,0,0,0,0,0,0,0,0,0,0,0,0,0,0,0,0,0,0,0,0,0,0,0,5.000051,0,0,0,0,0,0,0,0,5.714638,39.999383,0
"3A_10",0,0.5555944,0,0,22.2217778,0,0,5.5559444,0,0,0,0,0,0,0,0,0,0,0,0,0,0,0,0,0,0,0,0,0,0,0,0,0,0,0,3.4722153,0,0,0,0,0,0,0,0,0,55.5554444,0
"3A_11",0,4.7058076,0,0,29.411827,0,0,0,0,0,0,0,0,0,0,0,0,0,0,0,0,0,0,0,0,0,0,0,0,0,0,0,0,0,0,0.7353486,0,0,0,0,0,0,0,0,29.411827,14.7059135,0
"3A_12",0,0,2.941426,0,52.941426,23.529287,0,0,0,0,0,0,0,0,0,0,0,0,0,0,0,0,0,0,0,0,0,0,0,0,0,0,0,0,0,0,0,0,0,0,0,0,0,0,20.587862,0,0
"3A_13",0,0,0,0,17.647308,2.941394,0,0,0,0,0,0,0,0,0,0,0,0,0,0,0,0,0,0,0,11.764519,0,0,0,2.941394,0,0,0,0,0,0,0,0,17.647308,0,0,0,0,0,0,47.058076,0
"3A_14",0,7.058786,0,0,20.587862,0,0,0,0,0,0,0,0,0,0,0,0,0,0,0,0,0,0,0,0,0,0,0,0,0,0,0,0,0,0,0,0,0,0,0,0,0,0,0,5.882851,38.235356,0
"3A_15",0,1.111178,0,0,41.666167,0,0,0,0,0,0,1.388972,0,0,0,0,0,0,0,0,0,0,0,0,0,0,0,0,0,0,0,0,0,0,0,0,0,0,0,0,0,0,0,0,5.555889,41.666167,2.777944
"3A_16",0,0,0,1.010178,69.696837,0,0,0,0,0,0,1.515267,0,0,0,0,0,0,0,0,0,0,0,0,0,0,0,0,0,0,0,0,0,0,0,0,0,0,0,0,0,0,0,0,9.090512,15.151581,0
"3A_17",0,0,0,0.9259907,38.8886111,0,0,0,0,0,0,0,0,0,0,0,0,0.9259907,0,0,0,0,0,0,0,2.7779722,0,0,0,0,0,0,0,0,0,0,0,0,0,0,0,0,0,0,22.2217778,30.5556944,0
"3A_18",0,1.111189,8.332917,1.851981,19.443806,0,0,0,0,5.555944,0,1.388986,0,0,0,0,5.555944,0,0,0,0,0,0,0,0,0,0,0,0,0,0,0,0,0,0,0,0,0,0,0,0,0,0,0,2.777972,44.443556,0
"3A_19",0,0,0,0,44.4435556,0,0,0,0,0,0,2.7779722,0,0,2.7779722,0,0,0,0,0,0,0,0,0,0,0,0,0,0,0,0,0,0,0,0,0,0.9259907,0,0,0,0,0,0,0,5.5559444,36.1106389,0
"3A_20",0,0,0,0,48.571311,0,0,0,0,0,0,0,0,2.857378,0,0,0,0,0,0,0,0,0,0,0,0,0,0,0,0,0,0,0,0,0,0,0,0,0,0,0,0,0,0,11.428483,37.142828,0
"3B_01",0,1.142939,0,0,17.143063,0,0,0,0,0,0,0,0,0,0,0,0,0,0,0,0,0,0,0,0,0,0,0,0,0,0,0,0,0,0,9.999949,0,0,0,0,0,0,0,0,19.999383,17.143063,0
"3B_02",0,0,0,0,31.428454,0,0,0,0,0,0,0,0,0,0,0,0,0,0,0,0,0,0,0,0,0,0,0,0,0,0,0,0,0,0,7.143041,0,0,0,0,0,0,0,0,2.857319,37.142064,0
"3B_03",0,0,0,0,45.454248,0,0,0,0,0,0,0,0,0,0,0,0,0,0,0,0,0,0,0,0,0,0,0,0,0,0,0,0,0,0,4.545479,0,0,0,0,0,0,0,0,18.181917,18.181917,0
"3B_04",0,0,0,1.851981,22.221778,0,0,0,0,0,0,0,0,0,0,0,0,0,0,0,0,0,0,0,0,0,0,0,0,0,0,0,0,0,0,0,0,0,0,0,0,0,0,0,5.555944,66.666333,0
"3B_05",0,3.75007,0,0,18.75035,0,0,0,0,0,0,0,0,0,0,0,0,0,0,0,0,0,0,0,0,0,0,0,0,0,0,0,0,0,0,0,0,0,0,0,0,0,0,0,37.49958,24.99972,0
"3B_06",0,0,0,0,13.889,50,0,0,0,0,0,0,0,0,0,0,0,0,0,0,0,0,0,0,0,0,0,0,0,0,0,0,0,0,0,0,0,0,0,0,0,0,0,0,8.333,27.778,0
"3B_07",0,0,0,0,11.42848,54.28607,0,0,0,0,0,0,0,0,0,0,0,0,0,0,0,0,0,0,0,0,0,0,0,0,0,0,0,0,0,0,0,0,0,0,0,0,0,0,0,34.28545,0
"3B_08",0,0,0,7.070597,24.242358,0,0,0,0,0,0,0,0,0,0,0,0,0,0,0,0,0,0,0,0,0,0,0,0,0,0,0,0,0,0,0,0,0,0,0,0,0,0,0,15.151747,39.394105,0
"3B_09",0,0,0,9.523907,14.285861,0,0,0,0,2.857378,0,0,0,0,0,0,0,0,0,0,0,0,0,0,0,0,0,0,0,0,0,0,0,0,0,4.999897,0,0,0,0,0,0,0,0,8.571105,25.714344,0
"3B_10",0,9.4444,0,0,5.556,2.778,0,0,0,0,0,0,0,0,0,0,0,0,0,0,0,0,0,0,0,0,0,0,0,0,0,0,0,0,0,5.5555,0,0,0,0,0,0,0,0,2.778,19.444,0
"3B_11",0,3.52925,0,0,14.705913,26.470433,0,0,0,0,0,0,0,0,0,0,0,0,0,0,0,0,0,0,0,0,0,0,0,0,0,0,0,0,0,5.147176,0,0,0,0,0,0,0,0,2.941394,17.647308,0
"3B_12",0,3.8888,0,0,22.222,0,0,0,0,0,0,0,0,0,0,0,0,0,0,0,0,0,0,0,0,0,0,0,0,0,0,0,0,0,0,0,0,0,0,0,0,0,0,0,27.778,30.556,0
"3B_13",0,2.7778,0,0,16.667,25,0,0,0,0,0,0,0,0,0,0,0,0,0,0,0,0,0,0,0,0,0,0,0,0,0,0,0,0,0,0.6945,0,0,0,0,0,0,0,0,8.333,33.333,0
"3B_14",0,0,0,0.9259907,16.6668333,22.2217778,0,0,0,0,0,0,0,0,0,0,0,0,0,0,0,0,0,0,0,0,0,0,0,0,0,0,0,0,0,1.3889861,0,0,0,0,0,0,0,0,16.6668333,36.1106389,0
"3B_15",0,1.142939,0,0,17.143063,51.42816,0,0,0,0,0,0,0,0,0,0,0,0,0,0,0,0,0,0,0,0,0,0,0,0,0,0,0,0,0,0,0,0,0,0,0,0,0,0,5.714697,19.999383,0
"3B_16",0,1.142939,0,0,25.71408,0,0,5.714697,0,2.857349,0,0,0,0,0,0,0,0,0,0,0,0,0,0,0,0,0,0,0,0,0,0,0,0,0,2.142754,0,0,0,0,0,0,0,0,17.143063,34.285097,0
"3B_17",0,0.6061069,0,0,63.6357686,0,0,0,0,0,0,0,0,0,0,0,0,0,0,0,0,0,0,0,0,0,0,0,0,0,0,0,0,0,0,0,0,0,0,0,0,0,0,0,18.1821157,15.1515813,0
"3B_18",0,0.5882727,0,0,26.4701523,0,0,0,0,0,0,0,0,0,0,0,0,0,0,0,0,0,0,0,0,0,0,0,0,0,0,0,0,0,0,8.8235606,0,0,0,0,0,0,0,0,17.6471211,17.6471211,0
"3B_19",0,0.5882727,0,0,32.3528789,0,0,0,0,0,0,0,0,0,0,0,0,0,0,0,0,0,0,0,2.9413633,0,0,0,0,0,0,0,0,0,0,0.7353408,0,0,0,0,0,0,0,0,29.4115156,26.4701523,2.9413633
"3B_20",0,4.5713933,0,0,65.7145502,0,0,0,0,0,0,0,0,0,0,0,0,0,0,0,0,0,0,0,0,0,0,0,0,0,0,0,0,0,0,0.7143445,0,0,0,0,0,0,0,0,8.5711053,0,0
"3C_01",0,0,0,0,14.705913,14.705913,0,0,0,0,0,0,0,0,0,0,0,0,0,0,0,0,0,0,0,0,0,0,0,0,0,0,0,0,0,1.470697,0,0,0,0,0,0,0,0,20.587644,44.11774,0
"3C_02",0,0,0,0,13.888861,11.110889,5.555944,0,0,0,0,0,0,0,0,0,0,0,0,0,0,0,0,0,0,0,0,0,0,0,0,0,0,0,0,0,0,0,2.777972,0,0,0,0,0,41.666583,24.99975,0
"3C_03",0,0,0,0,31.428777,2.857349,0,0,0,0,0,0,0,0,0,0,0,0,0,0,0,0,0,0,0,0,0,0,0,0,0,0,0,0,0,0,0,0,0,0,0,0,0,0,11.428366,54.285509,0
"3C_04",0,0,0,0,27.27293,12.12118,0,0,0,0,0,0,0,0,0,0,0,0,0,0,0,0,0,0,0,0,0,0,0,0,0,0,0,0,0,0,0,0,0,0,0,0,0,0,12.12118,48.48472,0
"3C_05",0,0,0,0,2.941394,0,0,0,0,0,0,0,0,0,0,0,0,0,0,0,0,0,0,0,0,0,2.941394,0,0,0,0,0,0,0,0,0,0,0,0,0,0,0,0,0,52.940865,41.176346,0
"3C_06",0,5.454585,0,0,24.242358,0,0,0,0,0,0,0,0,0,0,0,0,0,0,0,0,0,0,0,0,0,0,0,0,0,0,0,0,0,0,0,0,0,0,0,0,0,0,0,27.272926,21.211791,0
"3C_07",0,0,0,0,25.71408,0,0,0,0,0,0,0,0,0,0,0,0,0,0,0,0,0,0,0,0,0,0,0,0,0,0,0,0,0,0,1.428674,1.904899,0,0,0,0,0,0,0,25.71408,37.142446,0
"3C_08",0,0,0,0,5.882789,0,0,0,0,0,0,0,0,0,0,0,0,0,0,0,2.941394,0,0,0,2.941394,0,0,0,0,0,0,0,0,0,0,2.205781,6.862548,0,2.941394,0,0,0,0,0,14.705913,41.176346,0
"3C_09",0,0,0,0,13.888861,0,0,0,0,0,0,0,0,0,0,0,2.777972,0,0,0,2.777972,0,0,0,0,0,0,0,0,0,0,0,0,0,0,1.388986,0,0,0,0,0,0,0,0,24.99975,49.9995,0
"3C_10",0,0,0,0,52.9408651,0,0,5.8827889,0,0,0,0,0,0,0,0,0,0,0,0,0,0,0,0,0,0,0,0,0,0,0,0,0,0,0,0.7353486,0,0,0,0,0,0,0,0,8.8231246,29.411827,0
"3C_11",0,0,0,0,20.587644,0,0,0,0,0,0,0,0,0,0,0,0,0,0,0,0,0,0,0,0,0,0,0,0,0,0,0,0,0,0,0,0,0,2.941394,0,0,0,0,0,29.411827,44.11774,2.941394
"3C_12",0,0,0,0,24.99975,0,0,0,5.555944,0,0,0,0,0,0,0,0,0,0,0,0,0,0,0,0,0,0,0,0,0,0,0,0,0,0,0,0,0,2.777972,0,0,0,0,0,47.221528,13.888861,5.555944
"3C_13",0,0,0,0,17.1430629,22.8567314,0,0,0,0,0,0,0,0,1.4286743,0,0,0,0,0,0,0,0,0,11.4283657,0,0,0,0,0,0,0,0,0,0,0.7143371,0,0,0,0,0,0,0,0,17.1430629,25.71408,0
"3C_14",0,0,0,0,27.777722,0,0,0,0,0,0,0,0,0,0,0,0,0,0,0,0,0,0,0,0,0,0,0,0,0,0,0,0,0,0,0,0,0,2.777972,2.777972,0,0,0,0,11.110889,55.555444,0
"3C_15",0,0,0,0,14.2855673,0,0,0,0,2.8573192,0,0,0,0,0,0,5.7146384,0,0,0,0,0,0,0,2.8573192,0,0,0,0,0,0,0,0,0,0,0.7143298,0,0,2.8573192,0,0,0,0,0,17.1428865,48.5703119,2.8573192
"3C_16",0,0,0,3.8094552,14.2857143,0,0,0,0,0,0,0,0,0,0,0,0,0,0,0,0,0,0,0,5.7146971,0,0,0,0,0,0,0,0,0,0,4.2857657,0.9524495,0,0,2.8573486,0,0,0,0,19.9993829,25.71408,0
"3C_17",0,0,0,0,31.428777,0,0,0,0,0,0,0,0,0,0,0,0,0,0,0,2.857349,0,0,0,0,0,0,0,0,0,0,0,0,0,0,0,2.857006,0,0,0,0,0,0,0,42.857143,14.285714,0
"3C_18",0,0,0,0,33.333,0,0,0,0,0,0,0,0,0,0,0,0,0,0,0,0,0,0,0,0,0,0,0,0,0,0,0,0,0,0,0,0,0,0,0,0,0,0,0,2.778,61.111,2.778
"3C_19",0,0,0,0,22.222,0,0,0,0,0,0,0,0,0,0,0,0,0,0,0,0,0,0,0,0,0,0,0,0,0,0,0,0,0,0,0,0,0,0,11.111,0,0,0,0,5.556,61.111,0
"3C_20",1.3889722,0,0,0.9259815,16.6666667,0,0,2.7779444,0,0,0,0,0,0,0,0,0,0,0,0,0,0,0,0,0,0,2.7779444,0,0,0,0,0,0,0,0,1.3889722,1.851963,0,0,0,0,0,0,0,13.8887222,47.2210556,0
"4A_01",0,0,0,0.9524397,2.8573192,0,0,0,0,0,0,0,0,5.7146384,0,0,0,0,0,0,2.8573192,0,0,0,0,0,0,0,0,0,0,0,0,0,0,0.7143298,1.9048795,0,0,0,0,0,0,0,71.4268082,5.7146384,0
"4A_02",0,0,0,0,2.941363,0,0,0,0,2.941363,0,0,0,0,0,0,0,0,0,0,0,0,0,0,0,2.941363,0,0,0,0,0,0,0,0,0,2.941099,0,2.941363,0,0,0,0,0,0,29.411516,44.117273,0
"4A_03",0,0,0,0,19.444,0,0,0,0,0,0,0,0,0,0,0,0,0,0,0,0,0,0,0,0,0,0,0,0,0,0,0,0,0,0,0,0,0,5.556,0,0,0,0,0,41.667,33.333,0
"4A_04",0,0,0,0,33.333333,0,0,0,3.030501,0,0,0,0,0,0,0,0,0,0,0,0,0,0,0,0,0,0,0,0,0,0,0,0,0,12.120915,1.515251,0,0,0,0,0,0,0,0,39.393245,0,6.061003
"4A_05",0,0,0,0,35.2935571,0,0,0,0,0,0,0,0,0,0,0,0,0,0,0,0,0,0,0,0,0,0,0,0,0,0,0,0,0,0,0,0.9804648,0,2.9413945,2.9413945,0,0,0,0,26.4704325,29.411827,0
"4A_06",1.428645,0,0,0,31.428131,0,0,0,0,0,0,0,0,0,0,0,0,0,0,0,0,0,0,0,0,14.28542,0,0,0,0,2.85729,0,0,0,0,1.428645,0,0,5.71458,0,0,0,0,0,31.428131,5.71458,0
"4A_07",0,0,0,0,14.285861,0,0,0,0,0,0,0,0,0,0,0,0,0,0,0,0,0,0,0,0,19.999589,0,0,0,0,11.428483,0,0,0,0,0,0,0,5.714756,0,0,0,0,0,28.571722,19.999589,0
"4A_08",1.388972,1.111178,0,0,2.777944,0,0,0,0,0,0,0,0,5.555889,0,0,0,0,0,0,0,0,0,0,0,0,0,0,0,0,5.555889,0,0,0,0,0,0,0,2.777944,0,0,0,0,0,55.554889,19.443611,0
"4A_09",0,0,0,0,8.3329167,0,2.7779722,0,0,0,0,0,0,0,1.3889861,0,0,0,0,0,0,0,0,0,2.7779722,0,0,0,0,0,0,0,0,0,0,0,0.9259907,0,5.5559444,0,0,0,0,0,55.5554444,19.4438056,0
"4A_10",0,0,0,0,13.8887222,0,2.7779444,0,0,0,0,0,0,2.7779444,0,0,0,0,0,0,0,0,0,0,5.5558889,0,0,0,0,0,0,0,0,0,0,0.6944861,0.9259815,0,5.5558889,0,0,0,0,0,33.3323334,30.5553889,0
"4A_11",0,0,2.857319,0,5.714638,0,0,0,0,2.857319,0,0,0,0,0,0,0,0,0,0,0,0,0,0,5.714638,0,0,0,0,0,0,0,0,0,0,0,12.380688,0,0,0,0,2.857319,0,0,25.713816,17.142887,0
"4A_12",0,0,0,0,41.176346,0,0,0,0,0,0,0,0,0,0,0,0,0,2.941394,0,0,0,0,0,0,0,0,0,0,0,0,0,0,0,0,2.94113,1.96093,0,0,0,0,0,0,0,23.529038,14.705913,0
"4A_13",0,0,0,0,2.8573486,0,0,0,0,2.8573486,0,0,0,0,0,0,0,0.9524495,0,0,0,0,0,0,0,0,0,0,0,0,0,0,0,0,0,3.5714286,3.8094552,0,2.8573486,5.7146971,0,0,0,0,22.8567314,34.2850971,0
"4A_14",0,0,0,0,31.428777,2.857349,0,0,0,0,0,0,0,0,0,0,0,0,0,0,0,2.857349,0,0,2.857349,0,0,0,0,0,0,0,0,0,0,2.857091,2.857006,0,0,0,0,0,0,0,34.285097,2.857349,2.857349
"4A_15",0,0,0,0,60.605664,6.061003,0,0,0,0,0,0,0,3.030501,0,0,0,0,0,0,0,0,0,0,0,0,0,0,0,0,0,0,0,0,0,3.030229,0,0,0,0,0,0,0,0,15.151416,3.030501,0
"4A_16",0,0,0,0,31.4287771,0,0,0,0,0,0,0,0,0,0,0,0,0,0,0,0,0,0,0,0,0,0,0,0,0,2.8573486,0,0,0,0,0.7143371,0,1.4286743,0,0,0,0,0,0,22.8567314,37.1424457,0
"4A_17",0,0,0,0,71.8750352,0,0,0,0,0,0,0,0,3.1252461,0,0,0,0,0,0,0,0,0,0,0,0,0,0,0,0,0,0,0,0,0,0.7813115,1.0417487,0,0,0,0,0,0,0,9.3746133,9.3746133,0
"4A_18",0,0,0,0,27.778,0,0,0,0,0,0,0,0,0,0,0,0,0,0,0,0,0,0,0,0,0,0,0,0,0,2.778,0,0,0,0,0,0,0,0,0,0,0,0,0,50,19.444,0
"4A_19",0,0,0,0,5.7146384,0,0,0,0,0,0,0,0,2.8573192,0,0,0,0,0,0,0,0,0,0,2.8573192,0,0,0,0,0,5.7146384,0,0,0,0,0.7143298,0.9524397,0,0,0,0,0,0,0,22.8564963,51.427631,2.8573192
"4A_20",0,0,0,0,2.941394,0,0,0,0,0,0,0,0,0,0,0,0,0,0,0,0,0,0,0,5.882789,0,0,0,0,0,2.941394,0,0,0,0,1.470697,0,0,0,0,0,0,0,0,35.293557,47.058076,0
"4B_01",0,0,0,0,5.555889,0,0,0,0,0,0,0,0,2.777944,0,0,0,0,0,0,0,0,0,0,0,0,0,0,0,0,2.777944,0,0,0,0,2.083458,0,0,0,0,0,0,0,0,41.666167,38.888222,0
"4B_02",0,0,0,0,0,0,0,0,0,0,0,0,0,0,0,0,0,0,0,0,0,0,0,0,0,0,0,0,0,0,19.444,0,0,0,0,0.6945,0.926,0,0,0,0,0,0,0,8.333,66.667,0
"4B_03",0,0,0,0,17.647308,0,0,0,0,0,0,0,0,0,0,0,0,0,0,0,0,0,0,0,0,0,0,0,0,0,0,0,0,0,0,4.411827,0.9804648,0,0,0,0,0,0,0,38.2349516,23.5290381,0
"4B_04",0,0,0,0,5.8827266,0,0,0,0,0,0,0,0,2.9413633,0,0,2.9413633,0,0,0,0,0,0,0,0,0,0,0,0,0,0,0,0,0,0,0.7353408,0,0,14.7057578,0,0,0,0,0,2.9413633,64.704699,2.9413633
"4B_05",0,0,0,0,23.52929,0,0,0,0,0,0,0,0,0,0,0,0,0,0,0,0,0,0,0,0,0,0,0,0,0,0,0,0,0,0,0,0,0,0,0,0,0,0,0,11.76464,64.70607,0
"4B_06",0,0.6061069,0,0,15.1515813,9.0905124,0,0,0,0,0,0,0,0,0,0,0,0,0,0,0,0,0,0,0,0,0,0,0,0,3.0305344,0,0,0,0,0,0,0,0,0,0,0,0,0,30.3031625,39.3936749,0
"4B_07",0,0.5556,0,0,0,0,0,2.778,0,0,0,0,0,2.778,0,0,0,0,0,0,0,0,0,0,2.778,0,0,0,0,0,0,0,0,0,0,6.94425,0,0,0,0,0,0,0,0,41.667,19.444,0
"4B_08",0,0,0,0,0,37.1428278,0,0,0,0,0,0,0,5.7147559,0,0,0,0,0,0,0,0,0,0,0,0,0,0,0,0,0,0,0,0,0,0.7143445,0,0,0,0,0,0,0,0,8.5711053,45.7139331,0
"4B_09",0,0,0,2.857035,0,0,0,0,0,0,0,0,0,2.857378,0,0,0,3.809494,0,0,0,0,0,0,0,0,0,0,0,0,0,0,0,0,0,1.428689,0,0,0,0,0,0,0,0,11.428483,59.999794,0
"4B_10",0,0,0,1.041737,18.7501406,0,0,0,0,0,0,0,0,0,0,0,9.3745078,1.041737,0,0,0,0,0,0,0,0,0,0,0,0,0,0,0,0,0,0.7813027,0,0,0,0,0,0,0,0,31.2498594,31.2498594,0
"4B_11",0,0,0,0,5.5559444,0,0,0,0,0,0,0,0,0,0,0,0,0,0,0,0,0,0,0,0,0,0,0,0,0,2.7779722,0,0,0,0,0.6944931,0,0,2.7779722,0,0,0,0,0,33.3326667,52.7774722,0
"4B_12",0,0.5714638,0,0,0,0,0,0,0,2.8573192,0,0,0,0,0,0,0,0,0,0,0,0,0,0,0,0,0,0,0,0,2.8573192,0,2.8573192,0,0,3.5713918,0,1.4286596,0,0,0,0,0,0,31.4284539,39.9993829,0
"4B_13",0,0,0,0.9259815,13.8887222,0,0,0,0,0,0,0,0,2.7779444,0,0,0,0,0,0,0,0,0,0,2.7779444,0,0,0,0,0,5.5558889,0,0,0,5.5558889,0,0.9259815,0,0,0,0,0,0,0,8.3328333,55.5548889,0
"4B_14",0,0,0,0,29.411827,0,0,0,0,0,0,0,0,2.941394,0,0,0,0,0,0,0,0,0,0,0,0,0,0,0,0,0,0,0,0,0,2.94113,3.921506,0,0,0,0,0,0,0,17.647308,26.470433,0
"4B_15",0,0,0,0,0,0,0,0,0,0,0,0,0,2.857349,0,0,0,0,0,0,0,0,0,0,0,0,14.285714,0,0,0,5.714697,0,0,0,0,0,0,0,0,0,0,0,0,0,14.285714,62.856526,0
"4B_16",0,0,0,0,8.5710171,0,0,0,0,0,0,0,0,0,1.4286743,0,0,0.9524495,0,0,0,0,0,0,0,0,2.8573486,0,0,0,2.8573486,0,0,0,0,0,0.9524495,0,0,0,0,0,0,0,5.7146971,71.4275429,0
"4B_17",0,0,0,4.761954,8.571105,0,0,0,0,0,0,0,0,0,0,0,0,2.857035,0,0,0,0,0,0,0,0,0,0,0,0,0,0,0,0,0,0,0,0,2.857378,0,2.857378,0,0,0,8.571105,48.571311,5.714756
"4B_18",0,0,0,0,5.714697,5.714697,0,0,0,0,0,0,0,0,0,0,0,0,0,0,0,0,0,0,0,0,0,0,0,0,8.571017,0,0,0,0,0,0,0,8.571017,0,0,0,0,0,5.714697,65.713874,0
"4B_19",0,0,0,0,0,0,0,0,0,0,0,0,0,0,2.857349,0,0,0,0,0,0,0,0,0,0,0,0,0,0,0,0,0,0,0,0,2.857091,0,0,0,0,0,0,0,0,25.71408,57.142857,0
"4B_20",0,0.5555944,0,0,0,0,0,0,0,0,0,1.3889861,0,0,0,0,0,0,0,0,0,0,0,0,0,0,5.5559444,0,0,0,0,0,0,1.3889861,0,0,3.7036296,0,2.7779722,2.7779722,0,0,0,0,8.3329167,61.1103889,0
"4C_01",0,0,0,0,5.555944,0,0,0,0,0,0,0,0,0,0,0,0,0,0,0,2.777972,0,0,0,2.777972,0,0,0,0,0,0,0,0,0,0,0,0,0,0,0,0,0,0,0,8.332917,80.555194,0
"4C_02",0,0,0,0,25,0,0,5.556,0,0,0,0,0,0,0,0,0,0,0,0,0,0,0,0,0,0,0,0,0,0,0,0,0,0,0,5.5555,0,0,0,0,0,0,0,0,22.222,25,0
"4C_03",0,0,0,0,47.222,0,0,0,0,0,0,0,0,0,0,0,0,0,0,0,0,0,0,0,0,0,0,0,0,0,0,0,0,0,0,1.389,0,0,0,0,0,0,0,0,19.444,27.778,0
"4C_04",0,0,0,0.9259907,2.7779722,0,0,0,0,0,0,0,0,2.7779722,0,0,0,0,0,0,0,0,0,0,2.7779722,0,0,0,0,0,2.7779722,0,0,0,0,0,6.4812685,0,0,0,0,0,0,0,0,66.6663333,0
"4C_05",0,0,0,0,5.714697,0,0,0,0,0,0,0,0,0,0,0,0,0,0,0,0,0,0,0,0,0,0,0,0,0,8.571017,0,0,0,0,3.571429,3.809455,0,0,0,0,0,0,0,2.857349,57.142857,0
"4C_06",0,0,0,0,11.111,0,0,2.778,0,0,0,0,0,8.333,0,0,0,0,0,0,0,0,0,0,0,0,0,0,0,0,5.556,0,0,0,0,0,0,0,0,0,0,0,0,0,2.778,69.444,0
"4C_07",0,0,0,1.9048599,0,0,0,0,0,0,0,0,0,5.7145796,0,0,0,0,0,0,0,0,0,0,0,0,0,0,0,0,5.7145796,0,0,0,0,1.4286449,0.9524299,0,0,0,0,0,0,0,5.7145796,68.5698123,0
"4C_08",0,0,0,5.7144131,0,0,0,0,0,0,0,0,0,0,0,0,0,0,0,0,0,0,0,0,0,0,22.8569665,0,0,0,0,0,0,0,0,0.7143445,2.8570351,0,0,0,0,0,0,0,0,48.571311,0
"4C_09",0,0,0,0,0,0,0,0,0,0,0,0,0,11.764519,0,0,0,0,0,0,0,0,0,0,0,0,0,0,0,0,5.8827889,0,0,0,0,1.4706972,0.9804648,0,0,0,0,0,0,0,0,73.5285087,0
"4C_10",0,0,0,0,0,0,0,0,0,0,0,1.515251,0,3.030501,0,0,0,0,0,0,0,0,0,0,3.030501,0,0,0,0,0,18.181917,0,0,0,0,0,0,0,0,0,0,0,0,0,6.061003,66.665576,0
"4C_11",0,0,0,0,9.676932,0,0,0,0,0,0,0,0,3.226031,0,0,0,0,0,0,0,0,0,0,3.226031,0,0,0,0,0,0,0,0,0,0,4.032249,0,0,0,0,0,0,0,0,3.226031,64.515979,0
"4C_12",0,0,0,0,9.374613,0,0,0,0,3.125246,0,0,0,3.125246,0,0,0,0,0,0,0,0,0,0,0,0,0,0,0,0,9.374613,0,0,0,0,2.343653,0,3.125246,0,0,0,0,0,0,3.125246,56.24993,0
"4C_13",0,0,0,0,6.061069,0,0,0,0,0,0,0,0,6.061069,0,0,0,0,0,0,0,0,0,0,0,0,0,0,0,0,9.090512,0,0,0,0,3.787895,0,0,0,0,0,0,0,0,0,63.635769,0
"4C_14",0,0,0,0,2.777944,0,2.777944,0,0,0,0,0,0,2.777944,0,0,0,0,0,0,0,0,0,0,0,0,0,0,0,0,2.777944,0,0,0,0,2.083458,0,0,0,0,0,0,0,0,2.777944,77.776444,0
"4C_15",0,0,0,0.9259907,0,0,0,0,5.5559444,0,0,0,0,0,0,0,0,0,0,0,0,0,0,0,0,0,0,0,0,0,2.7779722,0,0,0,0,1.3889861,0,0,0,0,0,0,0,0,8.3329167,74.99925,0
"4C_16",1.4286743,0,0,0,0,0,0,0,0,0,0,0,0,0,0,0,0,0,0,0,0,0,0,1.4286743,2.8573486,0,0,0,0,0,5.7146971,0,0,0,0,0.7143371,0,0,11.4283657,0,0,0,0,0,0,71.4275429,0
"4C_17",0,0,0,0,0,0,0,0,0,0,0,0,0,3.030534,0,0,0,0,0,0,0,0,0,0,0,0,0,0,0,0,12.121047,0,0,0,0,2.272628,0,0,3.030534,0,0,0,0,0,3.030534,69.696837,0
"4C_18",0,0,0,0,0,0,0,0,0,0,0,0,0,2.778,0,0,0,0,0,0,0,0,0,0,0,0,0,0,0,0,8.333,0,0,0,0,0,0,0,11.111,0,0,0,0,0,2.778,75,0
"4C_19",0,0,0,0,0,0,0,0,0,0,0,0,0,0,0,0,0,0,0,0,2.778,0,0,0,0,0,0,0,0,0,0,0,0,0,0,0,0,0,8.333,0,0,0,0,0,0,88.889,0
"4C_20",0,0,0,0,0,0,0,0,0,0,0,0,0,0,0,0,0,0,0,0,0,0,0,0,0,0,0,0,0,0,0,0,0,0,0,0,0,0,5.556,0,0,0,0,0,0,94.444,0
"5A_01",0,0,0,0,0,0,0,0,0,0,0,0,0,0,0,0,0,0,0,0,0,0,0,0,0,0,0,0,0,0,0,0,0,0,0,2.77775,11.111,0,0,0,0,0,0,0,2.778,52.778,0
"5A_02",0,0,0,0,0,0,0,0,0,0,0,0,0,0,0,0,0,0,0,0,0,0,0,0,0,0,0,0,0,0,11.110889,0,0,0,0,1.388986,10.185231,0,2.777972,0,0,0,0,0,27.777722,22.221778,0
"5A_03",0,0,0,0,0,0,0,0,0,0,0,0,0,2.7779722,0,0,0,0,0,0,0,0,0,0,2.7779722,0,0,0,0,0,0,0,0,0,0,0,0.9259907,0,11.1108889,2.7779722,0,0,0,0,2.7779722,74.99925,0
"5A_04",0,0,0,0,0,0,0,0,0,2.857349,0,0,0,5.714697,0,0,0,0,0,0,0,0,0,0,2.857349,0,0,0,0,0,0,0,0,0,0,0,0,0,2.857349,0,0,0,0,0,0,85.713257,0
"5A_05",0,0,0,0.9259907,0,0,0,0,0,0,0,0,0,5.5559444,0,0,0,0,0,0,0,0,0,0,2.7779722,0,0,0,0,0,0,0,0,0,0,0,0,0,0,0,0,0,0,0,2.7779722,86.1101389,0
"5A_06",0,0,0,0,0,0,0,0,2.857349,0,0,0,0,2.857349,0,0,0,0,0,0,0,0,0,0,0,0,0,0,0,0,0,0,0,0,0,0,1.904899,0,0,0,0,0,0,0,0,88.570606,0
"5A_07",0,0,0,0,0,0,0,0,0,0,0,0,0,5.556,0,0,0,0,0,0,0,0,0,0,0,0,0,0,0,0,0,0,0,0,0,0.6945,2.777667,0,0,0,0,0,0,0,0,83.333,0
"5A_08",0,0,0,0,0,0,0,0,0,0,0,0,0,0,0,0,0,0,0,0,0,0,0,0,0,0,0,0,0,0,0,0,0,0,0,1.389,0,0,0,8.333,0,0,0,0,0,86.111,0
"5A_09",0,0.6061069,0,3.0301708,9.0905124,0,0,0,0,0,0,0,3.0305344,0,0,0,0,0,0,0,0,0,0,0,3.0305344,0,0,3.0305344,0,0,0,0,0,0,0,0.7576336,0,0,0,0,0,0,0,0,36.3631405,30.3031625,0
"5A_10",0,1.2122005,9.0904132,0,6.0610027,0,0,0,0,0,0,0,0,0,0,0,0,0,0,0,0,0,0,0,0,0,0,0,0,0,0,0,0,0,0,0.7576253,0,0,0,0,0,0,0,0,18.1819174,57.5751625,0
"5A_11",0,0,0,0,5.555944,0,0,0,0,0,0,0,0,0,0,0,0,0,0,0,0,0,0,0,0,0,0,0,0,0,11.110889,0,0,0,0,2.777722,0,1.388986,0,0,0,0,0,0,2.777972,66.666333,0
"5A_12",0,0,0,0,0,0,0,0,0,0,0,1.389,0,0,0,0,0,0,0,0,0,0,0,0,0,0,0,0,0,0,0,0,0,0,0,2.08325,0,0,5.556,0,0,0,0,0,0,83.333,0
"5A_13",0,0,0,0,0,0,0,0,0,0,0,1.3889861,0,0,0,0,0,0,0,0,0,0,0,0,0,0,0,0,0,0,13.8888611,0,0,0,0,1.3889861,0.9259907,0,0,0,0,0,0,0,2.7779722,72.2212778,0
"5A_14",0,0,0,0,0,0,0,0,0,0,0,0,0,0,0,0,0,0,0,0,0,0,0,0,2.777972,0,0,0,0,0,0,0,0,0,0,0,0,0,5.555944,0,0,0,0,0,0,91.666083,0
"5A_15",0,0,0,0,8.823125,0,0,0,0,0,0,0,0,0,0,0,0,0,0,0,0,0,0,0,0,0,0,0,0,0,5.882789,0,0,0,0,3.676478,0,0,2.941394,0,0,0,0,0,14.705913,52.940865,0
"5A_16",0,0,0,0,13.333093,0,0,0,0,0,0,0,0,0,0,0,0,0,0,0,9.99952,0,0,0,0,0,0,0,0,0,6.667147,0,0,0,0,0,0,0,0,0,0,0,0,0,63.333093,6.667147,0
"5A_17",0,0,0,0,31.249859,0,0,0,0,0,0,0,3.125211,0,0,0,0,0,0,0,0,0,0,0,0,0,0,0,0,0,3.125211,0,0,0,0,0,0,0,0,0,0,0,0,0,62.499719,0,0
"5A_18",0,0,0,3.8094552,0,0,0,0,5.7146971,0,0,0,0,0,0,0,0,0.9524495,0,0,0,0,0,0,2.8573486,0,0,0,8.5710171,0,0,0,0,0,0,0.7143371,0,0,2.8573486,0,0,0,0,0,0,62.8565257,0
"5A_19",0,0.5882727,0,0,0,0,0,0,0,0,0,0,0,0,0,0,0,1.9609089,0,0,0,0,0,0,0,0,0,0,0,0,2.9413633,0,0,0,0,4.4117803,0,0,0,0,0,0,0,0,2.9413633,67.6460623,0
"5A_20",0,0,2.777972,3.70363,11.110889,0,0,0,0,0,0,0,0,0,0,0,0,0,0,0,0,0,0,0,5.555944,0,0,0,0,0,11.110889,0,0,0,0,0,0,0,2.777972,0,0,0,2.777972,0,16.666833,33.332667,0
"5B_01",0,0,0,0.9259907,0,0,0,0,0,0,0,0,0,2.7779722,0,0,0,0,0,0,0,0,0,0,0,0,0,0,0,0,5.5559444,0,0,0,0,0,4.6296204,0,0,0,0,0,0,0,0,74.99925,0
"5B_02",0,0,0,2.857006,0,0,0,0,0,0,0,0,0,2.857349,0,0,0,0,0,0,0,0,0,0,0,0,0,0,0,0,5.714697,0,0,0,0,0,11.428366,0,2.857349,2.857349,0,0,0,0,2.857349,39.999794,0
"5B_03",0,0,0,0.9524397,8.570929,0,0,0,0,0,2.8573192,0,0,0,0,0,0,0,0,0,0,0,0,0,0,0,0,0,0,0,0,0,0,0,0,1.4286596,1.9048795,0,0,0,0,0,0,0,17.1428865,57.1422694,0
"5B_04",0,0,0,0,13.888861,0,0,0,0,0,0,0,0,0,0,0,0,0,0,0,0,0,0,0,0,0,0,0,0,0,0,0,2.777972,0,0,3.472215,9.259241,1.388986,0,0,0,0,0,0,38.888611,0,0
"5B_05",0,1.1112,0,0,19.444,0,0,0,0,0,0,0,0,0,0,0,0,0,0,0,0,0,0,0,0,0,0,0,0,0,0,0,0,0,0,4.1665,0,0,0,0,0,0,0,0,52.778,5.556,0
"5B_06",0,0,0,1.111204,23.332893,0,0,0,0,0,0,0,0,0,0,0,0,0,0,0,0,0,0,0,0,0,0,0,0,0,0,0,0,0,0,0,0,0,0,0,0,0,0,0,53.333013,20.00048,0
"5B_07",0,0,0,0,0,0,0,0,0,0,0,0,0,0,0,0,0,0,0,0,0,0,0,0,0,0,0,0,0,0,0,0,0,0,0,1.4706817,0.9804544,1.4706817,2.9413633,0,0,0,0,0,0,85.2931834,0
"5B_08",0,0.5555944,0,0.9259907,0,0,0,0,0,0,0,0,0,0,1.3889861,0,0,0,0,0,0,0,0,0,0,0,0,0,0,0,0,0,0,0,0,0,0,0,0,0,0,0,0,0,2.7779722,88.8881111,0
"5B_09",0,1.1111889,0,0,5.5559444,0,0,0,0,0,0,0,0,0,0,0,0,0,0,0,0,0,0,0,0,0,0,0,0,0,0,0,0,0,0,0.6944931,0,0,0,0,0,0,0,0,0,86.1101389,0
"5B_10",0,0,0,0,0,0,0,0,0,0,0,2.8573486,0,0,1.4286743,0,0,0,0,0,0,0,0,0,0,0,0,0,0,0,0,0,0,0,0,0.7143371,0.9524495,0,0,0,0,0,0,0,0,85.7132572,0
"5B_11",0,0,0,0,0,0,0,0,0,0,0,0,0,0,0,0,0,0,0,0,0,0,0,0,0,5.7146384,0,0,0,0,0,0,0,0,0,1.4286596,0.9524397,0,5.7146384,0,0,0,0,0,0,79.9987657,0
"5B_12",0,0,0,0,0,0,0,2.777972,0,0,0,0,0,2.777972,0,0,0,0,0,0,0,0,0,0,0,0,0,0,0,0,2.777972,0,0,0,0,1.388986,0,0,0,0,0,0,0,0,66.666333,19.443806,0
"5B_13",0,0.5555944,0,0,0,0,0,0,0,0,0,0,0,0,0,0,0,0,0,2.7779722,0,0,0,0,0,0,0,0,0,0,2.7779722,0,0,0,0,5.5554444,0.9259907,0,0,0,0,0,0,0,5.5559444,61.1103889,0
"5B_14",0,0,0,0,0,0,0,0,0,0,0,0,0,0,0,0,0,0,0,0,0,0,0,0,0,0,0,0,0,0,0,0,0,0,0,0,8.333333,0,0,0,0,0,0,0,5.556,69.444,0
"5B_15",0,0,0,0.926,0,0,0,0,0,0,0,0,0,0,0,0,0,0,0,0,0,0,0,0,0,0,0,0,0,0,0,0,0,0,0,0,0,0,0,0,0,0,0,0,0,97.222,0
"5B_16",0,0,0,2.0834505,6.2503516,24.9991563,0,0,0,0,0,0,0,0,0,0,6.2503516,2.0834505,0,0,0,0,0,0,0,0,0,0,0,0,0,0,0,0,0,0.7812939,1.0417253,0,0,0,0,0,0,0,9.3744024,34.3746836,0
"5B_17",0,0,0,0,8.571105,45.713933,0,0,0,2.857378,0,0,0,0,0,0,0,0,0,0,0,0,0,0,0,0,0,0,0,0,0,0,0,0,0,0,0,0,0,0,0,0,0,0,0,42.857584,0
"5B_18",0,0,0,0,17.6471211,11.7643945,0,0,0,0,0,0,0,0,0,0,0,0,0,0,0,0,0,0,2.9413633,0,0,0,0,0,0,0,0,0,0,0,0.9804544,0,0,0,0,0,0,0,32.3528789,32.3528789,0
"5B_19",0,0.5555944,0,0,8.3329167,0,0,0,0,0,0,0,0,2.7779722,0,0,0,0,0,0,0,0,0,0,0,0,0,0,0,0,0,0,0,0,0,0,5.5556111,0,5.5559444,0,0,0,0,0,0,63.8883611,0
"5B_20",0,0,0,0,0,0,0,0,0,0,0,0,0,5.555889,0,0,0,0,0,0,0,0,0,1.388972,0,0,0,0,0,0,0,0,0,0,0,0,1.851963,0,5.555889,0,0,0,0,0,0,80.554389,0
"5C_01",0,0,0,7.407333,0,0,0,0,0,0,0,0,0,2.778,0,0,0,0,0,0,0,0,0,0,0,0,0,0,0,0,2.778,0,0,0,0,0,0,0,0,0,0,0,0,0,8.333,63.889,0
"5C_02",0,0,0,0,0,0,0,0,0,0,0,0,0,0,0,0,0,0,0,0,0,0,0,0,0,0,0,0,2.777972,0,2.777972,0,0,0,0,0,4.62962,0,0,0,0,0,1.388986,0,0,77.777222,0
"5C_03",0,0,0,2.777667,0,0,0,0,0,0,0,0,0,2.778,0,0,0,0,0,0,0,0,0,0,0,0,0,0,8.333,0,0,0,0,0,0,0,0,0,0,0,0,0,0,0,2.778,77.778,0
"5C_04",0,0,0,1.851963,8.332833,0,0,0,0,0,0,2.777944,0,0,0,0,5.555889,0,0,0,0,0,0,0,0,0,0,0,0,0,2.777944,0,0,0,0,0,1.851963,0,0,0,0,0,0,0,5.555889,58.331833,2.777944
"5C_05",0,0,0,0.9524495,17.1430629,0,0,0,0,0,0,0,0,8.5710171,0,0,0,0,0,0,0,0,0,0,0,0,0,0,0,0,0,0,0,0,0,0,0.9524495,0,0,0,0,0,0,0,2.8573486,65.7138743,0
"5C_06",0,0,0,0,0,0,0,0,0,0,0,0,0,2.778,0,0,0,0,0,0,0,0,0,0,0,0,0,0,0,0,0,0,0,0,0,4.16675,2.777667,0,0,0,0,0,0,0,0,72.222,0
"5C_07",0,0,0,0,0,0,0,0,0,0,0,0,0,0,0,0,0,0,0,0,0,0,0,0,0,0,0,0,0,0,0,0,0,0,0,1.388986,12.96287,0,0,0,0,0,0,0,0,55.555444,0
"5C_08",0,0,0,5.208251,0,0,0,0,0,0,0,0,0,3.125176,0,0,0,0,0,0,3.125176,0,0,0,3.125176,0,0,0,0,0,0,0,0,0,0,3.125176,0,0,0,0,0,0,1.562588,0,28.124332,31.249508,0
"5C_09",0,0.6250352,0,5.2082513,0,0,0,0,0,0,0,0,0,0,0,0,0,1.0417253,0,0,3.1251758,0,0,0,6.2503516,0,0,0,0,0,3.1251758,0,0,0,0,1.5625879,1.0417253,0,0,0,0,0,0,0,9.3744024,46.8742617,0
"5C_10",0,0,0,0.9259907,2.7779722,0,0,0,0,8.3329167,0,2.7779722,0,0,0,0,0,0,0,0,0,0,0,0,2.7779722,0,0,0,0,0,0,0,0,0,0,4.1667083,0,0,0,0,0,0,0,0,2.7779722,58.3324167,0
"5C_11",0,0,0,0,8.3330833,0,0,0,0,0,0,0,0,2.7780278,0,0,8.3330833,0.9260093,0,0,2.7780278,0,0,0,0,0,8.3330833,0,0,0,0,0,0,0,0,0,0,0,0,0,0,0,0,0,8.3330833,58.3335833,0
"5C_12",0,0,0,0,5.5559444,0,0,0,0,0,0,1.3889861,0,0,0,0,0,0,0,0,2.7779722,0,0,0,2.7779722,0,0,0,0,0,0,0,0,0,0,0,0.9259907,0,0,0,0,0,0,0,0,83.3321667,0
"5C_13",0,0,0,2.8570057,2.8573486,0,0,0,0,0,0,0,0,0,0,0,0,0,0,0,0,0,0,0,0,0,0,0,0,0,2.8573486,0,0,0,0,0.7143371,0,0,2.8573486,0,0,0,0,0,0,79.9995886,0
"5C_14",0,0,0,2.777667,2.778,0,0,0,0,0,0,0,0,2.778,0,0,0,0,0,0,0,0,0,0,0,0,0,0,0,0,11.111,0,0,0,0,0.6945,0,0,0,0,0,0,0,0,0,72.222,0
"5C_15",0,0,0,0,0,0,0,0,0,0,0,0,0,0,0,0,0,1.904879,0,0,0,0,0,0,0,0,0,0,0,0,2.857319,0,0,0,0,1.42866,0,0,0,0,0,0,0,0,2.857319,82.856085,0
"5C_16",0,0,0,0,14.285567,0,0,0,0,0,0,0,0,2.857319,0,0,0,0,0,0,2.857319,0,0,0,0,0,0,0,0,0,5.714638,0,0,0,0,0,0,0,0,0,0,0,0,0,5.714638,68.570518,0
"5C_17",0,0,0,2.857006,2.857349,0,0,0,0,0,0,0,0,0,0,0,0,0,0,0,0,0,0,0,0,0,0,0,0,0,0,0,0,0,0,0,4.761905,0,5.714697,0,0,0,0,0,14.285714,54.285509,0
"5C_18",0,0,0,14.814519,0,0,0,0,0,0,0,2.777972,0,0,0,0,0,0,0,0,0,0,0,0,0,0,0,0,0,0,0,0,0,0,0,0,1.851981,0,0,0,0,0,0,0,5.555944,38.888611,0
"5C_19",0,0,0,8.33325,0,0,0,0,0,0,0,1.388986,0,0,0,0,0,0,0,2.777972,0,0,0,0,2.777972,0,0,0,0,0,2.777972,0,0,0,0,0,2.777639,0,2.777972,2.777972,0,0,0,0,0,49.9995,0
"5C_20",0,0,0,0,8.571017,0,0,0,0,0,0,0,0,2.857349,0,0,0,0,0,0,0,0,0,0,0,2.857349,0,0,0,0,2.857349,0,0,0,0,0,1.904899,0,2.857349,0,0,0,0,0,8.571017,65.713874,0
"6A_01",0,0,0,4.629574,0,0,0,0,0,0,0,0,0,0,1.388972,0,0,0,0,0,0,0,0,0,0,5.555889,0,0,0,0,0,0,0,0,0,2.777694,1.851963,0,2.777944,0,0,0,0,0,2.777944,55.554889,0
"6A_02",0,0,0,0,0,0,0,0,0,0,0,0,0,0,0,0,0,0,0,0,0,0,0,0,2.941426,0,0,0,0,0,0,0,0,0,0,0,3.921548,0,11.764644,0,0,0,0,0,0,73.529287,0
"6A_03",0,0,0,2.777667,2.778,0,0,0,0,0,0,0,0,0,0,0,0,0,0,0,0,0,0,0,2.778,0,0,0,0,0,0,0,0,0,0,1.389,0,0,11.111,0,0,0,0,0,11.111,58.333,0
"6A_04",0,0,0,3.8094944,0,0,0,0,0,0,0,0,0,0,0,0,0,0,0,2.857378,0,0,0,0,0,0,0,0,0,0,0,0,0,0,0,0.7143445,2.8570351,0,5.7147559,0,0,0,0,0,8.5711053,59.9997943,0
"6A_05",0,0,0,0,6.250492,0,0,0,0,0,0,0,0,0,0,0,0,0,0,0,3.125246,0,0,0,0,0,0,0,0,0,0,0,0,0,0,1.562623,12.499859,0,0,0,0,0,0,0,9.374613,37.499578,0
"6A_06",0,0,0,0,17.647121,0,0,0,0,0,0,0,0,0,0,0,0,1.960909,0,0,0,0,0,0,0,0,2.941363,0,0,0,0,0,0,0,0,0,16.666314,0,0,0,2.941363,0,0,0,2.941363,17.647121,0
"6A_07",0,0,0,0,18.750141,0,0,0,0,6.250422,0,0,0,0,0,0,0,2.083474,0,0,0,0,0,0,0,0,0,0,0,0,0,0,0,0,0,0,12.499719,0,0,0,0,0,0,0,3.125211,28.124648,0
"6A_08",0,0,0,0,0,0,0,0,0,0,0,0,0,0,0,0,0,0,0,0,0,0,0,0,0,0,0,0,0,0,0,0,0,0,0,0,29.62967,0,0,0,0,0,0,0,0,11.111,0
"6A_09",0,0,0,0,0,0,0,0,0,0,0,0,0,0,0,0,0,0,0,0,0,0,0,0,0,0,0,0,0,0,0,0,0,0,0,0,33.33333,0,0,0,0,0,0,0,0,0,0
"6A_10",0,0,0,0,0,0,0,0,0,0,0,0,0,0,0,0,0,0,0,2.778,0,0,0,0,0,0,0,0,0,0,0,0,0,0,0,2.77775,16.66667,0,0,0,0,0,0,0,0,36.111,0
"6A_11",0,0,0,0.9804752,0,0,0,0,0,0,0,0,0,0,0,0,0,0,0,0,0,0,0,0,0,0,0,0,0,0,0,0,0,0,0,2.2058045,2.9410727,0,0,0,0,0,0,0,0,79.4121384,0
"6A_12",0,0,0,1.96095,0,0,0,0,0,0,0,0,0,0,0,0,0,0,0,0,0,0,0,0,2.941426,0,0,0,0,0,0,0,0,0,0,0,6.862621,0,20.587862,0,0,0,0,0,0,50,0
"6A_13",0,0,0,0,2.777972,0,0,0,0,0,0,0,0,0,0,0,0,0,0,0,0,0,0,0,5.555944,0,0,0,0,0,0,0,0,0,0,0,1.851981,0,13.888861,0,0,0,0,0,22.221778,49.9995,0
"6A_14",0,0,0,0,0,0,0,0,0,0,0,0,0,0,0,0,0,0,0,0,0,0,0,0,0,0,0,0,0,0,0,0,0,0,0,0,31.110951,0,6.667147,0,0,0,0,0,0,0,0
"6A_15",0,0,0,1.96093,11.764519,0,0,0,0,0,0,0,0,0,0,0,0,0,0,0,0,0,0,0,2.941394,0,0,2.941394,0,0,0,0,0,0,0,0,7.843013,0,2.941394,0,0,0,0,0,0,47.058076,2.941394
"6A_16",0,0,0,0,0,0,0,0,0,0,0,0,0,2.777972,0,0,0,0,0,0,0,0,0,0,0,0,0,0,0,0,2.777972,0,0,0,0,0,0,0,27.777722,0,0,0,0,0,0,66.666333,0
"6A_17",0,0,0,0,0,0,0,0,0,0,0,0,0,0,0,0,0,0,0,0,0,0,0,0,2.778,0,0,0,0,0,0,0,0,0,0,0,0,0,36.111,0,0,0,0,0,13.889,47.222,0
"6A_18",0,0,0,3.70363,0,13.888861,0,0,0,0,0,0,0,0,0,0,0,0,0,0,0,0,0,0,0,0,0,0,0,0,2.777972,0,2.777972,0,0,0,1.851981,0,27.777722,0,0,0,0,0,0,36.110639,0
"6A_19",0,0,0,7.407259,11.110889,2.777972,0,0,0,0,0,0,0,2.777972,0,0,0,0,0,0,0,0,0,0,2.777972,0,0,0,0,0,0,0,0,0,0,0,0,0,27.777722,0,0,0,0,0,0,30.555694,0
"6A_20",0,0,0,0.9259907,5.5559444,0,0,0,0,0,0,0,0,0,0,0,0,0,0,0,0,0,0,0,0,0,0,0,0,0,0,0,0,0,0,0,0,0,16.6668333,0,0,0,0,0,0,74.99925,0
"6B_01",0,0,0,2.222409,9.99964,0,0,0,0,0,0,0,0,0,0,0,0,0,0,0,0,0,0,0,0,0,0,0,0,0,0,0,0,0,0,2.49991,1.111204,0,0,0,0,0,0,0,56.666627,13.333253,0
"6B_02",0,0,0,10.185231,0,0,0,0,0,0,0,0,0,0,0,0,0,0,0,0,0,0,0,0,0,0,0,0,0,0,0,0,2.777972,0,0,0,3.70363,0,0,0,0,0,0,0,0,55.555444,0
"6B_03",0,0,5.5559444,2.7779722,0,0,0,0,0,0,0,0,0,0,0,0,0,0,0,0,2.7779722,0,0,0,0,0,22.2217778,0,0,0,0,0,0,0,0,0.6944931,0,0,0,0,0,0,0,0,0,58.3324167,0
"6B_04",0,0,0,8.333333,0,0,0,0,0,0,0,0,0,0,0,0,0,0,0,0,0,0,0,0,0,0,0,0,0,0,0,0,0,0,0,0,0,0,2.778,0,0,0,0,0,8.333,63.889,0
"6B_05",0,0,0,0,13.888722,0,0,0,0,0,0,0,0,0,0,0,0,0,0,0,0,0,0,0,2.777944,0,0,0,0,0,5.555889,0,0,0,0,1.388972,1.851963,0,2.777944,0,0,0,0,0,2.777944,61.109778,0
"6B_06",0,0,0,7.07052,6.061069,0,0,0,0,3.030534,0,0,0,0,0,0,0,0,0,0,0,0,0,0,3.030534,0,0,0,0,0,0,0,0,0,0,0,1.010178,0,9.090512,0,0,0,0,0,3.030534,51.514722,0
"6B_07",0,0,0,4.761856,0,0,0,0,0,0,0,0,0,0,0,0,0,0,0,0,0,0,0,0,0,0,0,0,0,0,0,0,0,0,0,1.42866,3.809759,0,2.857319,0,0,0,0,0,0,65.713198,0
"6B_08",0,0,0,3.809455,0,0,0,0,0,0,0,2.857349,0,0,0,0,0,0,0,0,0,0,0,0,0,0,0,0,0,0,0,0,0,0,0,0,3.809455,0,2.857349,0,0,0,0,0,2.857349,65.713874,0
"6B_09",0,0,0,0,28.571135,0,0,0,0,2.857319,0,1.42866,0,0,0,0,0,1.904879,0,0,0,0,0,0,0,0,0,0,0,0,0,0,0,0,0,0,4.761856,0,0,0,0,0,0,0,2.857319,42.856702,0
"6B_10",0,0,0,0.926,8.333,0,0,0,0,0,0,0,0,0,0,0,0,4.629667,0,0,0,0,0,0,0,0,0,0,0,0,0,0,0,0,0,0,16.666667,0,0,0,0,0,0,0,11.111,13.889,0
"6B_11",0,0,0,2.777611,2.777944,0,0,0,0,2.777944,0,1.388972,0,0,0,0,0,0,0,0,5.555889,0,0,0,0,0,0,0,0,0,0,0,0,0,0,1.388972,5.555556,0,0,0,0,0,0,0,5.555889,49.999,0
"6B_12",0,0,0,0,0,0,0,0,0,0,0,0,0,0,0,0,0,0,0,0,0,0,0,0,0,0,0,0,0,0,0,0,0,0,0,0,12.037,0,8.333,0,0,0,0,0,0,55.556,0
"6B_13",0,0,0,1.904879,0,0,0,0,0,0,0,0,0,0,0,0,0,0,0,0,0,0,0,0,5.714638,0,0,0,0,0,2.857319,0,0,0,0,0,9.523712,0,2.857319,0,0,0,0,0,2.857319,51.427631,0
"6B_14",0,0,0,3.703593,5.555889,0,0,0,0,0,0,0,0,0,0,0,0,0,0,0,0,0,0,0,2.777944,0,0,0,0,0,0,0,0,0,0,0,5.555556,0,5.555889,2.777944,0,0,0,0,2.777944,52.776944,0
"6B_15",0,0,0,2.9410104,2.9413633,0,0,0,0,2.9413633,0,0,0,0,0,0,0,0,0,0,0,0,0,0,5.8827266,0,0,0,0,0,0,0,0,0,0,0.7353408,9.8038385,0,5.8827266,0,0,0,0,0,0,41.17591,0
"6B_16",0,0,0,0,8.332917,0,0,0,0,0,0,0,0,2.777972,0,0,0,0,0,0,0,0,0,0,2.777972,0,0,0,0,0,2.777972,0,0,0,0,1.388986,12.03688,0,0,0,0,0,0,0,2.777972,38.888611,0
"6B_17",0,0,0,7.61891,28.571429,0,0,0,0,0,0,0,0,2.857349,0,0,0,0,0,0,0,0,0,0,0,0,0,0,0,0,0,0,0,0,0,1.428674,0,0,0,0,0,0,0,0,2.857349,37.142446,0
"6B_18",0,0,0,0.9259907,22.2217778,0,0,0,0,0,0,0,0,2.7779722,0,0,0,0,0,0,0,0,0,0,2.7779722,0,0,0,0,0,0,0,0,0,0,1.3889861,7.4072593,0,8.3329167,0,0,0,0,0,2.7779722,30.5556944,0
"6B_19",0,0,0,1.904899,14.285714,0,0,0,0,0,0,0,0,0,0,0,0,0,0,0,0,0,0,0,0,0,0,0,0,0,0,0,0,0,0,0,4.761905,0,0,0,0,0,0,0,34.285097,31.428777,0
"6B_20",0,0,0,0,11.428483,0,0,0,0,0,0,0,0,0,0,0,0,0,0,0,0,0,0,0,0,0,0,0,0,0,0,0,0,0,0,0,7.618989,0,8.571105,0,0,0,0,0,0,57.143445,0
"6C_01",0,0,0,0,2.778,0,0,0,0,0,0,0,0,0,0,0,0,0,0,0,0,0,0,0,0,0,0,0,0,0,0,0,0,0,0,0,5.555667,0,8.333,0,0,0,0,0,2.778,69.444,0
"6C_02",0,0,0,0.9259907,24.99975,0,0,0,0,0,0,0,0,0,0,0,0,0,0,0,0,0,0,0,0,0,0,0,0,0,0,0,0,0,0,2.0832292,3.7036296,0,16.6668333,0,0,0,0,2.7779722,2.7779722,30.5556944,0
"6C_03",0,0,0,3.809494,22.856967,5.714756,0,0,0,0,0,0,0,0,0,0,0,0,0,0,0,0,0,0,0,0,0,0,0,0,0,0,0,0,0,2.142776,3.809494,0,11.428483,0,0,0,0,0,0,28.571722,0
"6C_04",0,0,0,0.9524495,28.5714286,2.8573486,0,0,0,0,0,0,0,0,0,0,0,0,0,0,0,0,0,0,0,0,0,0,0,0,0,0,0,0,0,0.7143371,9.5238095,0,0,0,0,0,0,0,19.9993829,14.2857143,0
"6C_05",0,0,0,10.185231,13.888861,0,0,0,0,0,0,0,0,0,0,0,0,0,0,0,0,0,0,0,0,0,0,0,0,0,0,0,0,0,0,0,12.03688,0,2.777972,0,0,0,0,0,0,16.666833,0
"6C_06",0,0.5555944,0,1.8519815,0,0,0,0,0,0,0,0,0,0,0,0,0,0,0,0,2.7779722,0,0,0,0,0,0,0,0,0,0,0,0,0,0,0,24.0737593,0,2.7779722,0,0,0,0,0,0,13.8888611,0
"6C_07",0,0,0,0,2.777972,0,0,0,0,0,0,1.388986,0,0,0,0,0,0,0,0,0,0,0,0,0,0,0,0,0,0,0,0,0,0,0,0,10.185231,0,24.99975,0,0,0,0,0,0,38.888611,0
"6C_08",0,0,0,0,14.285861,0,0,0,0,0,0,0,0,0,0,0,0,0,0,0,0,0,0,0,0,0,0,0,0,0,0,0,0,0,0,1.428689,2.857035,0,17.143239,0,0,0,0,0,19.999589,34.28545,0
"6C_09",0,0,0,0,22.222,0,0,0,0,0,0,0,0,0,0,0,0,0,0,0,0,0,0,0,0,0,0,0,0,0,0,0,0,0,0,0.6945,0.926,0,0,0,0,0,0,0,22.222,50,0
"6C_10",0,0,0,2.9410727,8.823218,0,0,0,0,0,0,0,0,2.9414256,0,0,0,0,0,0,0,0,0,0,0,0,0,0,0,0,0,0,0,0,0,0,0.9804752,0,0,0,0,0,0,0,2.9414256,73.5292872,0
"6C_11",0,0,0,0.9259907,0,0,0,0,0,0,0,0,0,0,0,0,0,0,0,0,0,0,0,0,0,0,0,0,0,0,0,0,0,0,0,0,16.6665,0,0,0,0,0,0,0,5.5559444,41.6665833,0
"6C_12",0,0,0,0,0,0,0,0,0,0,0,0,0,0,0,0,0,0,0,0,0,0,0,0,0,0,0,0,0,0,0,0,0,0,0,1.388986,29.62937,0,0,0,0,0,0,0,0,5.555944,0
"6C_13",0,0,0,0,0,0,0,0,0,0,0,0,0,0,0,0,0,0,0,0,0,0,0,0,2.857349,0,0,0,0,0,0,0,0,0,0,2.857091,18.09517,0,2.857349,0,0,0,0,0,2.857349,25.71408,0
"6C_14",0,0,0,0,2.857349,0,0,0,0,0,0,0,0,0,0,0,0,0,0,0,0,0,0,0,2.857349,0,0,0,0,0,0,0,0,0,0,0,18.09517,0,0,0,0,0,0,0,0,39.999794,0
"6C_15",0,0,0,0,6.250422,18.750141,0,0,0,0,0,0,0,0,0,0,0,0,0,0,0,0,0,0,6.250422,0,0,0,0,0,0,0,0,0,0,0,4.166573,0,0,0,0,0,0,0,12.499719,43.749578,0
"6C_16",0,0,0,0,0,2.8573486,0,0,0,0,0,0,0,0,0,0,0,0,0,0,0,0,0,0,2.8573486,0,0,0,0,0,0,0,0,0,0,0.7143371,13.3332648,0,0,0,0,0,0,0,2.8573486,48.5708114,0
"6C_17",0,0,0,1.9048795,0,0,0,0,0,0,0,0,0,0,0,0,2.8573192,0,0,0,0,0,0,0,2.8573192,0,0,0,0,0,0,0,0,0,0,1.4286596,0.9524397,0,2.8573192,0,0,0,0,0,2.8573192,74.2841274,0
"6C_18",0,0,0,0,3.333533,0,0,0,0,0,0,0,0,3.333533,0,0,0,0,0,0,0,0,0,0,0,0,0,0,0,0,0,0,0,0,0,0,2.222356,0,0,0,0,0,0,0,20,66.665867,0
"6C_19",0,0,0,7.407333,13.889,0,0,0,0,0,0,0,0,0,0,0,0,0,0,0,0,0,0,0,0,0,0,0,0,0,0,0,0,0,0,0,2.777667,0,5.556,0,0,0,0,0,11.111,38.889,0
"6C_20",0,0,0,0,5.555944,0,0,0,0,0,0,0,0,0,0,0,0,0,0,0,0,0,0,0,2.777972,0,0,0,0,0,0,13.888861,0,0,0,2.083229,11.110889,0,5.555944,0,0,0,0,0,2.777972,27.777722,0
"7A_01",0,0.6061003,0,1.0101671,0,0,0,0,0,0,0,3.0305014,0,0,0,0,0,0,0,3.0305014,0,0,0,0,0,0,0,0,0,0,0,0,0,0,0,0,0,0,0,0,0,0,0,0,24.2418292,60.6056639,0
"7A_02",0,0,0,0,0,5.555944,0,0,0,0,0,0,0,0,0,0,0,0,0,0,0,0,0,0,2.777972,0,0,0,0,0,0,0,0,0,0,0,0,0,0,0,0,0,0,0,27.777722,61.110389,2.777972
"7A_03",0,0,0,0,0,0,0,0,0,0,0,0,0,0,1.470682,0,0,0,0,0,0,0,0,0,0,0,0,0,5.882727,0,0,0,0,0,0,2.941363,0,0,0,11.764394,0,0,0,0,23.528789,41.17591,2.941363
"7A_04",0,0,0,0,0,24.2420937,0,0,0,0,0,0,0,0,0,0,0,0,0,0,0,0,0,0,0,0,0,0,0,0,0,0,0,0,0,0.7576336,0,0,0,0,0,0,0,0,12.1210468,60.6063251,0
"7A_05",0,0,0,0,0,0,0,0,0,0,5.7147559,0,0,0,0,0,0,0.9524593,0,0,0,0,0,0,0,0,0,0,0,0,0,0,0,0,0,2.1427763,0,0,0,0,0,0,1.428689,0,8.5711053,71.4282776,0
"7A_06",0,0,0,0,5.882789,0,0,0,0,0,11.764519,0,0,0,0,0,0,0,0,0,0,0,0,0,0,0,0,0,0,0,0,0,0,0,0,2.94113,0,1.470697,0,0,0,0,0,0,8.823125,58.823654,0
"7A_07",0,0,0,0,0,0,0,0,0,0,3.030501,1.515251,0,0,6.060457,0,0,0,0,0,3.030501,0,0,0,0,0,3.030501,0,0,0,0,0,0,0,0,3.030229,0,1.515251,0,0,0,0,0,3.030501,6.061003,51.51416,0
"7A_08",1.388986,0,0,2.777639,5.555944,0,0,0,0,0,2.777972,0,0,0,0,0,0,0,0,0,0,0,0,0,0,0,0,0,0,0,0,0,0,0,0,0,0,0,0,0,0,0,0,0,5.555944,74.99925,0
"7A_09",0,0,0,0.9259907,0,0,0,0,0,0,0,0,0,2.7779722,0,0,0,0,0,0,0,0,0,0,0,0,0,0,0,0,0,0,0,0,0,0,0,0,5.5559444,0,2.7779722,0,0,0,0,86.1101389,0
"7A_10",0,0,0,0,0,0,0,0,0,0,0,0,0,5.714638,0,0,0,0,0,0,0,0,0,0,0,0,0,0,0,0,0,0,0,0,0,1.42866,0,0,2.857319,0,0,0,0,0,5.714638,79.998766,0
"7A_11",0,0,0,1.0101781,0,0,0,0,0,0,0,0,0,0,0,0,0,0,0,0,0,0,0,0,0,15.1515813,0,0,0,0,0,0,0,0,0,0.7576336,0,0,0,0,0,0,0,0,24.2420937,54.5452562,0
"7A_12",0,0,0,0,0,0,0,0,0,0,0,0,0,0,0,0,0,0,0,0,0,0,0,0,11.764644,0,0,0,0,0,0,0,0,0,0,5.146965,0,0,5.882851,0,0,0,0,11.764644,2.941426,47.058574,0
"7A_13",0,0,0,2.857319,0,0,0,0,0,0,0,0,0,0,0,0,0,0,0,0,0,0,0,0,0,0,0,0,0,0,0,0,0,0,0,2.142989,8.571272,0,2.857319,0,0,0,0,0,25.713816,28.571135,0
"7A_14",0,0,0,0,0,2.7779722,0,0,0,0,0,1.3889861,0,0,0,0,0,0,0,0,0,0,0,0,0,0,0,0,0,0,0,0,0,0,0,0.6944931,17.5924907,0,2.7779722,0,0,0,0,0,24.99975,11.1108889,0
"7A_15",0,0,0,0,3.030567,0,0,0,0,0,0,0,0,0,0,0,0,0,0,0,0,0,0,0,0,12.121179,0,0,0,0,0,0,0,0,0,0,0,0,0,0,0,0,0,0,9.090612,75.757642,0
"7A_16",0,0,0,0,3.0305344,9.0905124,0,0,0,0,0,0,0,0,1.5152672,0,0,0,0,0,0,0,0,0,0,0,0,0,0,0,0,0,0,0,0,0.7576336,1.0101781,0,0,0,0,0,0,0,3.0305344,75.7568154,0
"7A_17",0,0,0,0,0,0,0,0,0,0,5.555944,0,0,2.777972,0,0,0,0,0,0,0,0,0,0,0,0,0,0,0,0,0,0,0,0,0,0,0,0,0,0,0,0,0,0,11.110889,80.555194,0
"7A_18",0,0,0,5.714354,0,0,0,0,0,0,2.857349,0,0,0,0,0,0,0,0,0,0,0,0,0,0,0,0,0,0,0,0,0,0,0,0,0,1.904899,0,0,0,0,0,0,0,8.571017,65.713874,0
"7A_19",0,0,0,0.926,0,0,0,0,0,0,2.778,0,0,0,0,0,0,0,0,0,0,0,0,0,0,0,0,0,8.333,0,0,0,0,0,0,6.25,0,0,8.333,2.778,0,0,0,0,11.111,38.889,0
"7B_01",0,0,0,0,0,0,0,0,0,0,0,0,0,0,3.125211,0,0,0,0,0,0,0,0,0,3.125211,3.125211,0,0,0,0,0,0,0,0,0,3.906232,0,0,0,0,0,0,0,0,28.124648,40.624367,3.125211
"7B_02",0,0,0,1.960909,0,0,0,0,0,0,0,0,0,0,0,0,0,0,0,0,0,0,0,0,0,0,0,0,0,0,0,0,0,0,0,2.941363,0,0,5.882727,0,0,0,0,0,35.293183,41.17591,0
"7B_03",0,0.5714697,0,0,17.1430629,11.4283657,0,0,0,0,2.8573486,0,0,0,0,0,0,0,0,0,0,0,0,0,0,0,0,0,0,0,0,2.8573486,0,0,0,2.8570914,0,0,2.8573486,0,0,0,0,0,19.9993829,25.71408,2.8573486
"7B_04",0,0,0,0,0,0,0,0,0,0,2.777944,0,0,2.777944,2.777944,0,0,0,0,0,0,0,0,0,0,0,0,2.777944,0,0,0,0,0,0,0,1.388972,0,0,0,0,0,0,2.777944,0,2.777944,69.442611,2.777944
"7B_05",0,0,0,0.9524299,0,0,0,0,0,0,2.8572898,1.4286449,0,0,1.4286449,0,0,0,0,2.8572898,0,0,0,0,0,0,0,0,0,0,0,0,0,0,0,1.4286449,1.9048599,0,5.7145796,0,0,0,0,0,11.4281306,57.1416817,0
"7B_06",0,0,0,0,0,0,0,0,0,0,2.941332,2.941332,0,0,0,0,0,0,0,0,0,0,0,0,0,0,0,0,0,0,0,0,0,0,0,1.470666,0,0,5.882664,0,0,0,0,0,17.646934,55.881076,5.882664
"7B_07",0,0,0,0,5.8827889,0,0,0,0,0,5.8827889,0,0,0,1.4706972,0,0,0,0,0,0,0,0,0,0,0,0,0,0,0,0,0,0,0,0,0.7353486,0,0,0,20.5876436,0,0,0,0,14.7059135,47.0580761,0
"7B_08",0,0,0,0,8.823125,0,2.941394,0,0,0,0,0,0,0,0,0,0,0,0,0,2.941394,0,0,0,0,0,0,0,0,0,0,0,0,0,0,2.94113,6.862548,0,2.941394,0,0,0,0,0,5.882789,44.11774,0
"7B_09",0,0.5714697,0,0,11.4283657,0,0,0,0,0,2.8573486,0,0,0,0,0,0,0,0,0,0,0,0,0,2.8573486,0,0,2.8573486,0,0,0,0,0,0,0,2.8570914,0,0,2.8573486,0,0,0,0,2.8573486,0,59.9991771,0
"7B_10",0,0,0,0,0,0,0,0,0,0,2.777944,0,0,0,0,0,0,0,0,0,0,0,0,0,2.777944,0,0,0,0,0,0,0,0,0,0,1.388972,0,0,5.555889,2.777944,0,0,0,0,2.777944,77.776444,0
"7B_11",0,0,0,0,0,0,2.7779722,0,0,0,2.7779722,0,0,0,0,0,0,0,0,0,0,0,0,0,5.5559444,0,0,0,0,0,0,0,0,0,0,2.7777222,0.9259907,0,2.7779722,0,0,0,0,0,0,69.4433056,2.7779722
"7B_12",0,0,0,0,16.666667,0,2.777944,0,0,2.777944,0,0,0,0,0,0,0,0,0,0,0,0,0,0,2.777944,0,0,0,0,0,0,0,0,0,0,0,0,0,0,0,0,0,0,0,16.666667,52.776944,5.555889
"7B_13",0,0,0,1.041737,12.499719,0,0,0,0,12.499719,0,0,0,0,0,0,0,0,0,0,0,0,0,0,3.125211,0,0,0,0,0,0,0,0,0,0,0,0,0,3.125211,0,0,0,0,0,3.125211,59.374508,3.125211
"7B_14",0,0,0,1.010167,3.030501,0,0,0,0,0,3.030501,0,0,0,0,0,0,0,0,0,0,0,0,0,0,0,0,0,0,0,0,0,0,0,0,0,1.010167,0,0,0,0,0,0,0,0,81.816992,6.061003
"7B_15",0,0,0,3.124801,3.125176,15.624754,0,0,0,6.250352,3.125176,0,0,0,0,0,0,0,0,0,0,0,0,0,3.125176,0,0,0,0,0,0,0,0,0,6.250352,3.906188,0,0,0,0,0,0,0,0,3.125176,34.374684,0
"7B_16",0,0,0,0,8.333,38.889,0,0,0,0,0,0,0,0,0,0,0,0,0,0,0,0,0,0,0,0,0,0,0,0,0,0,0,0,0,0.6945,0,0,2.778,0,0,0,0,0,0,47.222,0
"7B_17",0,0,0,0,5.7146971,0,0,0,0,2.8573486,0,0,0,0,1.4286743,0,0,0,0,0,0,0,0,0,0,0,0,0,0,0,0,0,0,0,0,0.7143371,0,0,2.8573486,0,0,0,0,0,11.4283657,71.4275429,0
"7B_18",0,0,0,0,5.714697,0,0,0,0,0,0,0,0,0,0,0,0,0,0,0,0,0,0,0,0,0,0,0,0,0,0,0,0,0,0,2.143011,0,0,2.857349,0,0,0,0,0,11.428366,71.427543,0
"7B_19",0,0,0,0,9.374613,0,0,0,0,0,0,1.562623,0,0,0,0,0,0,0,0,0,0,0,0,0,0,0,0,0,0,0,0,0,0,0,3.906276,0,0,0,0,0,0,0,0,3.125246,65.624543,3.125246
"7B_20",0,0.5555944,0,0,0,0,0,0,0,8.3329167,0,0,0,0,0,0,0,0,0,0,0,0,0,0,0,0,0,0,0,0,0,0,0,0,0,3.4722153,0,0,0,0,0,0,0,0,5.5559444,66.6663333,2.7779722
"7C_01",0,0,0,0,0,0,0,0,0,0,0,0,0,0,0,0,0,0,0,5.555944,0,0,0,0,0,0,0,0,0,0,0,0,0,0,0,4.166708,0,0,0,0,0,0,0,2.777972,5.555944,69.443306,0
"7C_02",0,0,0,0.9804544,0,0,0,0,0,0,2.9413633,0,0,0,0,0,0,0,0,0,0,0,0,0,0,0,0,0,0,0,0,0,0,0,0,4.4117803,0,0,2.9413633,0,0,0,0,0,5.8827266,67.6460623,0
"7C_03",0,0,0,0,0,0,0,0,0,0,8.823218,0,0,0,0,0,0,0,0,0,0,0,0,0,0,0,0,0,0,0,0,0,0,0,0,2.205804,0,0,14.706069,0,0,0,1.470713,0,14.706069,50,0
"7C_04",0,0,0,0,0,0,0,0,0,0,0,0,0,0,1.562605,0,0,0,0,0,0,0,0,0,0,0,0,0,0,0,0,0,0,0,0,0,0,0,6.250422,0,0,0,0,0,0,90.624367,0
"7C_05",0,0,0,3.030171,6.061069,0,0,0,0,0,0,0,0,0,1.515267,0,0,0,0,0,0,0,0,0,0,0,0,0,0,0,0,0,0,0,0,3.030262,0,0,3.030534,0,0,0,0,0,0,66.666303,0
"7C_06",0,1.142928,0,0,5.714638,0,0,0,0,2.857319,0,0,0,0,0,0,0,0,0,0,0,0,0,0,0,0,0,0,0,0,0,0,0,0,0,7.142784,0,0,0,0,0,0,0,2.857319,2.857319,51.427631,0
"7C_07",0,0,0,0,5.7146971,5.7146971,0,2.8573486,0,2.8573486,0,1.4286743,0,0,0,0,0,0,0,0,0,0,0,0,2.8573486,22.8567314,0,0,0,0,0,0,0,0,0,2.1427543,0.9524495,0,2.8573486,0,0,0,0,0,19.9993829,19.9993829,0
"7C_08",0,0,0,0,5.7146384,0,2.8573192,0,0,2.8573192,0,1.4286596,0,0,0,0,0,0,0,0,0,0,0,1.4286596,0,0,0,0,0,0,0,0,0,0,0,5.0000514,0.9524397,0,0,0,0,0,0,0,19.9991772,37.1420637,2.8573192
"7C_09",0,0,0,0,2.941363,32.352879,0,0,0,2.941363,0,0,0,0,0,0,0,0,0,0,0,0,0,0,0,0,0,0,0,0,0,0,0,0,0,0,0,1.470682,0,0,0,0,1.470682,0,44.117273,8.823031,2.941363
"7C_10",0,0,0,0.9524397,2.8573192,17.1428865,0,0,0,2.8573192,0,0,0,0,0,0,0,0,0,0,0,0,0,0,5.7146384,0,0,0,0,0,0,0,0,0,0,0,0,0,0,0,0,0,0,0,5.7146384,59.99856,2.8573192
"7C_11",0,0,0,0,0,0,0,0,0,0,0,0,0,0,0,0,0,0,0,2.8573192,0,0,0,0,14.2855673,0,0,0,0,0,0,0,0,0,0,0.7143298,0.9524397,0,0,0,0,0,0,5.7146384,31.4284539,39.9993829,0
"7C_12",0,0,0,0.9804648,23.5290381,0,0,0,0,5.8827889,0,0,0,0,0,0,0,0,0,0,0,0,0,0,0,0,0,0,0,0,0,0,0,0,0,2.9411298,2.9410415,0,0,0,0,0,0,2.9413945,38.2349516,5.8827889,0
"7C_13",0,0.5555889,0,0,0,0,0,0,0,5.5558889,2.7779444,0,0,0,0,0,0,0,0,0,0,0,0,0,0,0,0,0,0,0,0,0,0,0,0,2.0832083,0,0,5.5558889,0,0,0,0,0,30.5553889,38.8882222,5.5558889
"7C_14",0,0,0,0,5.7146384,0,0,0,0,0,0,0,0,0,0,0,0,0,0,0,0,0,0,1.4286596,2.8573192,0,0,0,0,0,0,0,0,0,0,0,0.9524397,0,8.570929,0,0,0,0,0,39.9993829,31.4284539,5.7146384
"7C_15",0,0,0,0,0,0,0,0,0,0,5.714638,0,0,0,0,0,0,0,0,0,0,0,0,0,11.428248,0,0,0,0,0,0,0,0,0,0,1.42866,0,0,5.714638,0,0,0,0,0,28.571135,42.856702,0
"7C_16",0,0,0,0,0,2.777972,0,0,0,0,0,0,0,2.777972,0,0,0,0,0,0,0,0,0,0,8.332917,0,0,0,0,0,0,0,0,0,0,2.083229,0,0,0,0,0,0,0,0,30.555694,41.666583,5.555944
"7C_17",0,0,0,1.8519815,8.3329167,0,0,0,0,0,0,0,0,0,0,0,0,0,0,0,2.7779722,0,0,0,5.5559444,0,0,0,0,0,0,0,0,0,0,0.6944931,0,0,0,0,0,0,0,0,27.7777222,47.2215278,0
"7C_18",0,0,0,0,13.888861,0,0,0,0,0,0,0,0,2.777972,0,0,0,0,0,0,0,0,0,0,0,0,0,0,0,0,0,0,0,0,0,2.083479,0,0,0,0,0,0,0,0,11.110889,63.888361,0
"8A_01",0,0,0,0,26.4704325,0,0,0,0,0,0,0,0,5.8827889,0,0,0,0,0,0,8.8231246,0,0,0,0,0,0,0,0,0,0,0,0,0,0,0,0.9804648,2.9413945,0,0,11.764519,0,0,0,0,38.2349516,0
"8A_02",0,0,0,0,28.124648,0,0,6.250422,0,6.250422,0,0,0,0,0,0,0,0,0,0,0,0,0,0,0,0,0,0,0,0,0,0,0,0,0,0,1.041737,0,15.62493,0,0,0,0,0,0,40.624367,0
"8A_03",0,0,0,0,49.9994,0,0,0,0,0,0,0,0,3.333533,0,0,0,0,0,0,0,0,0,0,0,6.667067,3.333533,0,0,0,0,0,0,0,0,0,0,0,6.667067,0,0,0,0,0,0,29.9994,0
"8A_04",0,0,0,0,33.333333,0,0,0,0,0,0,0,0,0,0,0,0,0,0,0,0,0,0,0,0,0,0,0,0,0,0,0,0,0,0,0,5.050472,1.515251,12.120915,0,0,0,0,0,6.061003,30.302832,0
"8A_05",0,0,0,0,30.302832,0,0,0,0,0,0,0,0,0,0,0,0,0,0,0,0,0,0,0,0,0,0,0,0,0,0,0,0,0,0,0,4.040305,0,6.061003,0,0,0,0,0,18.181917,33.333333,0
"8A_06",0,0,0,0,42.423747,0,0,3.030501,0,0,0,0,0,0,0,0,0,0,6.061003,0,0,0,0,0,0,0,0,0,0,0,0,0,0,0,0,0,0,0,9.090413,0,0,0,0,0,6.061003,33.333333,0
"8A_07",0,0,0,2.150687,25.805927,0,0,0,0,0,3.226031,0,0,3.226031,0,0,0,0,0,0,0,0,0,0,0,0,0,0,0,0,0,0,0,0,0,0,0,0,3.226031,0,0,0,0,0,0,58.063917,0
"8A_08",0,4.13794,0,0,13.792718,0,0,0,0,0,3.44849,0,0,0,0,3.44849,0,0,0,0,3.44849,0,0,0,0,0,0,0,0,0,0,0,0,0,0,0,2.298993,1.724245,0,0,0,0,0,0,17.241208,27.585436,0
"8A_09",0,0.6897065,0,0,31.0343115,0,0,0,0,0,0,0,0,0,0,0,0,0,0,0,0,0,0,0,0,0,0,0,0,0,0,0,0,0,0,0.8621332,10.3447705,0,6.8970654,0,0,0,0,0,10.3443567,13.7928894,0
"8A_10",0,6.875014,0,0,18.750141,0,0,0,0,0,0,0,0,0,0,0,0,0,0,0,0,0,0,0,0,0,0,0,0,0,0,0,0,0,0,0,0,0,6.250422,0,0,0,0,0,0,40.624367,0
"8A_11",0,4.848419,0,0,27.272628,0,0,0,0,0,0,0,0,0,0,0,0,0,0,0,0,0,0,0,3.030534,0,0,0,0,0,0,0,0,0,0,0,2.020356,0,0,0,0,0,0,0,12.121047,27.272628,0
"8A_12",0,0.5882851,0,0,20.5878616,0,0,0,0,0,0,0,0,0,0,0,0,0,0,0,0,0,0,0,0,0,0,0,0,0,0,0,0,0,0,0,0.9804752,0,2.9414256,0,0,0,0,0,8.823218,61.7646436,0
"8A_13",0,8.823455,0,0,5.882727,0,0,0,0,0,0,0,0,0,0,0,0,0,0,0,0,0,0,0,0,0,0,0,0,0,0,0,0,0,0,0,0,0,5.882727,0,0,0,0,0,11.764394,32.352879,0
"8A_14",0,7.058786,0,0,29.412138,0,0,0,0,0,0,0,0,0,0,0,0,0,0,0,0,0,0,0,0,0,0,0,0,0,0,0,0,0,0,0,0,0,0,0,0,0,0,0,11.764644,23.529287,0
"8A_15",0,15.999918,0,0,2.857349,0,0,0,0,0,0,0,0,0,0,0,0,0,0,0,0,0,0,0,0,0,0,0,0,0,0,0,0,0,0,3.571429,0,0,0,0,0,0,0,0,0,2.857349,0
"8A_16",0,2.6666187,0,0,16.6666667,0,0,0,0,0,0,0,0,0,0,0,0,0,0,0,3.3335733,0,0,0,0,0,0,0,0,0,0,0,0,0,0,0.8333933,0,0,0,0,0,0,0,0,20.00024,43.3328533,0
"8A_17",0,0,0,0,15.625105,0,0,0,0,0,0,0,0,0,0,0,0,0,0,0,0,0,0,0,0,0,0,0,0,0,0,0,0,0,0,0,0,0,3.125246,0,0,0,0,0,3.125246,78.124402,0
"8A_18",0,0,0,0,33.3333333,0,0,0,0,0,0,0,0,0,0,0,0,0,0,0,3.0305014,0,0,0,0,0,0,0,0,0,0,0,0,0,0,0.7576253,2.0203342,0,0,0,0,0,0,0,0,54.5446612,0
"8A_19",0,0.5882727,0,0.9804544,41.17591,0,0,0,0,0,0,0,0,0,0,0,0,0,0,0,0,0,0,0,0,0,0,0,0,0,0,0,0,0,0,1.4706817,0,0,0,0,0,0,0,0,2.9413633,44.1172734,0
"8A_20",0,2.857143,0,0,31.428777,0,0,5.714697,0,0,0,0,0,0,0,0,0,0,0,0,0,0,0,0,0,0,0,0,0,0,0,0,0,0,0,2.142754,0,0,0,0,0,0,0,0,8.571017,31.428777,0
"8B_01",0,0,0,0,48.4847163,0,0,0,0,0,0,0,0,0,0,0,0,0,0,0,0,0,0,0,0,0,0,0,0,0,0,0,0,0,0,0.7576419,0,0,0,0,30.3034931,0,0,0,9.0906116,9.0906116,0
"8B_02",0,0,0,0,41.666583,0,0,0,0,0,0,0,0,2.777972,0,0,0,0,0,0,0,0,0,0,0,0,0,0,0,0,0,0,0,0,0,0,6.481269,0,16.666833,0,0,0,0,0,2.777972,16.666833,0
"8B_03",0,0,0,0,44.118208,0,0,0,0,0,0,0,0,0,1.470713,0,0,0,0,0,0,0,0,0,0,0,0,0,0,0,0,0,0,0,0,0,2.941073,0,8.823218,0,0,0,0,0,8.823218,26.470713,0
"8B_04",0,0,0,0.9524495,25.71408,0,0,0,0,0,0,0,0,0,0,0,0,0,0,0,0,0,0,0,2.8573486,0,0,0,0,0,0,0,0,0,0,0,1.904899,0,8.5710171,0,0,0,0,0,14.2857143,39.9997943,0
"8B_05",0,0,0,0,0,0,0,0,0,0,0,0,0,2.941394,0,0,0,0,0,0,0,0,0,0,0,0,0,0,0,0,0,0,0,0,0,0,0,0,2.941394,0,2.941394,0,0,0,0,91.175817,0
"8B_06",0,0,0,0,32.352879,0,0,0,0,0,0,0,0,0,0,0,0,0,0,0,2.941363,0,0,0,0,0,0,0,0,0,0,0,0,0,0,0,0,0,2.941363,0,0,0,0,0,2.941363,58.823031,0
"8B_07",0,0,0,0,15.151581,0,0,0,0,0,0,0,0,3.030534,0,0,0,0,0,0,0,0,0,0,0,0,0,0,0,0,0,0,0,0,0,2.272628,0,0,3.030534,0,0,0,0,0,0,69.696837,0
"8B_08",0,0,0,0,11.111,0,0,0,0,0,0,0,0,0,1.389,0,0,0,0,0,0,0,0,0,0,0,0,0,0,0,0,0,0,0,0,0,1.852,0,11.111,0,0,0,0,0,8.333,61.111,0
"8B_09",0,0,0,0,29.411516,0,0,0,0,0,0,0,0,0,0,0,0,0,0,0,0,0,0,0,0,0,0,0,0,0,0,0,0,0,0,0,1.960909,0,0,0,0,0,0,0,5.882727,58.823031,0
"8B_10",0,0,0,7.618989,19.999589,0,0,0,0,0,0,0,0,0,0,0,0,0,0,0,0,0,0,0,0,0,0,0,0,0,0,0,0,0,0,0,0,0,0,0,0,0,0,0,5.714756,51.428689,0
"8B_11",0,0,0,2.020334,18.181917,0,0,0,0,3.030501,0,0,0,0,0,0,0,0,0,0,0,0,0,0,0,0,0,0,0,0,0,0,0,0,0,0,1.010167,0,3.030501,0,0,0,0,0,12.120915,54.544661,0
"8B_12",0,0,0,0,14.705913,0,0,0,0,0,0,0,0,0,0,0,0,0,0,0,0,0,0,0,0,0,0,0,0,0,0,0,0,0,0,0,0,0,0,0,0,0,0,0,5.882789,79.411298,0
"8B_13",0,0,0,0,24.242358,0,0,0,0,3.030567,0,0,0,0,0,0,0,0,0,0,0,0,0,0,0,0,0,0,0,0,0,0,0,0,0,0,7.070597,0,9.090612,0,0,0,0,0,3.030567,39.394105,0
"8B_14",0,0,0,2.020334,18.181917,0,0,0,0,0,0,0,0,0,1.515251,0,0,0,0,0,0,0,0,0,0,0,0,0,0,0,0,0,0,0,0,0,3.030138,0,3.030501,0,0,0,0,0,0,60.605664,0
"8B_15",0,0,0,1.010178,18.182116,0,0,0,0,0,0,0,0,0,0,0,0,0,0,0,0,0,0,0,0,0,0,0,0,0,0,0,0,0,0,0,0,0,12.121047,0,15.151581,0,0,0,0,51.514722,0
"8B_16",0,0,0,1.904899,22.856731,0,0,0,0,0,0,0,0,2.857349,0,0,0,0,0,0,0,0,0,0,0,0,0,0,0,0,0,0,0,0,0,0,0,0,11.428366,0,0,0,0,0,0,57.142857,0
"8B_17",2.9413633,0,0,0,11.7643945,0,0,0,0,0,0,0,0,0,0,0,0,0,0,0,0,0,0,0,0,0,0,0,0,0,0,0,0,0,0,0,0.9804544,0,17.6471211,0,0,0,1.4706817,0,0,58.8230312,0
"8B_18",0,0,0,2.941073,17.647495,0,0,0,0,0,0,0,0,0,0,0,0,0,0,0,0,0,0,0,0,0,0,0,0,0,0,0,0,0,0,0,3.921548,0,8.823218,0,0,0,0,0,0,52.941426,0
"8B_19",0,0,0,0,21.874473,0,0,0,0,0,0,0,0,0,0,0,0,0,0,0,0,0,0,0,0,0,0,0,0,0,0,0,0,0,0,0,0,0,12.499859,0,0,0,3.125246,0,0,59.375176,0
"8B_20",0,0,0,0,12.5,0,0,0,0,0,0,0,0,0,0,0,0,0,0,0,0,0,0,0,0,0,0,0,0,0,0,0,0,0,0,0,0,0,0,0,0,0,0,0,9.374719,78.125281,0
"8C_01",0,0,0,0,77.418943,0,0,0,0,0,0,0,0,0,0,0,0,0,0,0,0,0,0,0,3.226031,0,0,0,0,0,0,0,0,0,0,0,0,0,0,0,0,0,0,0,19.355026,0,0
"8C_02",0,0,0,0,68.964832,0,0,0,0,0,0,0,0,0,0,0,0,0,0,0,0,0,0,0,0,0,0,0,0,0,0,0,0,0,0,1.724245,0,0,0,0,0,0,0,0,17.241208,6.89698,0
"8C_03",0,0,0,0,40.624367,0,0,3.125211,0,0,0,0,0,0,0,0,0,0,0,0,3.125211,0,0,0,0,0,0,0,0,0,0,0,0,0,0,0,2.083474,0,0,0,6.250422,0,0,0,37.499156,3.125211,0
"8C_04",0,0,0,0,36.36314,0,0,0,0,0,0,0,0,0,0,0,0,0,0,0,0,0,0,0,3.030534,0,0,0,0,0,0,0,0,0,0,0,1.010178,0,0,0,18.182116,0,0,0,36.36314,3.030534,0
"8C_05",0,0,0,0,33.333333,0,0,0,0,0,0,0,0,0,0,0,0,0,0,0,0,0,3.333573,0,9.99952,0,0,0,0,0,0,0,0,0,0,5.833153,0,0,3.333573,0,20.00024,0,0,0,6.667147,0,0
"8C_06",0,0,0,0,54.8385224,0,0,0,0,0,0,0,0,0,0,0,0,0,0,0,0,0,0,0,0,0,12.9031134,0,0,0,0,0,0,0,0,0.8065172,0,0,6.4521374,0,0,0,0,0,9.6770447,12.9031134,0
"8C_07",0,0,0,0,38.708441,0,0,0,0,0,6.451988,0,0,0,0,0,0,1.075331,0,0,0,0,0,0,3.225994,0,3.225994,0,0,0,0,0,0,0,0,0,0,0,0,0,0,0,0,0,35.483609,6.451988,3.225994
"8C_08",0,0,0,0,54.838522,0,0,0,0,0,3.226069,0,0,0,0,0,0,0,0,0,3.226069,0,0,0,0,0,0,0,0,0,0,0,0,0,0,0,0,0,9.677045,0,0,0,0,0,22.580158,6.452137,0
"8C_09",0,0,0,0,45.454248,0,0,0,0,0,0,0,0,0,0,0,0,0,0,0,0,0,0,0,0,0,0,0,0,0,0,0,0,0,0,0,1.010167,0,0,0,0,0,0,0,33.333333,18.181917,0
"8C_10",0,0,0,0,32.352879,0,0,0,0,0,2.941363,0,0,0,0,0,0,0,0,0,2.941363,0,0,0,0,0,0,0,0,0,0,0,0,0,0,0,4.901919,0,5.882727,0,0,0,0,0,14.705758,26.470152,0
"8C_11",0,10,0,0,8.333,0,0,0,0,0,0,0,0,0,0,0,0,0,0,0,0,0,0,0,0,0,0,0,0,0,0,0,0,0,0,0,0,0,0,0,0,0,0,0,16.667,25,0
"8C_12",0,5.62493,0,0,34.37507,0,0,0,0,0,0,0,0,0,0,0,0,0,0,0,0,0,0,0,0,0,0,0,0,0,0,0,0,0,0,0,0,0,0,0,0,0,0,0,6.250422,31.249859,0
"8C_13",0,5.142869,0,0,14.285861,0,0,0,0,0,0,0,0,0,0,0,0,0,0,0,0,0,0,0,0,0,0,0,0,0,0,0,0,0,0,1.428689,0,0,11.428483,0,0,0,0,0,19.999589,22.856967,0
"8C_14",0,0,0,0,55.999712,0,0,0,0,0,0,0,0,0,0,0,0,0,0,0,0,0,0,0,0,0,0,0,0,0,0,0,0,0,0,0,0,0,8.000576,0,0,0,0,0,0,35.999712,0
"8C_15",0,4.5713463,0,0,28.5714286,0,0,0,0,2.8573486,0,0,0,0,0,0,0,0,0,0,0,0,0,0,0,0,0,0,0,0,0,0,0,0,0,0,0.9524495,0,2.8573486,0,0,0,0,0,5.7146971,34.2850971,0
"8C_16",0,8.484842,0,0,21.211559,0,0,0,0,0,0,0,0,0,0,0,0,0,0,0,0,0,0,0,0,0,0,0,0,0,0,0,0,0,0,0,2.020356,0,9.090512,0,0,0,0,0,6.061069,15.151581,0
"8C_17",0,18.285591,0,0,2.857349,0,0,0,0,0,0,0,0,0,0,0,0,0,0,0,0,0,0,0,0,0,0,0,0,0,0,0,0,0,0,0,0,0,0,0,0,0,0,0,0,2.857349,2.857349
"8C_18",0,15.5556,0,0,0,0,0,0,0,0,0,0,0,0,0,0,0,0,0,0,2.778,0,0,0,0,0,0,0,0,0,0,0,0,0,0,0,0,0,0,0,0,0,0,0,0,19.444,0
"8C_19",0,0.6451988,0,0,19.3548012,0,0,0,0,6.4519875,0,0,0,0,0,0,3.2259938,0,0,0,0,0,0,0,0,0,0,0,0,0,0,0,0,0,0,0,0,1.6129969,0,0,0,0,0,0,0,64.51523,0
"8C_20",0,0,0,0,38.888222,0,0,0,0,0,0,0,0,0,0,0,0,0,0,0,2.777944,0,0,0,0,0,5.555889,0,0,0,0,0,0,0,0,0,1.851963,0,0,0,0,0,0,0,5.555889,41.666167,0
"9A_01",0,3.428648,0,0,19.999589,0,0,0,0,0,0,0,0,0,0,0,0,0,0,5.714756,0,0,0,0,8.571105,0,0,0,0,0,0,0,0,0,0,2.142776,0,0,0,0,0,0,0,0,0,40.000206,0
"9A_02",0,3.888961,0,0,2.777972,0,0,0,0,0,0,0,0,0,0,0,0,0,0,0,0,0,0,0,8.332917,0,0,0,0,0,0,0,0,0,0,7.638924,0,0,5.555944,0,0,0,0,0,11.110889,22.221778,0
"9A_03",0,10.285632,0,0,5.714697,0,0,0,0,0,0,0,0,0,0,0,0,0,0,0,0,0,0,0,5.714697,0,0,0,0,0,0,0,0,0,0,0,0,0,0,0,0,0,0,0,19.999383,17.143063,0
"9A_04",0,8.333317,2.777972,0,16.666833,0,0,0,0,0,0,0,0,0,0,0,0,0,0,0,0,0,0,0,0,0,0,0,0,0,0,0,0,0,0,0,0,0,0,0,0,0,0,0,13.888861,24.99975,0
"9A_05",0,16.6666,0,0,11.111,0,0,0,0,0,0,0,0,0,0,0,0,0,0,0,0,0,0,0,0,0,0,0,0,0,0,0,0,0,0,0,0,0,0,0,0,0,0,0,5.556,0,0
"9A_06",0,5.142816,0,0,0,8.5710171,0,0,0,0,0,0,0,0,0,0,0,0,0,0,0,0,0,0,5.7146971,0,0,0,0,0,0,0,0,0,0,0.7143371,0,0,0,0,0,0,0,0,17.1430629,39.9997943,0
"9A_07",0,0,0,1.041737,12.499719,0,0,0,0,0,0,0,0,0,0,0,0,0,0,0,3.125211,0,0,0,28.124648,0,0,0,0,0,0,0,0,0,0,0,0,0,6.250422,0,0,0,0,0,6.250422,40.624367,0
"9A_08",0,0.571458,0,1.90486,25.713551,17.14271,0,0,0,0,0,0,0,0,0,0,0,0,0,5.71458,0,0,0,0,2.85729,0,0,0,0,0,0,0,0,0,0,0,0,2.85729,0,0,0,0,0,0,5.71458,28.570841,0
"9A_09",0,0,5.7146384,2.8569763,0,8.570929,0,0,0,0,0,0,0,0,0,0,0,0,0,2.8573192,2.8573192,0,0,0,0,0,0,0,0,0,0,5.7146384,0,0,0,0.7143298,0,0,2.8573192,0,5.7146384,0,0,0,2.8573192,51.427631,0
"9A_10",0,0,8.823218,0,11.7646436,0,0,0,0,2.9414256,0,0,0,0,0,0,0,3.9215479,0,11.7646436,0,0,0,0,8.823218,0,0,0,0,0,0,0,0,0,0,0.7353564,0,0,0,0,0,0,0,0,2.9414256,38.2353564,0
"9A_11",0,0,0,0,23.5292872,0,0,0,0,11.7646436,0,0,0,0,0,0,0,4.9020231,0,0,0,0,0,0,0,0,0,0,0,0,0,0,0,0,0,0.7353564,3.9215479,0,0,0,0,0,0,0,0,35.2939308,0
"9A_12",0,4.7058076,0,0,5.8827889,2.9413945,0,0,0,0,0,0,0,0,0,0,0,0,0,0,2.9413945,0,0,0,8.8231246,0,0,0,0,0,0,0,0,0,0,0,0.9804648,0,0,0,0,0,0,0,8.8231246,44.1177405,0
"9A_13",0,0,0,0,26.4701523,17.6471211,0,0,0,0,0,2.9413633,0,0,0,0,0,0,0,0,2.9413633,0,0,0,5.8827266,0,0,0,0,0,0,0,0,0,0,0.7353408,5.8823737,0,0,0,0,0,0,0,8.8230312,11.7643945,0
"9A_14",0,4.242266,0,0,6.061003,0,0,0,0,0,0,0,0,0,0,0,0,0,0,0,0,0,0,0,30.302832,0,0,0,0,0,0,0,0,0,0,0,2.020334,0,3.030501,0,15.151416,0,0,0,12.120915,6.061003,0
"9A_15",0,0,0,0,45.713933,11.428483,0,0,0,2.857378,0,0,0,0,0,0,0,0,0,0,0,0,0,0,0,0,0,0,0,0,0,0,0,1.428689,0,2.857121,0,0,0,0,0,0,0,0,5.714756,19.999589,0
"9A_16",0,0,0,0,34.2850971,5.7146971,0,0,0,0,0,0,0,0,0,0,2.8573486,0,0,0,2.8573486,0,0,0,2.8573486,0,0,0,0,0,0,0,5.7146971,0,0,0.7143371,0,0,0,0,0,0,0,0,19.9993829,22.8567314,0
"9A_17",0,1.1765453,0,0,17.6471211,0,0,0,0,2.9413633,0,0,0,0,0,0,0,0,0,5.8827266,0,0,0,0,8.8230312,0,0,0,0,0,0,0,0,0,0,0.7353408,0,0,2.9413633,0,0,0,0,0,2.9413633,49.9989412,0
"9A_18",0,0,0,0,51.428689,0,0,0,0,0,0,0,0,0,0,0,0,0,0,0,0,0,0,0,0,0,0,0,0,0,0,0,0,0,0,0.7143445,0,0,0,0,0,0,0,0,8.5711053,37.1428278,0
"9A_19",0,0,0,1.075344,41.934922,0,0,0,0,0,0,0,0,0,1.613016,0,0,0,0,0,0,0,0,0,9.676932,0,0,0,0,0,0,0,0,0,0,0,0,0,0,0,0,0,0,0,6.452062,35.484021,0
"9A_20",0,0,0,0,11.1108889,0,0,0,0,0,0,0,0,0,0,0,0,0,0,0,0,0,0,0,5.5559444,0,0,0,0,0,0,0,0,0,0,0.6944931,0,0,13.8888611,0,0,0,0,0,5.5559444,61.1103889,0
"9B_01",0,0,2.857349,0,22.856731,0,0,0,0,0,0,0,0,0,1.428674,0,0,0,0,0,0,0,0,0,0,0,0,0,0,0,0,0,0,0,0,0,0,0,25.71408,0,0,0,0,0,2.857349,42.857143,0
"9B_02",0,0,5.714638,0,37.142064,0,0,0,0,0,0,0,0,0,0,0,0,0,0,2.857319,0,0,0,0,5.714638,0,0,0,0,0,0,0,0,0,0,0,0,0,5.714638,0,0,0,0,0,5.714638,37.142064,0
"9B_03",0,2.2856731,0,0,19.9993829,2.8573486,0,0,0,0,0,0,0,0,0,0,0,0,0,2.8573486,0,0,0,0,5.7146971,0,0,0,0,0,0,0,0,0,0,0.7143371,1.904899,0,0,0,17.1430629,0,0,0,8.5710171,22.8567314,0
"9B_04",0,0.5714638,0,0.9524397,22.8564963,0,0,0,0,2.8573192,0,0,0,0,0,0,0,0,0,2.8573192,0,0,0,0,5.7146384,0,0,0,0,0,0,0,0,0,0,1.4286596,0,0,0,0,0,0,0,0,25.7138155,28.5711347,0
"9B_05",0,0,0,0,28.571429,0,0,0,0,0,0,0,0,0,0,0,0,0,0,2.857349,0,0,0,0,0,0,0,0,0,0,0,0,0,0,0,0,0,0,2.857349,0,0,0,0,0,62.856526,2.857349,0
"9B_06",0,2.2856967,0,0.9524593,37.1428278,0,0,0,0,0,0,0,0,0,0,0,0,0,0,5.7147559,0,0,0,0,0,0,0,0,0,0,0,0,0,0,0,0,0,0,0,0,0,0,0,0,22.8569665,19.9995886,0
"9B_07",0,5,0,0,8.333,0,0,0,0,0,0,0,0,0,0,0,0,0,0,5.556,0,0,0,0,0,0,0,0,0,0,0,0,0,0,0,0,0,0,0,0,0,0,0,0,16.667,44.444,0
"9B_08",0,8.4847493,0,0,3.0305014,3.0305014,0,0,0,0,0,0,0,0,0,0,0,0,0,0,0,0,0,0,6.0610027,0,0,0,0,0,0,0,0,0,0,0.7576253,0,0,0,0,0,0,0,0,6.0610027,36.3627438,0
"9B_09",0,18.8888,0,0,0,0,0,0,0,0,0,0,0,0,0,0,0,0,0,0,0,0,0,0,0,0,0,0,0,0,0,0,0,0,0,0,0,0,0,0,0,0,0,0,0,5.556,0
"9B_10",0,20,0,0,0,0,0,0,0,0,0,0,0,0,0,0,0,0,0,0,0,0,0,0,0,0,0,0,0,0,0,0,0,0,0,0,0,0,0,0,0,0,0,0,0,0,0
"9B_11",0,12.571305,0,0,2.857349,0,0,0,0,0,28.571429,0,0,0,0,0,0,0,0,0,0,0,0,0,0,0,0,0,0,0,0,0,0,0,0,0,0,0,0,0,0,0,0,0,0,5.714697,0
"9B_12",0,18.823442,0,0,2.941394,0,0,0,0,0,0,0,0,0,0,0,0,0,0,0,0,0,0,0,0,0,0,0,0,0,0,0,0,0,0,0,0,0,0,0,0,0,0,0,0,2.941394,0
"9B_13",0,13.333173,0,0,20,0,0,0,0,0,0,0,0,0,0,0,0,0,0,0,0,0,0,0,3.333533,0,0,0,0,0,0,0,0,0,0,0,0,0,0,0,0,0,0,0,3.333533,6.667067,0
"9B_14",0,5.294087,0,0,41.176346,0,0,0,0,0,0,0,0,0,0,0,0,0,0,0,0,0,0,0,0,0,0,0,0,0,0,0,0,0,0,4.411827,0,0,0,0,0,0,0,0,2.941394,11.764519,0
"9B_15",0,0.5555944,0,0,30.5556944,0,0,0,0,0,0,0,0,0,0,0,0,0,0,0,0,0,0,0,8.3329167,0,0,0,0,0,0,0,0,0,0,0,0,0,0,0,0,0,0,0,5.5559444,52.7774722,0
"9B_16",0,3.3334,0,2.777667,36.111,0,0,0,0,0,0,0,0,0,0,0,0,0,0,13.889,0,0,0,0,8.333,0,0,0,0,0,0,0,0,0,0,0,0,0,0,0,0,0,0,0,13.889,2.778,0
"9B_17",0,2.8571429,0,0.9524495,51.42816,0,0,0,0,0,0,0,0,0,0,0,0,0,0,0,0,0,0,0,0,0,0,0,0,0,0,0,0,0,0,0.7143371,0,0,0,0,0,0,0,0,5.7146971,22.8567314,0
"9B_18",0,3.999918,0,0,8.571105,0,0,0,0,0,5.714756,0,0,0,0,0,0,0,0,0,0,0,0,0,2.857378,0,0,0,0,0,0,0,0,0,0,2.142776,0,0,0,0,0,0,0,0,28.571722,25.714344,0
"9C_01",0,2.352954,0,0,20.58808,0,0,0,0,0,0,0,0,0,0,0,0,0,0,0,0,0,0,0,11.764768,0,0,0,0,0,0,0,0,0,0,0,0,0,0,0,0,0,0,0,8.823311,47.059073,0
"9C_02",0,2.285673,0,0,28.571429,0,0,0,0,0,0,0,0,0,0,0,0,0,0,0,0,0,0,0,0,0,0,0,0,0,0,0,0,0,0,1.428674,0,0,0,0,0,0,0,0,17.143063,37.142446,0
"9C_03",0,11.176334,0,0,2.941363,0,0,0,0,0,2.941363,0,0,0,0,0,0,0,0,2.941363,0,0,0,0,2.941363,0,0,0,0,0,0,0,0,0,0,0,1.960909,0,0,0,0,0,0,0,11.764394,14.705758,0
"9C_04",0,17.714303,0,0,2.857378,0,0,0,0,0,0,0,0,0,0,0,0,0,0,0,0,0,0,0,0,0,0,0,0,0,0,0,0,0,0,0,0,0,0,0,0,0,0,0,0,8.571105,0
"9C_05",0,1.818102,0,0,36.36314,6.061069,0,0,0,0,0,0,0,0,0,0,0,0,0,18.182116,0,0,0,0,3.030534,0,0,0,0,0,0,0,0,0,0,0,0,0,0,0,0,0,0,0,9.090512,18.182116,0
"9C_06",0,0,0,0,16.6671667,0,0,0,0,0,0,0,0,0,0,0,0,2.7776944,0,2.7780278,0,0,0,0,19.4441944,0,0,0,0,0,0,0,0,0,0,2.0832708,0.9260093,0,0,0,0,0,0,0,8.3330833,33.3333333,0
"9C_07",0,0,0,0,8.5710171,28.5714286,0,0,0,0,0,0,0,0,0,0,0,0,0,0,5.7146971,0,0,0,2.8573486,0,0,0,0,0,0,0,0,0,0,0.7143371,0,0,0,0,0,0,0,0,14.2857143,37.1424457,0
"9C_08",0,0,0,0,27.778,0,0,0,0,0,0,0,0,0,0,0,0,0,0,0,0,0,0,0,8.333,0,0,0,0,0,0,0,0,0,0,0,0,0,13.889,0,0,0,0,0,5.556,44.444,0
"9C_09",0,0,0,0,14.285567,2.857319,0,0,0,0,0,0,0,0,0,0,0,0,0,2.857319,0,0,0,0,14.285567,0,0,0,0,0,0,0,0,0,0,1.42866,0,0,14.285567,0,0,0,0,0,14.285567,31.428454,0
"9C_10",0,0,0,0,47.221528,0,0,0,0,0,0,0,0,0,0,0,0,0,0,0,0,0,0,0,5.555944,0,0,0,0,0,0,0,0,0,0,1.388986,0,0,11.110889,0,0,0,0,0,0,30.555694,0
"9C_11",0,0,0,0,17.143239,0,0,0,0,0,0,0,0,0,0,0,0,0,0,0,0,0,0,0,8.571105,0,0,0,0,0,0,0,0,0,0,0,0,0,0,0,0,0,0,0,2.857378,71.428278,0
"9C_12",0,0,0,0,14.2858612,8.5711053,0,0,0,0,0,0,0,0,0,0,0,0,0,0,0,0,0,0,2.857378,0,0,0,0,0,0,0,0,0,0,0.7143445,0,0,14.2858612,0,0,0,0,0,8.5711053,48.571311,0
"9C_13",0,0,0,1.960909,20.587426,5.882727,0,0,0,0,0,0,0,0,1.470682,0,0,0,0,0,0,0,0,0,11.764394,0,0,0,0,0,0,0,2.941363,0,0,3.676439,0,0,0,0,0,0,0,0,5.882727,29.411516,0
"9C_14",0,7.272628,0,0,0,0,0,0,0,0,0,0,0,0,0,0,0,0,0,0,0,0,0,0,6.061069,0,0,0,0,0,0,0,0,0,0,4.545529,0,0,0,0,0,0,0,0,3.030534,36.36314,0
"9C_15",0,1.7142034,0,0.9524495,8.5710171,0,0,0,0,0,0,0,0,0,0,0,0,0,0,0,0,0,0,0,5.7146971,0,0,0,0,0,0,0,0,0,0,0,0,0,2.8573486,0,0,0,0,0,5.7146971,65.7138743,0
"9C_16",0,0,0,0,8.571105,0,0,0,0,0,0,0,0,0,1.428689,0,0,0,0,8.571105,0,0,0,0,11.428483,0,0,0,0,0,0,0,0,0,0,7.142931,0,0,0,0,0,0,0,0,11.428483,28.571722,0
"9C_17",0,0,0,0,23.529287,0,0,0,0,0,0,0,0,0,0,0,0,0,0,0,0,0,0,0,2.941426,0,0,0,0,0,0,0,0,0,0,4.411874,0,0,0,0,0,0,0,0,8.823218,47.058574,0
"9C_18",0,0,5.714697,1.904899,5.714697,0,0,0,0,0,0,0,0,0,0,0,2.857349,0,0,0,0,0,0,0,8.571017,0,0,0,0,0,0,0,0,0,0,0,0,0,0,0,0,0,0,0,11.428366,59.999177,0
"9C_19",0,0,0,0,5.556,44.444,0,0,0,0,0,0,0,0,0,0,0,0,0,0,0,0,0,0,0,0,0,0,0,0,0,0,0,0,0,0,0,0,0,0,0,0,0,0,0,50,0
"9C_20",0,0,0,0,25,8.333,0,0,0,0,0,0,0,0,0,0,0,0,0,5.556,0,0,0,0,0,0,0,0,0,0,0,0,0,0,0,0,0,0,2.778,0,0,0,0,0,36.111,22.222,0
