"Bivalvia","Calc_worm_tube","Hydrozoa","msp10_spo","msp11_spo","msp12_spo","msp15_spo","msp14_spo","msp16_spo","msp18_spo","msp19_spo","msp1_spo","msp20_spo","msp21_spo","msp22_spo","msp23_spo","msp24_spo","msp25_spo","msp26_spo","msp27_spo","msp28_spo","msp29_spo","msp2_spo","msp30_spo","msp31_spo","msp33_spo","msp34_spo","msp35_spo","msp36_spo","msp3_spo","msp4_spo","msp5_spo","msp7_spo","msp8_spo","msp9_spo","Pina_sp","Cirripedia","Soft_worm_tube","Miniacina_sp_.r._for","Miniacina_sp_.a._for","Miniacina_sp_.j._for","Parasmittina_margaritata_bryo","msp12_bryo","msp14_bryo","Schizomavella_sp_bryo","Smittoidea_cautela_bryo","Watersipora_subtorquata_bryo","Smittipora_harmeriana_bryo","Disporella_novaehollandiae_bryo","msp5_bryo","Crisia_elongata_bryo","Tubulipora_sp_bryo","Scrupocellaria_sp_bryo","Red_biofilm","Green_biofilm","Cyanobacteria","Lissoclinum_sp1_ascc","Didemnidae_sp1_ascc","Lissoclinum_sp2_ascc","Cystodystes_sp_ascc","Polysyncraton_milleporae_ascc","Botryllus_sp1_ascc","msp15_ascc","Botryllus_gregalis_ascc","msp17_ascc","Botryllus_sp2_ascc","Aplidium_sp_ascc","Polycarpa_sp_ascs","Trididemnum_sp_ascc","Botryllus_sp3_ascc","Eusynstyela_hartmeyeri_ascc","msp2_ascs","Botryllus_sp4_ascc","Styela_canopus_ascs","Didemnidae_sp2_ascc","Ascidia_sydneiensis_ascs","Botryllus_sp5_ascc","msp5_ascs","Polysyncraton_rostrum_ascc","msp6_ascs","msp7_ascc","Didemnidae_sp3_ascc","Ascidia_fictile_ascs","msp9_ascc","msp9_ascs","Brown_upright_macroalgae","CCA","Green_encr_macroalgae","Green_upright_macroalgae","Red_upright_Macroalgae"
0,45,10,0,0,0,0,0,0,0,0,0,0,0,0,0,0,0,0,0,0,0,0,0,0,0,0,0,0,10,0,0,0,0,0,0,0,0,0,0,0,0,0,0,0,0,0,0,0,0,0,0,0,10,0,0,0,0,0,0,0,0,0,0,0,0,0,0,0,0,0,0,0,0,0,0,0,0,0,0,0,0,0,0,0,0,25,0,0,0
0,0,13.044,0,0,0,0,0,0,0,0,0,4.348,0,0,0,0,0,0,0,0,0,0,0,0,0,0,0,0,0,0,0,0,0,0,0,0,0,13.044,0,0,0,0,0,0,0,4.348,4.348,0,8.695,0,0,0,4.348,0,13.044,0,0,0,0,0,0,0,0,0,0,0,0,0,0,0,0,0,0,0,0,0,0,0,0,0,0,0,0,0,0,34.783,0,0,0
6.897,6.897,3.448,0,0,24.137,0,0,0,0,0,0,0,0,0,0,0,0,0,0,0,0,0,0,0,0,0,0,0,6.897,0,0,0,0,0,0,0,0,6.897,0,0,0,0,0,0,0,0,0,3.448,0,0,0,0,0,0,3.448,0,0,0,0,0,0,0,0,0,0,0,0,0,0,0,0,0,0,0,0,0,0,0,0,0,0,0,0,0,0,37.931,0,0,0
2.5,0,2.5,0,0,2.5,0,0,0,0,0,0,0,0,0,0,0,0,0,0,0,0,0,0,0,0,0,0,0,0,0,0,0,0,0,0,0,0,2.5,0,0,0,0,0,0,0,2.5,0,10,42.502,0,0,0,7.5,10,0,0,0,0,0,0,0,0,0,0,0,0,0,0,0,0,0,0,0,0,0,0,0,0,0,0,0,0,0,0,0,17.5,0,0,0
0,55,10,0,0,0,0,0,0,0,0,0,0,0,0,0,0,0,0,0,0,0,0,0,0,0,0,0,0,0,0,0,0,0,5,0,0,5,0,0,0,0,0,0,0,0,0,0,0,0,0,0,0,0,0,0,0,0,0,0,0,0,0,0,0,0,0,0,0,0,0,0,0,0,0,0,0,0,0,0,0,0,0,0,0,0,25.001,0,0,0
3.226,9.677,16.129,0,0,0,0,0,0,0,0,0,0,0,0,0,0,0,0,0,0,0,0,0,0,0,0,0,0,0,12.904,0,0,0,0,0,0,0,6.451,0,0,0,0,0,0,0,0,0,3.226,3.226,0,0,0,3.226,3.226,6.451,0,0,0,0,0,0,0,0,0,0,0,0,0,0,0,0,0,0,0,0,0,0,0,0,0,3.226,0,0,0,0,22.582,0,0,0
5.883,20.588,5.883,0,0,0,0,0,0,0,0,0,11.764,0,0,0,0,0,0,0,0,0,0,0,0,0,0,0,0,2.941,0,0,0,0,0,0,0,0,0,0,0,0,0,0,0,0,0,0,0,0,14.706,0,0,5.883,2.941,0,0,0,0,0,0,0,0,0,0,0,0,0,0,0,0,0,0,0,0,0,0,0,0,0,0,0,0,0,0,0,29.411,0,0,0
0,2.778,19.445,0,0,0,0,0,0,0,0,0,0,0,0,0,0,0,0,0,0,0,0,0,0,0,0,0,0,0,0,0,0,0,0,0,0,0,8.333,0,0,0,0,0,0,0,0,0,2.778,16.667,13.889,0,0,2.778,2.778,0,0,0,0,0,0,0,0,0,0,0,0,0,0,0,0,0,0,0,0,0,0,0,0,0,0,0,0,0,0,0,30.555,0,0,0
0,38.095,14.285,0,0,0,0,0,0,0,0,0,0,0,0,0,0,0,0,0,0,0,0,0,0,0,0,0,0,0,0,0,0,4.762,0,0,0,0,0,0,0,0,0,0,0,0,0,0,0,4.762,0,0,0,0,4.762,0,0,0,0,0,0,0,0,0,0,0,0,0,0,0,0,0,0,0,0,0,0,0,0,0,0,0,0,0,0,0,33.333,0,0,0
0,8.333,12.501,0,0,0,0,0,0,0,0,0,0,0,0,0,4.166,0,0,0,0,0,0,0,0,0,0,0,0,0,4.166,0,0,0,0,0,0,0,8.333,0,0,0,0,0,0,0,0,8.333,0,4.166,0,0,0,0,12.501,0,0,0,0,0,0,0,0,0,0,0,0,4.166,0,0,0,0,0,0,0,0,0,0,0,0,0,4.166,0,0,0,4.166,25,0,0,0
0,21.213,0,0,0,0,0,0,0,0,0,0,0,0,0,0,0,0,0,0,0,0,0,0,0,0,0,0,0,3.031,0,0,0,0,0,0,0,0,9.09,0,0,0,0,0,0,0,0,0,0,0,24.243,0,0,3.031,9.09,0,0,0,0,0,0,0,0,0,0,0,0,0,0,0,0,0,0,0,0,0,0,0,0,0,0,0,0,0,0,0,30.303,0,0,0
0,5.264,15.789,0,0,0,0,0,0,0,0,0,0,0,0,0,0,0,0,0,0,0,0,0,0,0,0,0,0,0,0,0,0,0,0,0,0,0,2.632,0,0,0,0,0,0,0,0,0,2.632,18.421,10.526,7.894,0,2.632,2.632,2.632,0,0,0,0,0,0,0,0,0,0,0,0,0,0,0,0,0,0,0,0,0,0,0,0,0,0,0,0,0,0,28.947,0,0,0
0,30.769,7.692,0,0,0,0,0,0,0,0,0,0,0,0,0,0,0,0,0,0,0,0,0,0,0,0,0,0,11.539,0,0,0,0,0,0,0,0,7.692,0,0,0,0,0,0,0,0,0,0,3.847,0,0,0,7.692,0,0,0,0,0,0,0,0,0,0,0,0,0,0,0,0,0,0,0,0,0,0,0,0,0,0,0,0,0,0,0,0,30.769,0,0,0
0,5.406,16.216,0,0,0,0,0,0,0,0,0,0,0,0,0,0,0,0,0,0,0,0,0,0,0,0,0,0,0,0,0,0,0,0,2.703,0,0,0,0,0,0,0,0,0,0,0,0,0,21.622,0,0,2.703,0,8.108,2.703,0,0,0,0,0,0,0,0,0,0,0,10.811,0,0,0,0,0,0,0,0,0,0,8.108,0,0,0,0,0,0,0,21.622,0,0,0
0,13.637,0,0,0,4.545,0,0,0,0,0,0,0,0,0,0,0,0,13.637,4.545,0,0,0,0,0,0,0,0,0,0,0,0,0,0,0,0,0,0,0,0,0,0,0,0,0,0,0,0,0,0,27.273,0,0,0,0,4.545,0,0,0,0,0,0,0,0,0,0,0,0,0,0,0,0,0,0,0,0,0,0,0,0,0,0,0,0,0,0,31.818,0,0,0
0,11.364,6.818,0,0,4.546,0,0,0,0,0,0,0,0,0,0,0,0,0,0,0,0,0,0,0,0,0,0,0,9.091,0,0,0,0,0,0,0,0,6.818,0,0,0,0,0,0,0,0,0,6.818,13.636,6.818,2.272,4.546,6.818,4.546,0,0,0,0,0,0,0,0,0,0,0,0,0,0,0,0,0,0,0,0,0,0,0,0,0,0,0,0,0,0,0,15.909,0,0,0
0,45.834,8.333,0,0,0,0,0,0,0,0,0,4.167,0,0,0,0,0,0,0,0,0,0,0,0,0,0,0,0,0,0,0,0,12.5,0,0,0,0,4.167,0,0,0,0,0,0,0,0,0,0,0,0,0,0,4.167,4.167,0,0,0,0,0,0,0,0,0,0,0,0,0,0,0,0,0,0,0,0,0,0,0,0,0,0,0,0,0,0,0,16.666,0,0,0
0,4.166,8.333,0,0,0,0,8.333,0,0,0,0,0,0,0,0,0,0,0,0,0,0,0,0,0,0,0,0,0,4.166,0,0,0,0,0,0,0,0,0,0,0,0,0,0,0,0,0,0,0,29.168,0,0,0,12.5,8.333,0,0,0,0,0,0,0,0,0,0,0,0,0,0,0,0,0,0,0,0,0,0,0,0,0,0,0,0,0,0,0,16.668,0,0,0
0,36,8,0,0,0,0,0,0,0,0,0,8,0,0,0,0,0,0,0,0,0,0,0,0,0,0,0,0,0,0,0,0,0,0,0,0,0,0,0,0,0,0,0,0,0,0,0,0,0,0,0,0,8,0,12,0,0,0,0,0,0,0,0,0,0,0,0,0,0,0,0,0,0,0,0,0,0,0,0,0,0,0,0,0,0,24,0,0,0
0,9.678,48.387,6.452,0,0,0,0,0,0,0,0,0,0,0,0,0,0,0,0,0,0,0,0,0,0,0,0,0,3.226,0,0,0,0,0,0,0,0,0,0,0,0,0,0,0,0,0,0,0,3.226,0,0,0,6.452,6.452,3.226,0,0,0,0,0,0,0,0,0,0,0,0,0,0,0,0,0,0,0,0,0,0,0,0,0,0,0,0,0,0,12.902,0,0,0
8.694,43.479,4.348,0,0,0,0,0,0,0,0,0,0,0,0,0,0,0,0,0,0,0,0,0,0,0,0,0,0,4.348,0,0,0,0,0,0,0,0,0,0,0,0,0,0,0,0,0,0,0,4.348,0,0,0,4.348,0,0,0,0,0,0,0,0,0,0,0,0,0,0,0,0,0,0,0,0,0,0,0,0,0,0,0,0,0,0,0,0,30.435,0,0,0
0,0,4.547,0,0,0,0,0,0,0,0,0,4.547,0,0,0,0,0,0,0,0,0,0,0,0,0,0,0,0,0,9.09,0,0,4.547,0,0,0,0,0,0,0,0,0,0,0,0,0,0,0,9.09,0,0,0,9.09,13.637,0,0,0,0,0,0,0,0,0,0,0,0,0,0,0,0,0,0,0,0,0,0,0,0,0,0,0,0,0,4.547,0,40.907,0,0,0
8.333,20.833,20.833,0,0,0,0,0,0,0,0,12.5,0,0,0,0,0,0,0,0,0,0,0,0,0,0,0,0,0,0,0,0,0,0,0,0,0,4.167,4.167,0,0,0,0,0,0,0,0,0,4.167,0,4.167,0,0,0,0,0,0,0,0,0,0,0,0,0,0,0,0,0,0,0,0,0,0,0,0,0,0,0,0,0,0,0,0,0,0,0,20.833,0,0,0
4.255,0,2.128,0,0,0,31.915,0,0,0,0,0,8.511,0,0,0,0,0,0,0,0,0,0,0,0,0,0,0,0,0,0,0,0,0,0,0,0,0,6.383,0,0,0,0,0,0,0,0,0,0,4.255,12.766,0,0,8.511,0,0,0,0,0,0,0,0,0,0,0,0,0,0,0,0,0,0,0,0,0,0,0,0,0,0,0,0,0,0,0,0,21.277,0,0,0
0,45.456,0,0,0,0,0,0,0,0,0,0,0,0,0,0,0,0,0,0,0,0,0,0,0,0,0,0,0,0,0,0,0,0,0,0,0,0,0,0,0,0,0,0,0,0,0,0,0,0,0,0,0,0,0,0,0,0,0,0,0,0,4.545,0,0,0,0,13.636,0,0,0,0,0,0,0,0,0,0,0,0,0,0,0,0,0,0,36.363,0,0,0
0,5.554,0,0,0,0,0,0,0,0,0,0,0,0,0,0,0,0,0,0,0,0,0,0,0,0,0,0,0,0,0,0,0,0,0,0,0,0,0,0,0,0,0,0,0,0,0,0,0,0,0,0,0,0,27.78,0,0,5.554,0,0,0,0,0,0,0,0,0,0,0,0,0,0,0,0,0,0,0,0,0,0,0,0,0,0,0,0,61.112,0,0,0
11.537,15.383,7.693,0,0,0,7.693,0,0,0,0,0,0,0,0,0,0,0,0,0,0,0,0,0,0,0,0,0,0,7.693,0,0,0,0,0,0,0,0,7.693,0,0,0,0,0,0,0,0,0,0,0,0,0,0,0,0,0,0,0,0,0,0,0,0,0,0,0,0,0,0,0,0,0,0,0,0,0,0,0,0,0,0,0,0,0,0,0,42.307,0,0,0
0,0,3.572,0,0,0,3.572,0,0,0,0,0,3.572,0,0,0,0,0,0,0,0,0,0,0,0,0,0,0,0,0,0,0,0,0,0,0,0,0,21.429,0,0,0,0,0,0,0,0,0,0,0,17.857,0,0,0,3.572,0,0,0,0,0,0,0,0,0,0,0,0,0,0,0,0,0,0,0,0,0,0,0,0,0,0,0,0,0,0,0,46.427,0,0,0
4,4,0,0,0,0,0,0,0,0,0,0,0,0,0,0,0,0,0,0,0,0,0,0,0,0,0,0,0,4,0,0,0,0,0,31.999,0,4,4,0,0,0,0,0,0,0,0,0,0,0,4,0,0,0,4,4,0,0,0,0,0,0,0,0,0,0,0,0,0,0,0,0,0,0,0,0,0,0,0,0,0,0,0,0,0,0,35.999,0,0,0
0,4.167,12.5,0,0,0,0,0,0,0,0,0,0,0,0,0,0,0,0,0,0,0,0,0,0,0,0,0,0,0,12.5,0,0,0,0,0,0,0,4.167,0,0,0,0,0,0,0,0,0,0,12.5,8.333,4.167,0,4.167,0,4.167,0,0,0,0,0,0,0,0,0,0,0,0,0,0,0,0,0,0,0,0,0,0,0,0,0,0,0,0,0,0,29.168,0,0,0
0,4.348,13.042,0,0,0,0,4.348,0,0,0,0,0,0,0,0,0,0,0,0,0,0,0,0,0,0,0,0,0,0,0,0,0,0,0,0,0,0,8.696,0,0,0,0,0,0,0,0,0,0,4.348,4.348,0,0,8.696,0,0,0,0,0,0,0,0,0,0,0,0,0,0,0,0,0,0,0,0,0,0,0,0,0,0,0,0,0,0,0,0,52.173,0,0,0
2.858,2.858,11.428,0,0,0,0,0,0,0,0,0,0,0,0,0,0,0,0,0,0,0,0,0,0,0,0,0,0,0,0,0,0,0,0,0,0,0,14.285,0,0,0,0,0,0,0,0,0,0,14.285,14.285,0,5.715,11.428,2.858,0,0,0,0,0,0,0,0,0,0,0,0,0,0,0,0,0,0,0,5.715,0,0,0,0,0,0,0,0,0,0,0,14.285,0,0,0
0,45,0,0,0,0,0,0,0,0,0,0,0,0,0,0,5,0,0,0,0,0,0,0,0,0,0,0,0,0,0,0,0,0,0,0,0,0,10,0,0,0,0,0,0,0,0,0,0,0,0,0,0,0,0,5,0,0,0,0,0,0,0,0,0,0,0,0,0,0,0,0,0,0,0,0,0,0,0,0,0,0,0,0,0,0,35,0,0,0
0,18.919,8.108,0,0,0,0,0,0,0,0,0,0,0,0,0,0,0,0,0,0,0,0,0,0,0,0,0,0,0,0,0,0,0,0,0,0,0,0,0,0,5.405,0,0,0,0,8.108,0,0,13.514,0,0,0,16.216,5.405,2.703,0,5.405,0,0,0,0,0,0,0,0,0,0,0,0,0,0,0,0,0,0,0,0,0,0,0,0,0,0,0,0,16.216,0,0,0
0,3.226,3.226,0,0,0,0,0,0,0,0,0,0,0,0,0,0,0,0,0,0,0,0,0,0,0,0,0,0,6.452,0,0,0,0,0,0,0,0,0,0,22.581,0,0,0,0,0,0,0,0,16.129,0,0,0,9.677,0,9.677,0,0,0,0,0,0,0,0,0,0,0,0,0,0,0,0,0,0,0,0,0,0,0,0,0,0,0,0,0,0,29.032,0,0,0
0,10.638,10.638,0,0,0,0,0,0,0,0,0,0,0,0,0,0,0,0,0,0,0,0,0,0,0,0,0,0,0,0,0,0,0,0,0,0,0,2.128,0,21.277,0,0,0,0,0,0,0,0,0,0,0,0,19.149,0,8.51,0,0,0,0,0,0,0,0,0,0,0,0,0,0,0,0,0,0,0,0,0,0,0,0,0,0,0,0,0,0,27.66,0,0,0
0,22.222,0,0,0,11.111,0,0,0,0,0,0,0,0,0,0,0,0,0,0,0,0,0,0,0,0,0,0,0,3.704,0,0,0,0,0,0,0,0,0,0,7.407,0,0,0,0,0,0,0,0,7.407,11.111,0,0,0,3.704,22.222,0,0,0,0,0,0,0,0,0,0,0,0,0,0,0,0,0,0,0,0,0,0,0,0,0,0,0,0,0,0,11.111,0,0,0
0,10.344,3.448,0,0,3.448,0,0,0,0,0,3.448,0,0,0,0,0,0,0,0,0,0,0,0,0,0,0,0,0,0,3.448,0,0,0,0,0,0,0,0,0,0,0,0,0,0,0,3.448,0,0,17.242,0,0,0,10.344,0,3.448,0,3.448,0,0,0,0,0,0,0,0,0,6.896,0,0,0,0,0,0,0,0,0,0,0,0,0,3.448,0,0,0,0,27.588,0,0,0
0,0,0,7.143,0,28.571,0,0,0,0,0,0,3.571,0,0,0,0,0,0,0,0,0,0,0,0,0,0,0,0,0,0,0,0,0,0,0,0,0,0,0,0,0,0,0,0,0,0,0,0,3.571,3.571,0,0,0,0,3.571,0,0,0,0,0,0,0,0,0,0,0,0,0,0,0,0,0,0,0,0,0,0,0,0,0,0,0,0,0,3.571,46.429,0,0,0
0,2.273,2.273,0,0,0,6.818,0,0,0,0,0,4.545,0,0,0,0,0,0,0,25,0,0,0,0,0,0,0,0,2.273,0,0,4.545,0,0,0,0,0,11.364,0,0,0,0,0,0,0,0,0,2.273,0,0,0,0,4.545,0,0,0,0,0,0,0,0,0,0,0,0,0,0,0,0,0,0,0,0,0,0,0,0,0,0,0,0,0,0,0,2.273,31.818,0,0,0
0,25.927,0,7.407,0,0,7.407,0,0,0,0,0,0,0,0,0,0,0,0,0,0,0,0,0,0,0,0,0,0,0,0,0,0,0,0,0,0,0,3.703,0,3.703,0,0,0,0,0,0,0,0,7.407,0,11.11,0,0,0,7.407,0,0,0,0,0,0,0,0,0,0,0,0,0,0,0,0,0,0,0,0,0,0,0,0,0,0,0,0,0,7.407,18.52,0,0,0
0,9.677,0,0,0,3.226,0,0,3.226,0,0,0,0,0,0,0,0,0,0,0,0,0,0,3.226,0,0,0,0,0,0,0,0,0,0,0,0,0,0,0,0,0,0,0,0,0,0,0,0,0,9.677,0,0,0,16.129,3.226,0,0,0,0,0,0,0,0,6.452,0,0,0,0,0,0,0,0,0,0,12.903,0,0,0,0,0,0,0,0,0,0,0,32.258,0,0,0
0,19.23,0,0,0,7.693,0,0,0,0,0,0,0,0,0,0,0,0,0,0,0,0,0,0,0,0,0,0,0,3.846,0,0,0,0,0,0,0,0,0,0,0,0,0,0,0,0,0,0,0,0,0,0,0,7.693,0,0,0,0,0,0,0,0,0,0,0,0,0,0,0,0,0,0,0,0,0,0,0,0,0,0,0,0,0,0,0,0,61.537,0,0,0
0,40.541,8.108,0,0,0,0,0,0,0,0,0,0,0,0,0,0,0,0,0,0,0,0,0,0,0,0,0,0,0,0,0,0,0,0,0,0,0,2.703,0,5.405,0,0,0,0,0,0,0,0,0,0,0,0,10.811,0,0,0,0,0,0,0,0,0,0,0,0,0,0,0,0,0,0,0,0,0,0,0,0,0,0,0,2.703,0,0,0,0,29.73,0,0,0
0,3.572,10.714,3.572,0,3.572,0,0,0,0,0,0,3.572,0,0,0,0,0,0,0,0,0,0,0,0,0,0,0,0,3.572,0,0,0,7.142,0,0,0,3.572,0,0,0,0,0,0,0,0,0,0,3.572,0,0,0,0,3.572,0,3.572,0,0,0,0,0,0,0,0,0,0,0,0,0,0,0,0,0,0,0,0,0,0,0,0,0,0,0,0,0,0,46.424,0,0,0
0,12.5,3.125,0,0,6.25,3.125,0,0,0,0,0,0,0,0,0,0,0,0,0,0,0,0,0,0,0,0,0,0,0,0,0,0,0,0,0,0,0,0,0,0,0,0,0,0,0,0,0,0,0,0,0,0,18.75,9.375,12.5,0,0,0,0,0,0,0,0,0,0,0,0,0,0,0,0,0,0,0,0,0,0,0,0,0,6.25,0,0,0,0,28.125,0,0,0
0,0,2.326,0,0,0,0,0,0,0,0,0,2.326,0,0,0,4.652,6.976,0,0,0,0,0,0,0,0,0,0,0,25.581,0,0,0,0,6.976,0,0,0,0,0,0,0,0,0,0,0,0,0,4.652,0,0,0,0,0,9.302,13.954,0,0,0,0,0,0,0,0,0,0,0,0,0,0,0,0,0,0,0,0,0,0,0,0,0,0,0,0,0,0,20.93,0,0,2.326
0,19.048,9.523,0,0,4.762,0,0,0,0,0,0,2.381,0,0,0,2.381,2.381,0,0,0,0,0,0,0,0,0,0,0,2.381,0,0,0,0,0,0,0,0,0,0,0,0,0,0,0,0,0,0,9.523,7.142,0,0,0,11.905,4.762,7.142,0,0,0,0,0,0,0,0,0,0,0,0,0,0,0,0,0,0,0,0,0,0,0,0,0,0,0,0,0,0,14.286,0,0,0
0,31.819,0,0,0,0,0,0,0,0,0,0,0,0,0,0,0,0,0,0,0,0,0,0,0,0,0,0,0,0,0,0,0,0,0,0,0,0,0,0,0,0,0,0,0,0,0,0,0,0,0,0,0,0,0,9.091,0,0,0,0,0,0,0,0,0,0,0,0,0,0,0,0,0,0,0,0,0,0,0,0,0,0,0,0,0,0,54.545,0,0,0
0,6.896,3.449,0,0,0,0,0,0,0,0,3.449,0,0,0,0,0,0,0,0,0,0,0,0,0,0,0,0,0,6.896,0,0,0,0,0,0,0,0,0,0,0,0,0,0,0,0,0,0,0,0,0,0,0,10.345,0,20.69,0,0,0,0,0,0,0,0,0,0,0,0,0,0,0,0,0,0,0,0,0,0,0,0,0,0,0,0,0,0,48.275,0,0,0
0,7.143,0,0,0,0,0,0,0,0,0,0,0,0,0,0,0,0,0,0,0,0,14.285,0,0,0,0,0,0,10.713,0,0,0,0,0,0,0,0,0,3.572,0,0,0,0,0,0,0,0,0,0,0,0,0,0,0,14.285,0,0,0,0,0,0,0,0,0,0,0,0,0,0,0,0,0,0,0,0,0,0,0,0,0,0,0,0,0,3.572,42.857,0,0,0
2.703,2.703,8.108,0,0,0,0,0,0,0,0,0,0,0,0,0,0,0,0,0,0,0,0,0,0,0,0,0,0,0,0,0,0,0,0,0,0,0,5.406,0,18.919,0,0,0,0,0,0,0,0,2.703,0,0,0,8.108,0,0,0,0,0,0,0,0,0,0,0,0,0,0,0,0,0,0,0,0,0,0,0,0,0,0,0,0,0,0,0,0,51.351,0,0,0
0,28.571,7.143,0,0,0,0,0,0,0,0,0,0,0,0,0,0,0,0,0,0,0,0,0,0,0,0,0,0,3.571,0,0,0,0,0,0,0,3.571,0,0,0,0,0,0,0,0,0,0,0,0,0,0,0,3.571,7.143,10.714,0,0,0,0,0,0,0,0,0,0,7.143,0,0,0,0,0,0,0,0,0,0,0,0,0,0,0,0,0,0,0,28.571,0,0,0
9.677,16.13,6.451,0,0,0,0,0,0,0,0,0,0,0,0,0,0,0,0,0,0,0,0,0,0,0,0,0,0,0,12.903,0,0,0,0,0,0,0,0,0,0,0,0,0,0,0,0,0,0,0,0,0,0,3.226,0,6.451,0,0,0,0,0,0,0,0,0,0,0,0,0,0,16.13,0,0,0,0,0,0,0,0,0,0,0,0,0,0,0,25.807,3.226,0,0
0,9.374,3.125,0,0,6.25,0,0,0,0,0,0,0,0,0,0,0,0,0,0,0,0,0,0,0,0,0,0,0,0,0,6.25,0,0,0,0,0,0,6.25,0,3.125,0,3.125,0,0,0,0,0,0,3.125,0,0,0,6.25,6.25,12.499,0,0,0,0,0,0,0,0,0,0,0,0,0,0,0,0,0,0,0,0,0,0,0,0,0,0,0,0,0,0,34.374,0,0,0
0,13.953,16.279,0,0,0,0,0,0,0,0,0,0,0,0,0,0,0,0,0,0,0,0,0,0,0,0,0,0,0,0,0,0,0,0,0,0,0,4.651,0,4.651,2.326,0,0,0,0,0,0,2.326,2.326,0,0,0,20.929,2.326,2.326,0,0,0,0,0,0,0,0,0,0,0,0,0,0,0,0,0,0,0,0,0,0,0,0,0,0,0,0,0,0,27.907,0,0,0
0,21.739,8.697,0,0,0,0,8.697,0,0,0,0,0,0,0,0,0,0,0,0,0,0,0,0,0,0,0,0,0,0,0,0,0,0,0,0,0,0,0,0,0,0,0,0,0,0,0,0,0,0,0,0,0,0,0,21.739,0,0,0,0,0,0,0,0,0,0,8.697,0,0,0,0,0,0,0,0,0,0,0,0,0,0,0,0,0,0,0,30.432,0,0,0
13.635,9.091,4.546,0,0,0,0,0,0,0,0,0,0,0,0,0,0,0,0,0,0,0,0,0,0,0,0,0,0,0,0,0,0,0,0,0,0,0,4.546,0,0,0,0,0,0,0,0,0,0,13.635,0,0,0,0,9.091,0,0,0,0,0,0,0,0,0,0,0,0,0,0,0,0,0,0,0,0,0,0,0,0,0,0,0,0,0,0,0,45.454,0,0,0
0,26.667,6.667,0,0,0,0,0,0,0,0,0,0,0,0,0,0,0,0,0,0,0,0,0,0,0,0,0,0,0,0,0,3.334,3.334,0,0,0,0,0,0,0,0,0,0,0,0,0,0,0,0,0,0,0,0,3.334,9.999,0,0,0,0,0,0,16.666,0,0,0,0,0,0,0,0,0,0,0,0,0,0,0,0,0,0,0,0,0,0,3.334,23.333,0,0,3.334
2.381,11.904,4.762,0,0,0,0,0,0,0,0,0,0,0,0,0,0,0,0,0,0,0,0,0,0,0,0,0,0,0,0,0,0,0,7.142,0,0,0,2.381,0,4.762,0,0,0,0,0,0,0,4.762,7.142,0,2.381,0,19.049,2.381,2.381,0,0,0,0,0,0,0,0,0,0,0,0,0,0,0,0,0,0,0,0,0,0,0,0,0,0,0,0,0,0,28.572,0,0,0
0,37.932,3.448,0,0,0,0,0,0,0,0,0,0,0,0,0,0,0,0,0,0,0,0,0,0,0,0,0,0,0,0,0,0,0,0,0,0,0,0,0,0,0,0,0,0,0,0,0,0,0,0,0,0,6.896,6.896,6.896,0,0,0,0,0,0,0,0,0,0,0,0,0,0,0,0,0,0,0,0,0,0,0,0,0,0,0,0,0,0,34.483,0,0,0
4,16,7.999,4,0,0,0,0,0,0,0,0,0,0,0,0,0,0,0,0,0,0,0,0,0,0,0,0,0,0,0,0,0,0,0,0,0,0,4,0,4,0,0,4,0,0,0,0,0,0,0,0,0,7.999,0,0,0,0,0,0,0,0,0,0,0,0,0,4,0,0,0,0,4,0,0,0,0,0,0,0,0,0,0,0,0,0,39.999,0,0,0
2.564,15.385,0,0,0,0,0,0,0,0,0,0,0,0,0,0,0,0,0,0,0,0,0,0,0,0,0,0,0,7.692,0,0,2.564,0,0,0,0,2.564,5.129,0,5.129,0,0,0,0,0,0,0,0,7.692,0,0,0,0,0,2.564,0,0,0,0,0,0,0,0,0,0,0,0,0,0,0,0,0,0,0,0,0,0,0,0,0,0,0,0,0,0,48.718,0,0,0
7.143,19.048,4.762,0,16.666,0,0,0,0,0,0,0,0,0,0,0,0,0,0,0,0,0,0,0,0,0,0,0,0,0,0,0,0,0,0,0,0,0,2.381,0,0,0,0,0,0,0,4.762,0,0,2.381,0,0,0,7.143,9.524,2.381,0,0,0,0,0,0,0,0,0,0,0,0,0,0,0,0,0,0,0,0,0,0,0,0,0,0,0,0,0,0,23.809,0,0,0
0,12.5,0,0,0,0,0,0,0,0,0,0,0,0,0,0,0,0,0,0,0,0,0,0,0,0,0,0,0,6.251,0,0,0,0,0,0,0,0,0,0,0,0,0,0,0,0,0,0,0,0,0,0,0,18.749,0,6.251,0,0,0,0,0,0,0,0,0,0,0,0,0,0,0,0,0,0,0,0,0,0,0,0,0,0,0,0,0,0,49.997,0,0,0
0,19.444,0,2.778,0,0,5.556,0,0,0,0,0,0,0,0,0,0,0,0,0,0,0,0,0,0,0,0,0,0,0,0,0,0,0,0,0,0,0,0,0,0,0,0,5.556,0,0,0,0,0,16.667,0,0,0,13.889,0,0,0,0,0,0,0,0,0,0,0,0,0,0,0,0,0,0,0,0,0,0,0,0,0,0,0,0,0,0,0,0,36.111,0,0,0
0,2.703,0,0,0,0,0,0,0,0,0,0,0,0,0,0,0,0,0,0,0,0,0,0,0,0,0,0,0,0,0,0,0,0,0,0,0,0,21.621,5.405,0,0,0,0,0,0,0,0,0,13.513,0,0,0,0,2.703,8.108,0,0,0,0,0,0,0,0,0,0,0,0,0,0,0,0,0,0,0,0,0,0,0,0,0,0,0,0,0,0,45.946,0,0,0
2.381,19.048,2.381,0,0,0,0,0,0,0,0,0,0,0,0,0,0,0,0,0,0,0,0,0,0,0,0,0,0,0,0,0,0,0,0,0,0,0,0,0,7.142,2.381,0,0,0,0,0,0,0,14.286,0,0,0,14.286,2.381,0,0,0,0,0,0,0,0,0,0,0,0,0,0,0,0,0,0,0,0,0,0,0,0,0,0,0,0,0,0,0,35.714,0,0,0
0,36.363,0,0,0,0,0,0,0,0,0,0,0,0,0,0,0,0,0,0,0,0,0,0,0,0,0,0,0,0,0,0,0,4.546,0,0,0,0,4.546,0,0,0,0,0,0,0,0,0,0,0,0,0,0,4.546,0,0,0,0,0,0,0,0,0,0,0,0,0,0,0,0,0,0,0,0,0,0,0,0,0,0,0,0,0,0,0,0,49.999,0,0,0
0,9.677,3.226,0,0,12.903,12.903,3.226,0,0,0,0,0,0,0,0,0,0,0,0,0,0,0,0,0,0,0,0,0,0,0,0,0,0,0,0,0,0,0,0,0,0,0,0,0,0,0,0,0,6.452,0,0,0,12.903,3.226,3.226,0,0,0,0,0,0,0,0,0,0,0,0,0,0,0,0,0,0,0,0,0,0,0,0,0,0,0,0,0,0,32.258,0,0,0
2.941,8.824,0,0,0,0,0,0,0,0,0,0,0,0,0,0,0,0,0,0,0,0,0,0,0,0,0,0,0,5.883,0,0,0,0,0,0,0,0,26.47,0,2.941,0,0,0,0,0,0,0,0,0,0,0,0,5.883,5.883,2.941,0,0,0,0,0,0,0,0,0,0,0,0,0,0,0,0,0,0,0,0,0,0,0,0,0,0,0,0,0,0,38.235,0,0,0
0,11.628,9.302,0,0,0,0,0,0,0,0,0,0,0,0,0,0,0,0,0,0,0,0,0,0,0,0,0,0,0,0,0,0,2.326,0,0,0,0,9.302,0,11.628,0,0,0,0,0,0,0,2.326,25.581,0,0,0,4.652,4.652,0,0,0,0,0,0,0,0,0,0,0,0,0,0,0,0,0,0,0,0,0,0,0,0,0,0,0,0,0,0,0,18.605,0,0,0
0,23.809,0,0,0,0,0,0,0,0,0,0,0,0,0,0,0,0,0,0,0,0,0,0,0,0,0,0,0,0,0,0,0,0,0,0,0,14.287,0,0,0,0,0,0,0,0,0,0,0,4.762,0,0,0,0,4.762,4.762,0,0,0,0,0,0,0,0,0,0,0,4.762,0,0,0,0,0,0,0,0,0,0,0,0,0,0,0,0,0,0,42.855,0,0,0
0,8.333,4.167,0,0,0,8.333,0,0,0,0,0,0,0,0,0,0,0,0,0,0,0,0,0,0,0,0,0,0,0,0,0,0,0,0,0,0,0,4.167,0,0,0,0,0,0,0,0,0,0,0,0,0,0,8.333,8.333,0,0,0,0,0,0,0,0,0,0,0,0,12.5,0,0,0,0,0,0,0,0,0,0,0,0,0,0,0,0,0,0,45.835,0,0,0
0,20.001,0,0,0,0,16.666,0,0,0,0,0,0,0,0,0,0,0,0,0,0,0,0,0,0,0,0,0,0,0,0,0,0,0,0,0,0,0,13.332,0,0,0,0,0,0,0,0,0,0,0,0,0,3.333,3.333,3.333,0,0,0,0,0,0,0,0,0,0,0,0,0,0,0,0,0,0,0,0,0,0,0,0,0,0,0,0,0,0,0,40,0,0,0
0,7.317,7.317,0,0,0,4.879,0,0,0,0,0,0,0,0,0,0,0,0,0,0,0,0,0,0,0,0,0,0,0,0,0,0,0,0,0,0,0,4.879,0,7.317,0,0,0,0,0,0,0,0,19.513,0,0,0,7.317,2.439,2.439,0,0,0,0,0,0,0,0,0,0,0,0,0,0,0,0,0,0,0,0,0,0,0,0,0,0,0,0,0,0,36.585,0,0,0
0,39.998,4.001,0,0,0,0,0,0,0,0,0,0,0,0,0,0,0,0,0,0,0,0,0,0,0,0,0,0,0,0,0,0,0,0,0,0,0,0,0,0,0,0,0,0,0,0,0,0,4.001,0,0,0,0,0,4.001,0,0,0,0,0,0,0,0,0,0,0,0,0,0,0,0,0,0,0,0,0,0,0,0,0,0,0,0,0,4.001,39.998,0,0,0
0,3.226,6.451,0,0,0,0,0,0,0,0,0,0,0,0,0,0,0,0,0,0,0,0,0,0,0,0,0,0,0,0,0,0,0,0,0,0,0,0,0,3.226,0,0,0,0,0,0,0,0,16.129,0,0,0,0,0,6.451,0,0,0,0,0,0,0,0,0,0,0,0,0,0,0,0,0,0,3.226,0,0,0,0,0,0,0,0,0,0,0,58.064,0,0,0
0,6.251,9.375,0,0,3.125,6.251,0,0,0,0,0,0,0,0,0,0,0,0,0,0,0,0,0,0,0,0,0,0,0,0,0,3.125,0,0,0,0,0,6.251,3.125,3.125,0,0,0,0,0,0,0,0,9.375,0,0,0,6.251,0,3.125,0,0,0,0,0,0,0,0,0,0,0,0,0,0,0,0,0,0,0,0,0,0,0,0,0,0,0,0,0,0,40.625,0,0,0
0,5.129,12.821,0,10.256,0,0,0,0,0,0,0,0,0,0,0,0,0,0,0,0,0,0,0,0,0,0,0,0,0,0,0,0,0,0,0,0,0,0,0,10.256,0,0,0,0,0,0,0,0,20.513,0,0,0,0,2.564,5.129,0,0,0,0,0,0,0,0,0,0,0,0,0,0,0,0,0,0,0,0,0,0,0,0,0,0,0,0,0,0,33.333,0,0,0
0,31.82,9.09,0,0,0,0,0,0,0,0,0,0,0,0,0,0,0,0,0,0,0,0,0,0,0,0,0,0,0,0,0,0,0,0,0,0,4.545,9.09,0,0,0,0,0,0,0,0,0,0,0,0,0,0,0,0,0,0,0,0,0,0,0,0,0,0,0,0,0,0,0,0,0,0,0,0,0,0,0,0,0,0,0,0,0,0,0,45.455,0,0,0
0,6.897,10.344,0,0,0,0,0,0,0,0,0,0,0,0,0,0,0,0,0,0,0,0,0,0,0,0,0,0,0,0,0,0,0,0,0,0,0,3.448,0,0,0,0,0,0,0,0,0,0,20.69,0,0,0,13.792,3.448,3.448,0,0,0,0,0,0,0,0,0,0,0,0,0,0,0,0,0,0,0,0,0,0,0,0,0,0,0,0,0,0,37.932,0,0,0
0,10.715,0,0,0,17.857,0,0,0,0,0,0,0,0,0,0,0,0,0,0,0,0,0,0,0,0,0,0,0,0,0,0,0,0,0,0,0,0,3.571,0,0,0,0,0,0,0,0,0,0,0,0,0,0,3.571,0,3.571,0,0,0,0,0,0,0,0,0,0,0,0,0,0,0,0,0,0,0,0,0,0,0,0,0,0,0,0,0,0,57.144,0,0,0
0,5.264,7.894,0,0,0,0,0,0,0,0,0,0,0,0,0,0,0,0,0,0,0,0,0,0,0,0,0,0,2.632,0,0,0,0,0,0,0,0,7.894,5.264,0,0,0,0,0,0,0,0,2.632,2.632,0,0,0,7.894,7.894,0,0,0,0,0,0,0,0,0,0,0,0,0,0,0,0,0,0,0,0,0,0,0,0,0,0,0,0,0,0,0,50.001,0,0,0
0,54.543,4.546,0,0,0,0,0,4.546,0,0,0,0,0,0,0,0,0,0,0,0,0,0,0,0,0,0,0,0,0,0,0,0,0,0,0,0,4.546,0,0,0,0,0,0,0,0,0,0,0,0,0,0,0,0,4.546,0,0,0,0,0,0,0,0,0,0,0,0,0,0,0,0,0,0,0,0,0,0,0,0,0,0,0,0,0,0,4.546,22.728,0,0,0
0,19.231,11.538,0,0,0,3.846,0,0,0,0,0,0,0,0,0,0,0,0,0,0,0,0,0,0,0,0,0,0,3.846,0,0,0,0,0,0,0,0,3.846,0,0,0,0,0,0,0,0,0,0,11.538,0,0,0,11.538,7.692,3.846,0,0,0,0,0,0,0,0,0,0,0,0,0,0,0,0,0,0,0,0,0,0,0,0,0,0,0,0,0,0,23.077,0,0,0
0,0,9.091,0,0,0,4.546,0,0,0,0,0,0,0,0,0,0,0,0,0,0,0,0,0,0,0,0,0,0,0,0,0,0,0,0,0,0,0,4.546,0,4.546,0,0,0,0,0,0,0,0,0,0,0,0,9.091,9.091,0,0,0,0,0,0,0,0,0,0,0,9.091,0,0,0,0,0,0,0,0,0,0,0,0,0,0,0,0,0,0,0,45.452,0,0,0
0,6.25,12.499,0,0,0,0,0,0,0,0,0,0,0,0,0,0,0,0,0,0,0,0,0,0,0,0,0,0,0,0,0,0,0,0,0,0,0,18.75,6.25,0,0,0,0,0,0,3.126,0,0,6.25,0,0,0,3.126,9.373,0,0,0,0,0,0,0,0,0,0,0,0,0,0,0,0,0,0,0,0,0,0,0,0,0,0,0,0,0,0,0,34.374,0,0,0
0,15.999,4.001,0,0,0,0,0,0,0,0,0,0,0,0,0,0,0,0,0,0,0,0,0,0,0,0,0,0,0,0,0,0,0,0,0,0,0,4.001,4.001,0,0,0,0,0,0,0,0,4.001,4.001,0,0,0,4.001,4.001,4.001,0,0,0,0,0,0,0,0,0,0,15.999,0,0,0,0,4.001,0,0,0,0,0,0,0,0,0,0,0,0,0,0,31.998,0,0,0
9.375,9.375,12.499,0,0,0,0,0,0,0,0,0,0,0,0,0,0,0,0,0,0,0,0,0,0,0,0,0,0,0,0,0,0,0,0,0,0,0,0,0,0,0,0,0,0,0,0,0,0,3.125,0,0,0,6.25,3.125,3.125,0,0,0,0,0,0,0,0,0,0,0,9.375,0,0,0,0,0,0,3.125,0,0,0,0,0,0,0,0,0,0,0,40.624,0,0,0
0,6.452,6.452,0,0,3.226,0,0,0,0,0,0,0,0,0,0,0,0,0,0,0,0,0,0,0,0,0,0,0,0,0,0,0,0,0,0,0,3.226,16.128,0,0,0,0,0,0,0,3.226,0,0,3.226,0,3.226,0,0,6.452,0,0,0,0,0,0,0,0,0,0,0,3.226,0,0,0,0,0,0,9.676,0,0,0,0,0,0,0,0,0,0,0,3.226,32.257,0,0,0
0,22.5,2.5,0,0,0,0,0,0,0,0,0,0,0,0,0,0,0,0,0,0,0,0,0,0,0,0,0,0,0,0,0,0,0,0,0,0,0,15,2.5,0,0,0,0,0,0,0,0,2.5,15,0,0,0,5,0,2.5,0,0,0,0,0,0,0,0,0,0,0,0,0,0,0,0,0,0,0,0,0,0,0,0,0,0,0,0,0,0,32.5,0,0,0
3.572,14.286,14.286,0,0,0,0,0,0,0,0,0,0,0,0,0,0,0,0,0,0,0,0,0,0,0,0,0,0,0,0,0,0,3.572,0,0,0,17.857,7.142,3.572,0,0,0,0,0,0,0,0,0,0,0,0,0,0,0,0,0,0,0,0,0,0,0,0,0,0,3.572,0,0,0,0,0,0,0,0,0,0,0,0,0,0,0,0,0,0,0,32.142,0,0,0
2.632,2.632,7.895,0,0,0,0,0,0,0,0,0,0,0,0,0,0,0,0,0,0,0,0,0,0,0,0,0,0,0,0,0,0,0,0,0,0,13.158,2.632,0,0,0,0,0,0,0,0,0,0,2.632,0,0,0,10.526,5.263,0,0,0,0,0,0,0,0,0,0,0,0,0,0,0,0,0,0,0,0,0,2.632,0,7.895,0,0,0,0,0,0,0,39.474,0,0,0
0,3.029,3.029,0,0,3.029,0,0,0,0,0,0,0,0,0,0,0,0,0,0,0,0,0,0,0,0,0,0,0,3.029,0,0,0,0,0,0,0,0,24.244,0,0,0,0,0,0,0,0,0,0,0,0,0,0,6.062,6.062,0,0,0,0,0,0,0,0,0,0,0,0,0,0,0,0,0,0,0,0,0,0,0,0,0,0,0,0,0,0,0,48.485,0,0,0
2.083,12.5,8.333,0,25,2.083,0,0,0,0,0,0,0,0,0,0,0,0,0,0,0,0,0,0,0,0,0,0,0,0,0,0,0,0,0,0,0,0,6.25,0,0,0,0,0,0,0,0,0,0,16.667,0,0,0,4.167,2.083,0,0,0,0,0,0,0,0,0,0,0,0,0,0,0,0,0,0,0,0,0,0,0,0,0,0,0,0,0,0,0,20.833,0,0,0
0,58.619,3.449,0,0,0,0,0,0,0,0,0,0,0,0,0,0,0,0,0,0,0,0,0,0,0,0,0,0,0,0,0,0,0,0,0,0,0,6.896,0,0,0,0,0,0,0,0,0,0,0,0,0,0,3.449,0,0,0,0,0,0,0,0,0,0,0,0,0,0,0,0,0,0,0,0,0,0,0,0,0,0,0,0,0,0,0,0,27.587,0,0,0
0,7.692,7.692,0,0,0,0,0,0,0,0,0,0,0,0,0,0,0,0,0,0,0,0,0,0,0,0,0,0,0,0,0,0,0,0,0,0,0,34.615,0,0,0,0,0,0,0,0,0,0,0,0,0,0,26.923,0,0,0,0,0,0,0,0,0,0,0,0,0,0,0,0,0,0,0,0,0,0,3.847,0,0,0,0,0,0,0,0,0,19.231,0,0,0
0,29.73,0,0,0,0,0,0,0,0,0,0,0,0,0,0,0,0,0,0,0,0,0,0,0,0,0,0,0,0,0,0,0,0,0,0,0,0,40.541,0,0,0,0,0,0,0,0,0,0,0,0,0,0,2.703,0,2.703,0,0,0,0,0,0,0,0,0,0,0,0,0,0,0,0,0,0,0,0,0,0,0,0,0,0,0,0,0,0,21.621,0,0,2.703
0,34.783,2.174,0,0,0,0,0,0,0,0,0,0,0,0,0,0,0,0,0,0,0,0,0,0,0,0,0,0,0,0,0,0,0,0,0,0,0,28.261,0,0,0,0,0,0,0,0,0,0,0,0,0,0,4.347,4.347,0,0,0,0,0,0,0,0,0,0,0,0,0,0,0,0,0,0,0,0,0,0,0,0,0,0,0,0,0,0,0,26.087,0,0,0
0,29.412,0,0,0,0,0,0,0,0,0,0,0,0,0,0,5.882,0,0,0,0,0,0,0,0,0,0,0,0,5.882,0,0,0,0,0,0,0,5.882,0,0,0,0,0,0,0,0,0,0,0,0,0,0,0,11.765,0,5.882,0,0,0,0,0,0,0,0,0,0,0,0,0,0,0,0,0,0,0,0,0,0,0,0,0,0,0,0,0,5.882,29.412,0,0,0
0,16.129,0,0,0,3.226,6.452,0,0,0,0,0,0,0,0,0,0,0,0,0,0,0,0,0,0,0,0,0,0,0,0,0,0,0,0,0,0,0,0,0,0,0,0,0,0,0,0,0,3.226,29.032,0,0,0,9.677,0,3.226,0,0,0,0,0,0,0,0,0,0,0,3.226,0,0,0,0,0,0,3.226,0,0,0,0,0,0,3.226,0,0,0,0,19.355,0,0,0
0,18.919,24.324,0,0,2.703,0,0,0,0,0,0,0,0,0,0,0,0,0,0,0,0,0,0,0,0,0,0,0,0,0,0,0,0,0,0,0,0,0,0,0,2.703,0,0,0,0,0,0,0,2.703,0,0,0,8.108,8.108,0,0,0,0,0,0,0,0,0,0,0,0,0,0,0,0,0,0,0,0,0,0,0,0,0,0,0,0,0,0,2.703,29.73,0,0,0
0,34.999,2.5,0,0,0,0,0,0,0,0,0,0,0,0,0,0,0,0,0,0,0,0,0,0,0,0,0,0,0,0,0,0,0,0,0,0,0,0,0,5,0,0,0,0,0,2.5,0,0,15,0,0,0,10,2.5,0,0,0,7.5,0,0,0,0,0,0,0,0,0,0,0,0,0,0,0,0,0,0,0,0,0,0,0,0,0,0,0,20,0,0,0
0,25,5,0,0,0,0,0,0,0,0,0,0,0,0,0,0,0,0,0,0,0,0,0,0,0,0,0,0,0,0,0,0,0,0,0,0,0,5,5,0,0,0,0,0,0,0,0,0,0,0,0,0,0,20.001,0,0,0,0,0,0,0,0,0,0,0,0,0,0,0,0,0,0,0,0,0,0,0,0,0,0,0,0,0,0,0,40,0,0,0
0,6.896,0,0,0,0,10.344,0,0,0,0,0,0,0,0,0,0,0,0,0,0,0,0,0,0,0,0,0,0,0,0,0,0,0,0,0,0,0,3.449,0,0,0,0,0,0,0,0,0,0,17.241,0,0,0,3.449,0,0,10.344,0,0,0,0,0,0,0,0,3.449,0,3.449,0,0,0,0,0,0,24.137,0,0,0,0,0,0,6.896,0,0,0,0,10.344,0,0,0
2.941,20.588,0,0,0,8.823,2.941,0,0,0,0,0,0,0,0,0,0,0,0,0,0,0,0,0,0,0,0,0,0,0,0,0,0,0,0,0,0,0,0,0,0,0,0,0,0,0,0,0,0,14.705,0,0,0,2.941,0,0,0,0,0,0,0,0,0,0,0,0,0,0,0,0,0,0,0,0,5.883,0,0,0,0,0,0,2.941,0,0,0,0,38.236,0,0,0
0,13.953,0,0,0,0,0,0,0,0,0,0,0,0,0,0,6.976,0,0,0,0,0,0,0,0,0,0,0,0,0,0,0,0,0,0,0,0,0,4.652,0,18.605,0,0,0,0,0,0,0,0,11.628,0,0,0,4.652,4.652,0,0,0,0,0,0,0,0,0,0,0,0,0,0,0,0,0,0,0,13.953,0,0,0,0,0,0,0,0,0,0,0,20.929,0,0,0
0,16.001,0,0,0,0,0,0,0,0,0,0,0,0,0,0,0,0,0,0,0,0,0,0,0,0,0,0,0,4,0,0,0,0,0,0,0,0,4,0,7.999,0,0,0,0,0,0,0,0,4,0,0,0,0,4,4,0,0,0,0,0,0,0,0,0,0,0,0,0,0,0,0,0,0,0,0,0,0,0,0,0,0,0,0,0,0,56.001,0,0,0
0,9.091,3.031,0,0,6.06,0,0,0,0,0,0,0,0,0,0,0,0,0,0,0,0,0,0,0,0,0,0,0,3.031,0,0,0,0,0,0,0,0,24.243,0,0,0,0,0,0,0,0,0,0,3.031,0,0,0,0,0,0,12.121,0,0,0,0,0,0,0,0,3.031,0,0,0,0,0,0,0,0,18.181,0,0,0,0,0,0,9.091,0,0,0,0,9.091,0,0,0
4.878,14.634,4.878,0,0,0,0,0,0,0,0,0,0,0,0,0,0,0,0,0,0,0,0,0,0,0,0,0,0,4.878,0,0,0,0,0,0,0,0,36.585,0,0,0,0,0,0,0,0,0,0,0,0,0,0,2.439,4.878,0,0,0,0,0,0,0,0,0,0,0,0,0,0,0,0,0,0,0,0,0,0,0,0,0,0,0,0,0,0,0,26.829,0,0,0
0,12.5,2.083,0,0,4.167,0,0,0,0,0,0,0,0,0,0,0,0,0,0,0,0,0,0,0,0,0,0,0,0,0,0,0,8.333,0,0,0,4.167,50,0,0,0,0,0,0,0,0,0,0,0,0,0,0,4.167,4.167,0,0,0,0,0,0,0,0,0,0,0,0,0,0,0,0,0,0,0,0,0,0,0,0,0,0,0,0,0,0,0,10.417,0,0,0
0,49.999,3.572,0,0,0,0,0,0,0,0,0,0,0,0,0,0,0,0,0,0,0,0,0,0,0,0,0,0,0,0,0,0,0,0,0,0,0,0,0,0,0,0,0,0,0,0,0,0,0,0,0,0,7.143,0,3.572,0,0,0,0,0,0,0,0,0,0,0,0,0,0,0,0,0,0,0,0,0,0,0,0,0,0,0,0,0,0,32.142,0,0,0
0,17.241,6.897,0,0,0,10.345,0,0,0,0,0,0,0,0,0,0,0,0,0,0,0,0,0,0,0,0,0,0,0,0,0,0,0,0,0,0,0,3.448,0,0,0,0,0,0,0,0,0,0,17.241,0,0,0,24.138,0,3.448,0,0,0,0,0,0,0,0,0,0,0,0,0,0,0,0,0,0,0,0,0,0,0,0,0,0,0,0,0,0,17.241,0,0,0
0,6.667,3.333,0,0,0,0,3.333,0,0,0,0,0,0,0,0,0,0,0,0,0,0,0,0,0,0,0,0,0,0,0,0,0,0,0,0,0,0,13.333,0,0,0,0,0,0,0,0,0,0,6.667,0,0,0,0,3.333,3.333,0,0,0,0,0,0,0,0,0,0,0,0,0,0,0,0,0,0,0,0,0,0,0,0,0,0,0,0,0,0,60,0,0,0
0,7.317,7.317,0,0,4.878,0,0,0,0,0,0,0,0,0,0,0,0,0,0,0,0,0,0,0,0,0,0,0,0,0,0,0,0,0,0,0,2.44,9.755,0,17.073,2.44,0,0,0,0,0,0,0,14.634,0,0,0,7.317,2.44,0,0,0,0,0,0,0,0,0,0,0,0,0,0,0,0,0,0,0,0,0,0,0,0,0,0,0,0,0,0,0,24.389,0,0,0
7.693,23.077,0,3.846,0,0,0,0,0,0,0,0,0,0,0,0,0,0,0,0,0,0,0,0,0,0,0,0,0,0,0,0,0,0,0,3.846,0,3.846,3.846,0,0,0,0,0,0,0,0,0,0,3.846,0,3.846,0,0,3.846,0,0,0,0,0,0,0,0,0,0,0,0,0,0,0,0,0,0,0,0,0,0,0,0,0,0,0,0,0,0,3.846,38.46,0,0,0
0,18.751,0,0,0,0,12.5,0,0,0,0,0,0,0,0,0,0,0,0,0,0,0,0,0,0,0,0,0,0,0,0,0,0,0,0,0,0,0,3.125,0,0,0,0,0,0,0,0,0,0,15.626,0,0,0,9.375,3.125,0,0,0,0,0,0,0,0,0,0,0,0,0,0,0,0,0,0,0,0,0,0,0,0,0,0,3.125,0,0,0,0,34.375,0,0,0
0,5.715,0,0,0,20,0,0,0,0,0,0,0,0,0,0,0,0,0,0,0,0,0,0,0,0,0,0,0,2.857,0,0,0,0,0,0,0,0,5.715,2.857,0,0,0,0,0,0,0,2.857,0,8.571,0,0,0,5.715,2.857,0,0,0,0,0,0,0,0,0,0,0,0,0,0,0,0,0,0,0,0,0,0,0,0,0,0,0,0,0,0,0,42.855,0,0,0
0,0,9.756,0,0,0,0,0,0,0,0,0,0,0,0,0,0,0,0,0,0,0,0,0,0,0,0,0,0,0,0,0,0,0,0,0,0,0,9.756,2.439,14.634,0,0,0,0,0,0,0,0,21.951,0,0,0,9.756,2.439,0,0,0,0,0,0,0,0,0,2.439,0,0,0,0,0,0,0,0,0,0,0,0,0,0,0,0,0,0,0,0,0,26.829,0,0,0
3.449,41.377,0,0,0,0,0,0,0,0,0,0,3.449,0,0,0,0,0,0,0,0,0,0,0,0,0,0,0,0,0,0,0,0,0,0,0,0,3.449,3.449,0,3.449,0,0,0,0,0,0,0,0,0,0,0,0,0,3.449,0,0,0,0,0,0,0,3.449,0,0,0,3.449,0,0,0,0,0,0,0,0,0,0,0,0,0,0,0,0,0,0,0,27.585,0,0,0
0,0,0,0,0,10,3.334,3.334,0,6.666,0,0,0,0,0,0,0,0,0,0,0,0,0,0,0,0,0,0,0,0,0,0,0,0,0,0,0,6.666,0,0,3.334,0,0,0,0,0,0,0,3.334,23.333,0,0,0,13.332,0,0,3.334,0,0,0,0,0,0,0,0,0,0,3.334,0,0,0,0,0,0,0,0,0,0,0,0,0,0,0,0,0,10,10,0,0,0
0,20,0,0,0,0,0,0,0,0,0,0,0,0,0,0,0,0,0,0,0,0,0,0,0,0,0,0,0,5.714,0,0,0,0,0,0,0,0,8.571,8.571,8.571,0,0,0,0,0,0,0,0,2.857,0,0,0,5.714,0,5.714,0,0,0,0,0,0,0,0,0,0,0,0,2.857,0,0,0,0,0,0,0,0,0,0,0,0,0,0,0,0,0,28.571,0,0,0
0,0,2.564,2.564,0,2.564,0,0,0,0,0,0,0,0,0,0,0,0,0,0,5.128,0,0,0,0,0,0,0,0,2.564,0,0,0,0,0,0,0,0,2.564,0,23.077,0,0,0,0,0,0,0,7.693,15.384,0,0,0,0,2.564,0,0,0,0,0,0,0,0,0,0,0,0,0,0,0,0,0,0,0,0,0,0,0,0,0,0,0,0,0,0,2.564,30.769,0,0,0
0,36.363,0,0,0,0,0,0,0,0,0,0,0,0,0,0,0,0,0,0,0,0,0,0,0,0,0,0,0,0,0,0,0,0,0,0,0,0,9.091,0,0,0,0,0,0,0,0,0,4.546,4.546,0,0,0,0,0,0,0,0,0,0,0,0,0,0,0,0,0,0,0,0,0,0,0,0,0,0,0,0,0,0,0,0,0,0,0,0,45.454,0,0,0
0,6.25,18.75,0,0,0,0,0,0,0,0,0,0,0,0,0,0,0,0,0,0,0,0,0,0,0,0,0,0,0,0,0,0,0,0,0,0,0,0,0,0,0,0,6.25,0,0,0,0,0,9.375,0,0,0,6.25,6.25,0,0,0,0,0,0,0,0,0,0,0,0,0,0,0,0,0,0,0,0,0,0,0,0,0,0,0,9.375,0,0,0,34.375,0,0,0
2.857,2.857,8.571,0,0,0,0,0,0,0,0,0,0,0,0,0,0,0,0,0,0,0,0,0,0,0,0,0,0,2.857,0,0,0,0,0,0,0,0,20,0,0,0,0,0,0,0,0,0,2.857,2.857,0,0,0,8.571,0,5.714,0,0,0,0,0,0,0,0,0,0,0,0,0,0,0,0,0,0,0,0,0,0,0,0,0,0,0,0,0,0,42.857,0,0,0
0,9.756,14.634,0,0,0,0,0,0,0,0,0,0,0,0,0,0,0,0,0,0,0,0,0,0,0,0,0,0,0,0,0,0,0,0,0,0,0,12.196,0,14.634,0,0,0,0,0,0,0,2.439,12.196,0,0,0,9.756,2.439,0,0,0,0,0,0,0,0,0,0,0,0,0,0,0,0,0,0,0,0,0,0,0,0,0,0,0,0,0,0,0,21.951,0,0,0
0,68.182,9.091,0,0,0,0,0,0,0,0,0,0,0,0,0,0,0,0,0,0,0,0,0,0,0,0,0,0,0,0,0,0,0,0,0,0,0,0,0,0,0,0,0,0,0,0,0,0,0,0,0,0,0,0,0,0,0,0,0,0,0,0,0,0,0,0,0,0,0,0,0,0,0,0,0,0,0,0,0,0,0,0,0,0,0,18.182,0,0,0
0,3.031,15.153,0,0,0,0,0,0,0,0,3.031,0,0,0,0,0,0,0,0,0,0,0,9.091,0,0,0,0,0,0,0,0,0,0,0,0,0,6.06,9.091,0,0,0,0,0,0,0,0,0,0,0,6.06,0,0,9.091,0,0,0,0,0,0,0,0,0,0,0,0,0,3.031,0,0,0,0,0,0,6.06,0,0,0,0,0,0,0,0,0,0,0,30.303,0,0,0
0,6.251,0,3.125,0,12.5,0,0,0,0,0,0,12.5,0,0,0,0,0,0,0,0,0,0,0,0,0,0,0,0,0,0,0,0,0,6.251,0,0,0,0,0,0,0,0,0,0,0,0,0,0,0,25.001,0,0,0,0,0,0,0,0,0,0,0,3.125,0,0,0,0,0,0,0,0,0,0,0,0,0,0,0,0,0,0,0,0,0,0,0,21.875,0,0,0
0,0,21.951,0,0,0,0,0,0,0,0,0,0,0,0,0,0,0,0,0,0,0,0,0,0,0,0,0,0,0,0,0,0,0,0,0,0,0,0,0,0,0,0,0,0,0,0,0,0,9.756,31.707,2.439,0,2.439,0,0,0,0,0,0,0,0,4.879,0,0,0,0,0,0,0,0,0,0,0,12.195,0,0,0,0,0,0,0,0,0,0,0,14.634,0,0,0
4,48,12,0,0,0,0,0,0,0,0,0,0,0,0,0,0,0,0,0,0,0,0,0,0,0,0,0,0,0,0,0,0,0,0,0,0,0,0,0,0,0,0,0,0,0,0,0,0,0,0,0,0,0,0,0,0,0,0,0,0,0,0,0,0,0,0,0,0,0,0,0,0,0,0,0,0,0,0,0,0,0,0,0,0,0,32,0,0,0
0,21.875,12.5,0,0,0,0,0,0,0,0,0,0,0,0,0,0,0,0,0,6.25,0,0,0,0,0,0,0,0,0,6.25,0,0,0,0,0,0,0,3.125,0,0,0,0,0,0,0,0,0,0,0,6.25,0,0,9.375,0,0,0,0,0,0,0,0,0,0,0,0,0,3.125,0,0,0,0,0,0,0,0,0,0,0,0,0,0,0,0,0,0,31.25,0,0,0
3.029,18.182,3.029,6.062,0,0,0,0,0,0,0,0,9.091,0,0,0,0,0,9.091,6.062,0,0,0,0,0,0,0,0,0,3.029,0,0,0,0,0,0,0,0,0,0,0,0,0,0,0,0,0,0,0,0,30.304,0,0,0,0,0,0,0,0,0,0,0,0,0,0,0,0,0,0,0,0,0,0,0,0,0,0,0,0,0,0,0,0,0,0,0,12.12,0,0,0
2.174,6.521,47.825,0,0,0,2.174,0,0,0,0,0,0,0,0,0,0,0,0,0,0,0,0,0,0,0,0,0,0,0,0,0,0,0,0,0,0,0,4.348,0,2.174,0,0,0,0,0,0,0,2.174,2.174,6.521,0,0,4.348,2.174,0,0,0,0,0,0,0,0,0,0,0,0,0,0,0,0,0,0,0,0,0,0,0,0,0,0,0,0,0,0,0,15.217,0,0,2.174
3.846,38.462,3.846,0,0,0,0,0,0,0,0,0,0,0,0,0,0,0,0,0,0,0,0,7.692,0,0,0,0,0,3.846,0,0,0,0,0,0,0,3.846,0,0,0,0,0,0,0,0,0,0,0,0,0,0,0,3.846,0,0,0,0,0,0,0,0,7.692,0,0,0,0,0,0,0,0,0,0,0,0,0,0,0,0,0,0,0,0,0,0,0,19.232,0,0,0
5.882,0,5.882,0,0,0,0,0,0,0,0,0,0,0,0,0,0,0,0,0,0,0,0,0,0,0,0,0,0,5.882,5.882,0,0,0,0,0,0,0,0,0,0,0,0,0,0,0,0,0,0,0,0,5.882,0,5.882,0,0,11.766,0,0,0,0,0,0,0,0,0,0,0,0,0,0,0,0,0,5.882,0,0,0,0,0,0,11.766,0,0,0,0,35.297,0,0,0
0,0,0,7.5,0,0,0,0,0,0,0,7.5,32.5,0,0,0,0,0,0,0,0,0,5,0,15,0,0,0,0,0,0,0,0,0,0,0,0,0,0,0,0,0,0,0,0,0,0,0,0,0,7.5,0,0,0,0,0,0,0,0,0,0,0,0,0,0,0,0,0,0,0,0,0,0,0,0,0,0,0,0,0,0,0,0,0,0,0,22.5,0,0,0
2.632,7.895,21.053,2.632,0,0,0,0,0,0,0,2.632,0,0,0,0,0,0,0,0,0,0,0,0,0,0,0,0,0,0,0,0,0,0,5.263,0,0,0,2.632,0,0,0,0,2.632,0,0,0,0,0,5.263,23.684,0,0,2.632,0,2.632,0,0,0,0,0,0,0,0,0,0,0,0,0,0,0,0,0,0,0,0,0,0,0,0,0,5.263,0,0,0,0,7.895,0,0,2.632
0,53.572,14.285,0,0,3.572,0,0,0,0,0,0,0,0,0,0,0,0,0,0,0,0,0,0,0,0,0,0,0,0,0,0,0,0,0,0,0,0,0,0,0,0,0,0,0,0,0,0,0,0,0,0,0,0,0,0,0,0,0,0,0,0,0,0,0,0,0,0,0,0,0,0,0,0,0,0,0,0,0,0,0,0,0,0,0,0,25,0,0,0
4.762,4.762,28.572,0,0,0,0,0,0,0,0,0,0,0,0,0,0,0,0,0,0,0,0,0,0,0,0,0,0,0,0,0,0,0,0,33.333,0,4.762,0,0,0,0,0,0,0,0,0,0,0,9.524,0,0,0,0,0,0,0,0,0,0,0,0,0,0,0,0,0,0,0,0,0,0,0,0,0,0,0,0,0,0,0,0,0,0,0,0,9.524,0,0,0
2.778,30.555,5.556,0,0,5.556,0,0,0,0,0,2.778,8.333,0,0,0,0,0,0,0,0,0,0,0,0,0,0,0,0,8.333,0,0,0,2.778,0,0,0,2.778,2.778,0,0,0,0,0,0,0,0,0,0,0,2.778,0,0,0,2.778,0,0,0,0,0,0,0,0,0,0,0,0,0,0,0,0,0,0,0,0,0,0,0,5.556,0,0,0,0,0,0,0,16.666,0,0,0
0,11.765,0,0,0,5.883,0,0,0,0,0,0,0,0,0,0,0,0,0,0,0,0,0,0,0,0,0,0,0,0,0,0,0,0,17.648,0,0,0,2.941,0,2.941,0,0,0,0,0,0,0,0,0,5.883,0,0,2.941,2.941,2.941,0,0,0,0,0,0,0,0,0,0,0,2.941,0,0,0,0,0,0,0,0,0,0,2.941,0,0,5.883,0,0,0,0,29.412,0,0,0
0,56,7.999,0,0,0,0,0,0,0,0,0,0,0,0,0,0,0,0,0,0,0,0,0,0,0,0,0,0,0,0,0,0,0,0,0,0,4,0,0,0,0,0,0,0,0,0,0,0,0,0,0,0,0,0,12,0,0,0,0,0,0,0,0,0,0,0,0,0,0,0,0,0,0,0,0,0,0,0,0,0,0,0,0,0,0,20.001,0,0,0
0,10.714,21.429,0,0,0,0,0,0,0,0,0,0,0,0,0,0,0,0,0,0,0,0,0,0,0,0,0,0,0,0,0,0,0,0,0,0,0,0,0,0,0,0,0,0,0,0,0,0,7.143,0,0,0,10.714,0,14.286,0,0,0,0,0,0,0,0,0,0,0,0,0,0,0,0,0,0,0,0,0,0,0,0,0,0,0,0,0,0,32.143,0,0,0
0,7.142,3.572,0,0,0,0,0,0,0,0,0,0,0,0,0,0,0,0,0,0,0,0,0,0,0,0,0,0,0,0,0,0,0,0,0,0,0,7.142,0,0,0,0,0,0,0,0,0,0,28.571,0,3.572,0,0,0,17.858,0,0,0,0,0,0,0,0,0,0,0,0,0,0,0,0,0,0,0,0,0,0,0,0,0,0,0,0,0,0,28.571,0,0,0
0,2.083,2.083,0,0,0,0,0,0,0,0,0,0,0,0,0,0,0,0,0,0,0,0,0,0,0,0,0,0,0,0,0,0,0,0,0,0,0,4.167,0,2.083,0,0,6.25,0,0,0,0,0,47.917,0,0,0,0,0,6.25,0,0,0,0,0,0,0,0,0,0,0,2.083,0,0,0,0,0,0,0,0,0,0,0,0,0,2.083,0,0,0,0,25,0,0,0
0,60,4.999,0,0,0,0,0,0,0,0,0,0,0,0,0,0,0,0,0,0,0,0,0,0,0,0,0,0,0,0,0,0,0,0,0,0,0,0,0,0,0,0,0,0,0,0,0,0,0,0,0,0,4.999,0,0,0,0,0,0,0,0,0,0,0,0,0,0,0,0,0,0,0,0,0,0,0,0,0,0,0,0,0,0,0,0,30.001,0,0,0
0,21.429,10.714,0,0,0,0,0,0,0,0,0,0,0,0,0,0,0,0,0,0,0,0,0,0,0,0,0,0,0,0,0,0,0,0,0,0,0,3.571,0,0,0,0,0,0,0,0,0,0,3.571,10.714,0,0,21.429,3.571,0,0,0,0,0,0,0,0,0,0,0,0,0,0,0,0,0,0,0,0,0,0,0,0,0,0,0,0,0,0,0,17.858,7.142,0,0
3.448,6.897,0,0,0,3.448,0,0,0,0,0,0,0,0,0,0,0,0,0,0,0,0,0,0,0,0,0,0,0,0,0,0,0,0,0,0,0,0,10.344,0,0,0,0,0,0,0,0,0,0,3.448,0,17.241,0,0,0,17.241,0,0,0,0,0,0,0,0,0,0,0,0,0,0,0,0,0,0,0,0,0,0,0,0,0,0,0,0,0,0,24.139,0,0,3.448
0,2.5,0,0,0,0,12.5,0,0,0,0,0,0,0,0,0,0,0,0,0,0,0,0,0,0,0,0,0,0,0,0,0,0,0,0,0,0,0,12.5,0,0,0,0,0,0,0,2.5,0,0,17.499,0,7.5,0,7.5,0,5,0,0,0,0,0,0,0,0,0,0,0,0,0,0,0,0,0,0,0,0,0,0,0,0,0,0,0,0,0,0,32.5,0,0,0
0,25.806,0,0,0,0,0,0,0,0,0,0,0,0,0,0,0,0,0,0,0,0,0,0,0,0,0,0,0,0,0,0,0,0,0,0,0,0,0,0,0,0,0,0,0,0,0,0,0,0,3.226,0,0,3.226,0,16.129,0,0,0,0,0,0,0,0,0,0,9.677,0,0,0,0,0,0,0,0,0,0,0,0,0,0,0,0,0,0,0,38.71,0,0,0
0,17.39,21.739,0,0,0,0,0,0,0,0,0,0,0,0,0,0,0,0,0,0,0,0,0,0,0,0,0,0,0,0,0,0,0,0,8.695,0,4.349,0,0,0,0,0,0,4.349,0,0,0,0,8.695,0,0,0,0,8.695,0,0,0,0,0,0,0,0,0,0,0,0,0,0,0,0,0,0,0,0,0,0,0,0,0,0,0,0,0,0,0,26.088,0,0,0
0,8.107,0,0,0,0,0,0,0,0,0,0,0,0,0,0,0,2.703,0,0,0,0,0,0,0,0,0,0,0,0,0,0,0,0,0,0,0,0,13.513,2.703,0,0,0,0,0,0,0,0,2.703,32.432,0,5.406,0,0,0,2.703,0,0,0,0,0,0,0,0,0,0,0,2.703,0,0,0,0,0,0,0,0,0,0,0,0,0,0,0,0,0,0,27.027,0,0,0
0,4.762,0,0,0,0,11.905,0,0,0,0,0,0,0,0,0,0,0,0,0,0,0,0,0,0,0,0,0,0,0,0,0,0,0,0,0,0,0,2.381,0,2.381,0,0,4.762,0,0,0,0,0,50,0,0,0,2.381,0,2.381,0,0,0,0,0,0,0,0,0,0,0,0,0,0,0,0,0,0,0,4.762,0,0,0,0,0,2.381,0,0,0,0,11.905,0,0,0
0,25,0,0,0,0,0,0,0,0,0,0,0,0,0,0,0,0,0,0,0,0,0,0,0,0,0,0,0,0,0,0,0,0,0,0,0,0,0,0,0,0,0,0,0,0,0,0,0,0,0,0,0,0,7.143,3.571,0,0,0,0,0,0,0,0,0,0,3.571,3.571,0,0,0,0,0,0,0,0,0,0,0,0,0,0,0,0,0,0,57.143,0,0,0
0,12,16.001,0,0,0,0,0,0,0,0,0,0,0,0,0,0,0,0,0,0,0,0,0,0,0,0,0,0,8,0,0,0,0,0,0,0,0,0,0,0,0,0,0,0,0,0,0,0,0,0,0,0,4,12,8,0,0,0,0,0,0,0,0,0,0,0,4,0,0,0,0,0,0,8,0,0,0,0,0,0,0,0,0,0,0,28.002,0,0,0
6.249,31.25,6.249,0,0,0,0,0,0,0,0,0,0,0,0,0,0,0,0,0,0,0,0,0,0,0,0,0,0,6.249,0,0,0,0,0,0,0,0,3.125,0,0,0,0,0,0,0,0,0,9.375,0,0,3.125,0,3.125,9.375,6.249,0,0,0,0,0,0,0,0,0,0,0,0,0,0,0,0,0,0,0,0,0,0,0,0,0,0,0,0,0,0,15.626,0,0,0
4.256,2.128,0,0,0,0,14.894,0,0,0,0,0,0,0,0,0,0,2.128,0,0,0,0,0,0,0,0,0,0,0,0,0,0,0,0,0,0,0,0,2.128,0,0,0,0,0,0,0,0,0,0,19.148,0,2.128,0,2.128,6.382,4.256,0,0,0,0,0,0,0,2.128,0,0,0,0,0,0,0,0,0,0,23.404,0,0,0,0,0,0,0,0,0,0,0,14.894,0,0,0
0,47.619,0,0,0,0,0,0,0,0,0,0,0,0,0,0,0,0,0,0,0,0,0,0,0,0,0,0,0,0,0,0,0,0,0,23.809,0,9.523,0,0,0,0,0,0,0,0,0,0,0,0,0,0,0,0,0,4.763,0,0,0,0,0,0,0,0,0,0,0,0,0,0,0,0,0,0,0,0,0,0,0,0,0,0,0,0,0,0,14.286,0,0,0
3.03,15.152,12.121,0,0,0,0,0,0,0,0,0,0,0,0,0,0,0,0,0,0,0,0,0,0,0,0,0,0,0,6.061,0,0,0,0,0,0,18.182,3.03,0,0,0,0,0,0,0,0,0,3.03,6.061,0,0,0,9.091,0,0,0,0,0,0,0,0,0,0,0,0,0,0,0,0,0,0,0,0,0,0,0,0,0,0,0,0,0,0,0,0,21.212,0,0,0
2.778,11.111,13.888,8.333,0,2.778,5.556,0,0,0,0,0,0,0,0,0,0,0,0,0,0,0,0,0,0,0,0,0,0,0,0,0,0,0,0,0,0,0,5.556,0,2.778,0,0,0,0,0,0,0,0,5.556,2.778,0,0,0,0,13.888,0,0,0,0,0,0,0,0,0,0,0,0,0,0,0,0,0,0,0,0,0,0,0,0,0,0,0,0,0,0,22.222,0,0,2.778
0,52.174,0,0,0,0,0,0,0,0,0,0,0,0,0,0,0,0,0,0,0,0,0,0,0,0,0,0,0,0,0,0,0,0,0,0,0,26.088,0,0,0,0,0,0,0,0,0,0,0,0,0,0,0,0,0,8.695,0,0,0,0,0,0,0,0,0,0,0,0,0,0,0,0,0,0,0,0,0,0,0,0,0,0,0,0,0,0,13.044,0,0,0
0,0,4.348,0,0,2.174,41.305,2.174,0,0,0,0,0,0,0,0,0,0,0,0,0,0,0,0,0,0,0,0,0,0,0,0,0,0,0,0,0,0,2.174,0,0,0,0,0,0,0,0,0,0,17.392,2.174,0,0,8.695,2.174,0,0,0,0,0,0,0,0,0,0,0,0,0,0,0,0,0,0,0,0,0,0,0,0,0,0,0,0,0,0,0,17.392,0,0,0
0,7.143,10.714,0,0,0,0,0,0,0,0,0,0,0,0,0,0,0,0,0,0,0,0,0,0,10.714,0,0,0,0,0,0,0,0,0,0,0,25.003,3.571,0,0,0,0,0,0,0,0,0,0,3.571,0,3.571,0,3.571,3.571,3.571,0,0,0,0,0,0,0,0,0,0,0,0,0,0,0,0,0,0,0,0,0,0,0,0,0,3.571,0,0,0,0,21.431,0,0,0
3.571,17.858,21.429,3.571,0,0,14.285,0,0,0,0,0,0,0,0,0,0,0,0,0,0,0,0,0,0,0,0,0,0,0,0,0,0,0,0,0,0,0,0,0,0,0,0,0,0,0,0,0,0,0,0,0,0,7.143,0,10.714,0,0,0,0,0,0,0,0,0,0,0,0,0,0,0,0,0,0,0,0,0,0,0,0,0,0,0,0,0,3.571,10.714,0,0,0
13.043,26.087,8.697,0,0,0,0,0,0,0,0,0,0,0,0,0,0,0,0,0,0,0,0,0,0,0,0,0,0,0,0,0,0,0,0,0,0,4.348,0,0,0,0,0,0,0,0,0,0,0,0,0,0,0,0,0,4.348,0,0,0,0,0,0,0,0,0,0,0,8.697,0,0,0,0,0,0,0,0,0,0,0,0,0,0,0,0,0,0,34.782,0,0,0
0,7.317,0,0,0,0,12.195,0,0,0,0,0,0,0,0,0,0,0,0,0,0,0,0,0,0,0,0,0,0,0,0,0,0,0,0,0,0,0,0,0,7.317,0,2.439,2.439,0,0,0,0,0,31.707,4.878,0,0,7.317,0,4.878,0,0,0,0,0,0,0,0,0,0,0,0,0,0,0,0,0,0,0,0,0,0,0,0,0,0,0,0,0,0,19.512,0,0,0
11.999,16,0,0,0,0,0,0,0,0,0,0,0,0,0,0,0,0,0,0,0,0,0,0,0,0,0,0,0,0,4,0,0,0,0,0,0,0,4,0,0,0,0,0,4,0,0,0,4,16,0,4,0,7.999,0,0,0,0,0,0,0,0,0,0,0,0,0,4,0,0,0,0,0,0,0,0,0,0,0,0,0,0,0,0,0,0,20,0,0,0
0,10.256,2.564,0,0,0,10.256,0,0,0,0,0,0,0,0,0,0,0,0,0,0,0,0,0,17.949,0,0,0,0,7.692,0,0,0,2.564,0,0,0,0,2.564,0,0,0,0,0,0,0,0,0,0,7.692,5.128,2.564,0,2.564,0,5.128,0,0,0,0,0,0,0,0,0,0,0,0,0,0,0,0,0,0,0,0,0,0,0,0,0,0,0,0,0,0,23.077,0,0,0
0,10.526,2.631,0,0,0,2.631,0,0,0,0,0,0,0,0,0,0,0,0,0,0,0,0,0,0,0,0,0,0,0,0,0,0,0,0,0,0,0,0,0,2.631,0,0,0,0,0,2.631,0,5.264,21.054,0,0,0,2.631,2.631,7.894,0,0,0,0,0,0,0,0,0,0,0,0,0,0,0,0,0,0,0,0,0,0,0,0,0,0,0,0,0,0,31.58,0,0,5.264
0,49.999,2.942,0,0,0,0,0,0,2.942,0,0,0,0,0,0,0,0,0,0,0,0,0,0,0,0,0,0,0,0,0,0,0,0,0,0,0,0,0,0,0,0,0,0,0,0,0,0,2.942,0,0,0,0,5.882,0,8.824,0,0,0,0,0,0,0,0,0,0,0,0,0,0,0,0,0,0,0,0,0,0,0,0,0,0,0,0,0,0,26.47,0,0,0
10.345,13.794,3.448,0,0,0,10.345,0,0,0,0,0,0,0,0,0,0,0,0,0,0,0,0,0,0,0,0,0,0,0,0,0,0,0,10.345,0,0,0,0,0,0,0,0,0,0,0,0,0,0,10.345,0,0,0,17.242,0,0,0,0,0,0,3.448,0,0,0,0,0,0,0,0,0,0,0,0,0,10.345,0,0,0,0,0,0,0,0,0,0,0,10.345,0,0,0
6.451,22.581,9.677,0,0,3.226,0,0,0,0,0,6.451,0,0,0,0,0,0,0,0,0,0,0,0,0,0,0,0,0,0,0,0,0,0,0,0,0,3.226,0,0,0,0,0,0,0,0,3.226,0,0,0,0,0,0,3.226,0,9.677,0,0,0,0,0,0,0,0,0,0,0,0,0,0,0,0,0,0,0,0,0,0,0,0,0,0,0,0,0,0,29.032,0,0,0
2.5,7.499,5,0,0,0,5,0,0,0,0,0,0,0,0,0,0,0,0,0,0,0,0,0,0,0,0,0,0,0,0,0,0,0,0,0,0,0,0,0,0,0,0,2.5,0,0,0,0,9.999,30,0,0,0,7.499,0,2.5,0,0,0,0,0,0,0,0,0,0,0,0,0,0,0,0,0,0,5,0,0,0,0,0,0,0,0,0,0,0,20.001,0,0,0
0,35.295,11.764,0,0,0,0,0,0,0,0,0,0,0,0,0,0,0,0,0,0,0,0,0,0,0,0,0,0,0,0,0,0,0,0,0,0,0,5.882,0,0,0,0,0,0,0,0,0,0,0,0,0,0,17.646,0,0,0,0,0,0,0,0,0,0,0,0,0,0,0,0,0,0,0,0,0,0,0,0,0,0,0,0,0,0,0,0,29.413,0,0,0
3.704,11.111,25.927,0,0,0,0,0,0,0,0,0,0,0,0,0,0,0,0,0,0,3.704,0,0,0,0,0,0,0,0,0,0,0,0,0,0,0,0,7.407,0,0,0,0,0,3.704,0,0,0,0,3.704,0,0,0,11.111,7.407,0,0,0,0,0,0,0,0,0,0,0,0,0,0,0,0,0,0,0,0,0,0,0,0,0,0,11.111,0,0,0,0,11.111,0,0,0
11.112,25.927,7.407,0,0,0,0,0,0,0,0,0,0,0,0,0,0,0,0,0,0,0,0,0,0,0,0,0,0,0,0,0,0,0,0,0,0,0,11.112,0,7.407,0,0,0,0,0,0,0,0,0,0,0,0,18.518,11.112,3.703,0,0,0,0,0,0,0,0,0,0,0,0,0,0,0,0,0,0,0,0,0,0,0,0,0,0,0,0,0,0,3.703,0,0,0
8.572,8.572,2.857,2.857,0,0,0,0,0,0,0,0,0,0,0,0,0,0,0,0,0,0,0,0,0,0,0,0,0,0,0,0,0,0,0,0,0,0,14.286,2.857,5.715,0,0,5.715,0,0,0,2.857,0,8.572,0,2.857,0,8.572,0,2.857,0,0,0,0,0,0,0,0,0,0,0,0,0,0,0,0,0,0,0,0,0,0,0,0,0,0,0,0,0,0,22.858,0,0,0
0,77.275,0,0,0,4.545,0,0,0,0,0,0,0,0,0,0,0,0,0,0,0,0,0,0,0,0,0,0,0,0,0,0,0,0,0,0,0,0,0,0,0,0,0,0,0,0,0,0,0,0,4.545,0,0,0,0,4.545,0,0,0,0,0,0,0,0,0,0,0,0,0,0,0,0,0,0,0,0,0,0,0,0,0,0,0,0,0,0,9.091,0,0,0
4.167,8.333,0,0,0,4.167,0,0,0,0,0,0,0,0,0,0,0,0,0,0,0,0,0,4.167,0,0,0,0,0,0,0,0,0,0,25,0,0,0,0,0,0,0,0,0,0,0,0,0,0,12.499,0,0,0,8.333,8.333,4.167,0,0,0,0,0,0,0,0,0,0,0,0,0,0,0,0,0,0,0,0,0,0,0,0,0,0,0,0,0,0,20.834,0,0,0
2.564,12.82,5.129,0,0,0,0,0,0,0,0,0,2.564,0,0,0,0,0,0,0,0,0,0,0,0,0,0,0,0,2.564,0,0,0,0,0,0,0,0,0,0,0,0,0,0,0,0,0,0,0,10.256,0,0,0,0,2.564,23.076,0,0,0,0,0,0,0,0,0,0,0,0,0,0,0,0,0,0,0,0,0,0,0,0,0,0,0,0,0,0,38.461,0,0,0
0,4.878,7.317,0,0,0,9.757,0,0,2.439,0,0,0,0,0,0,0,0,0,0,0,0,0,0,0,0,0,0,0,0,0,0,0,0,0,0,0,0,4.878,0,4.878,0,0,4.878,0,0,0,0,0,19.512,0,0,0,2.439,2.439,0,0,2.439,0,0,0,0,0,0,0,0,0,0,0,0,0,0,0,0,0,0,0,0,0,0,0,0,0,0,0,0,34.146,0,0,0
0,48.388,3.226,0,0,0,0,0,0,0,0,0,0,0,0,0,0,0,0,0,0,0,0,0,0,0,0,0,0,0,0,0,0,3.226,0,9.677,0,0,0,0,0,0,0,0,0,0,0,0,0,0,0,0,0,0,0,6.451,0,0,0,0,0,0,0,0,0,0,0,0,0,0,0,0,0,0,0,0,0,0,0,0,0,0,0,0,0,0,29.032,0,0,0
0,19.356,12.903,0,0,0,3.225,0,0,0,0,0,0,0,0,0,0,0,0,0,0,0,0,0,0,3.225,0,0,0,0,0,0,0,0,0,0,0,0,0,0,0,0,0,0,0,0,0,0,0,3.225,0,0,0,0,0,3.225,0,0,0,0,0,0,0,0,0,0,0,6.452,0,0,0,0,0,0,6.452,0,0,0,0,0,0,9.677,0,0,0,0,29.034,0,0,3.225
5.556,2.778,0,0,0,2.778,0,0,0,5.556,0,0,0,0,0,0,0,0,0,0,0,0,0,0,0,0,0,0,0,2.778,0,0,0,0,0,0,0,0,0,2.778,0,0,0,0,0,0,2.778,0,0,24.999,0,0,0,2.778,0,19.444,0,0,0,0,0,0,0,0,0,0,0,0,0,0,0,0,0,0,0,0,0,0,0,0,0,0,0,0,0,0,24.999,0,0,0
2.439,0,4.878,0,0,0,0,0,0,0,0,0,0,0,0,0,0,0,0,0,0,0,0,0,0,0,0,0,0,0,0,0,0,0,0,0,0,0,9.756,2.439,2.439,0,0,2.439,0,0,0,0,2.439,31.707,0,0,0,4.878,7.317,7.317,0,0,0,0,0,0,0,0,0,0,0,0,0,0,0,0,0,0,0,0,0,0,0,0,0,0,0,0,0,0,21.951,0,0,0
0,40,6.666,0,0,0,0,0,0,0,0,0,0,0,0,0,0,0,0,0,0,0,0,0,0,0,0,0,0,0,0,0,0,0,0,0,0,0,0,0,0,0,0,0,0,0,0,0,0,0,0,0,0,3.334,3.334,10.001,0,0,0,0,0,0,0,0,0,0,0,0,0,0,0,0,0,0,0,0,0,0,0,0,0,0,0,0,0,0,36.666,0,0,0
0,25.807,12.903,0,0,0,0,0,0,0,0,6.451,0,0,0,0,0,0,0,0,0,0,0,0,0,0,0,0,0,0,0,0,0,0,0,0,0,0,3.226,0,0,0,0,0,0,0,0,6.451,0,3.226,0,0,0,0,6.451,0,0,0,0,0,0,0,0,0,0,0,0,0,0,0,0,0,0,0,0,0,0,0,0,0,0,0,0,0,0,0,32.258,0,0,0
3.031,15.151,0,0,0,3.031,0,0,0,0,0,0,0,0,0,0,0,3.031,0,0,0,0,0,0,0,0,0,0,0,3.031,0,0,3.031,3.031,0,0,0,0,15.151,0,0,0,3.031,0,0,0,0,0,0,6.06,0,0,0,3.031,0,6.06,0,0,0,0,0,0,0,0,0,0,0,0,0,0,0,0,0,0,0,0,0,0,0,0,0,0,0,0,0,0,30.303,0,0,0
0,11.364,6.818,0,0,0,0,0,0,0,0,0,0,0,0,0,0,0,0,0,0,0,0,0,0,0,0,0,0,0,0,0,0,0,0,0,0,0,4.546,2.272,18.182,2.272,0,0,0,0,0,0,0,31.818,0,0,0,2.272,0,4.546,0,0,0,0,0,0,0,0,0,0,0,0,0,0,0,0,0,0,0,0,0,0,0,0,0,0,0,0,0,2.272,13.636,0,0,0
0,66.666,0,0,0,0,0,0,0,0,0,0,0,0,0,0,0,0,0,0,0,0,0,0,0,0,0,0,0,0,0,0,0,0,0,0,0,11.111,5.556,0,0,0,0,0,0,0,0,0,0,0,0,0,0,0,0,5.556,0,0,0,0,0,0,0,0,0,0,0,0,0,0,0,0,0,0,0,0,0,0,0,0,0,0,0,0,0,0,11.111,0,0,0
2.941,11.765,2.941,0,0,0,0,0,0,0,0,0,0,0,0,0,0,0,0,0,0,0,0,0,0,0,0,0,0,0,2.941,0,0,0,0,0,0,0,2.941,0,0,0,0,2.941,2.941,0,0,11.765,0,20.59,0,0,0,5.882,0,11.765,0,0,0,0,0,0,0,0,0,0,0,0,0,0,0,0,0,0,0,0,0,0,0,0,0,0,0,0,0,0,20.59,0,0,0
11.11,11.11,0,7.409,0,0,0,0,0,0,0,0,0,0,0,0,0,0,0,0,0,0,0,0,0,0,0,0,0,0,0,0,0,0,0,0,0,0,7.409,3.704,0,0,0,0,0,0,7.409,0,0,3.704,0,0,0,0,0,11.11,0,0,0,0,0,0,0,0,0,0,0,0,0,0,0,0,0,0,0,0,0,0,0,0,0,0,0,0,0,0,37.037,0,0,0
6.666,2.222,15.556,0,0,0,0,0,0,0,0,0,0,0,0,0,0,0,0,0,0,0,0,0,0,0,0,0,0,0,0,0,0,0,0,0,0,0,6.666,2.222,4.445,0,0,6.666,0,0,0,0,0,0,0,0,0,11.111,0,6.666,6.666,0,0,0,0,0,0,0,0,0,0,0,0,0,0,0,0,0,0,0,0,0,0,0,0,0,0,0,0,0,28.89,0,0,0
0,43.749,6.25,0,0,0,0,0,0,0,0,0,0,0,0,0,0,0,0,0,0,0,0,0,0,0,0,0,0,0,0,0,0,0,0,0,0,0,0,0,0,0,0,0,0,0,0,0,0,0,6.25,0,0,6.25,0,12.502,0,0,0,0,0,0,0,0,0,0,0,0,0,0,0,0,0,0,0,0,0,0,0,0,0,0,0,0,0,0,18.75,0,0,0
3.448,6.897,6.897,0,0,0,0,3.448,0,0,0,0,0,0,0,0,0,0,0,0,0,0,0,3.448,0,10.344,0,0,0,0,0,0,0,0,0,0,0,0,6.897,0,0,0,0,0,0,0,0,0,0,0,0,0,0,17.243,0,3.448,0,0,0,0,0,0,0,0,0,0,0,0,0,0,0,0,0,0,0,0,0,0,0,0,0,0,0,0,0,0,37.933,0,0,0
3.704,29.628,7.407,0,0,0,0,0,0,0,0,0,7.407,0,0,0,0,0,0,0,0,0,0,0,0,0,0,0,0,0,0,0,0,0,0,0,0,0,11.111,0,0,0,0,0,7.407,0,0,0,0,3.704,0,0,0,3.704,0,18.519,0,0,0,0,0,0,0,0,0,0,0,0,0,0,0,0,0,0,0,0,0,0,0,0,0,0,0,0,0,0,7.407,0,0,0
0,7.895,15.789,0,0,0,0,0,0,0,0,0,2.631,0,0,0,0,0,0,0,0,0,0,0,0,0,0,0,0,0,0,0,0,0,0,0,0,0,5.264,0,0,0,0,2.631,0,0,5.264,7.895,0,5.264,0,0,0,13.157,0,5.264,0,0,0,0,0,0,0,0,0,0,0,0,0,0,0,0,0,0,0,0,0,0,0,0,0,0,0,0,0,0,28.947,0,0,0
0,51.999,4,0,0,0,0,0,0,0,0,0,0,0,0,0,0,0,0,0,0,0,0,0,0,0,0,0,0,0,0,4,0,0,4,0,0,0,0,0,0,0,0,0,0,0,0,4,0,0,0,0,0,0,4,20,0,0,0,0,0,0,0,0,0,0,0,0,0,0,0,0,0,0,0,0,0,0,0,0,0,0,0,0,0,0,7.999,0,0,0
3.572,14.285,0,0,0,0,0,0,0,0,0,0,0,0,0,0,0,0,0,0,0,0,0,0,0,7.142,0,0,0,0,7.142,0,0,0,14.285,0,0,0,0,0,0,0,0,0,0,0,0,0,0,7.142,0,3.572,0,10.715,7.142,10.715,0,3.572,0,0,0,0,0,0,0,0,0,0,0,0,0,0,0,0,0,0,0,0,0,0,0,0,0,0,0,0,10.715,0,0,0
11.905,9.523,7.142,0,0,0,11.905,0,0,0,0,0,0,0,0,0,0,0,0,0,0,0,0,0,0,0,0,0,0,4.762,0,0,0,0,0,0,0,0,4.762,2.381,0,0,0,0,0,0,0,0,0,7.142,2.381,0,0,0,2.381,19.048,0,0,0,0,0,0,0,0,0,0,0,0,0,0,0,0,0,0,0,0,0,0,0,0,0,0,0,0,0,0,16.667,0,0,0
0,2.222,2.222,0,0,0,15.555,0,0,0,0,0,0,0,0,0,0,0,0,0,0,0,0,0,0,0,0,0,0,0,0,0,0,0,0,0,0,0,4.445,0,4.445,0,0,2.222,0,0,0,0,2.222,11.111,0,2.222,0,2.222,2.222,8.888,0,0,0,0,0,0,0,0,0,0,0,0,0,0,0,0,0,0,2.222,0,0,0,0,0,0,0,0,0,0,0,37.777,0,0,0
12,36,12,0,0,0,0,0,0,0,0,0,0,0,0,0,0,0,0,0,0,0,0,0,0,0,0,0,0,0,0,0,0,0,0,0,0,4,0,0,0,0,0,0,0,0,0,0,0,0,0,0,0,0,4,12,0,0,0,0,0,0,0,0,7.999,0,0,0,0,0,0,0,0,0,0,0,0,0,0,0,0,0,0,0,0,0,7.999,0,0,0
6.667,3.333,3.333,0,0,6.667,0,0,0,0,0,0,0,0,0,0,0,0,0,0,0,0,0,0,0,0,0,0,0,0,23.334,0,0,0,0,0,0,0,0,0,3.333,0,0,0,6.667,0,0,0,3.333,13.334,0,0,0,6.667,3.333,3.333,0,0,0,0,0,0,0,0,0,0,0,0,0,0,0,0,0,0,3.333,0,0,0,0,0,0,0,0,0,0,0,10,0,0,0
4.546,0,0,0,0,0,0,0,0,0,0,0,0,0,0,0,0,0,0,0,0,0,0,0,0,0,0,0,0,0,0,0,0,0,22.728,0,0,0,11.364,0,0,0,0,0,6.818,6.818,0,0,0,6.818,0,0,0,0,6.818,9.091,0,0,0,0,0,0,0,0,0,0,0,0,0,0,0,0,0,0,0,0,0,0,0,0,0,0,0,0,0,0,25.001,0,0,0
0,6.818,4.545,0,0,0,0,0,0,0,0,0,0,0,0,0,0,0,0,0,0,0,0,0,0,0,0,0,0,0,2.273,0,0,0,0,0,0,0,4.545,0,4.545,0,0,0,0,0,0,0,0,31.818,0,0,0,0,2.273,2.273,0,11.363,0,0,0,0,0,0,0,0,0,0,0,0,0,0,0,0,0,0,0,0,0,0,0,0,0,0,0,0,29.546,0,0,0
0,47.619,0,0,0,0,0,0,0,0,0,0,0,0,0,0,0,0,0,0,0,0,0,0,0,0,0,0,0,4.762,0,0,0,0,0,0,0,4.762,0,0,0,0,0,0,0,0,0,0,0,0,0,0,0,0,0,0,0,0,0,0,0,0,0,0,0,0,0,0,0,0,0,0,0,0,0,0,0,0,0,0,0,0,0,0,0,0,38.095,0,0,0
6.25,9.375,28.125,0,0,0,0,0,0,0,0,0,0,0,0,0,0,0,0,0,0,0,0,0,0,0,0,0,0,0,0,0,0,0,0,0,0,0,6.25,0,0,3.125,0,0,0,0,0,0,0,9.375,0,3.125,0,0,3.125,0,0,0,0,0,0,0,0,0,0,0,0,0,0,0,0,0,0,0,0,0,0,0,0,0,0,0,0,0,0,0,25,0,0,0
3.125,28.125,0,0,0,0,0,0,0,0,0,0,0,0,0,0,0,0,0,3.125,0,0,0,0,0,0,0,0,0,0,0,0,0,0,0,0,0,0,0,0,0,0,0,0,0,0,0,0,0,0,0,0,0,6.25,0,9.375,0,0,0,0,0,0,0,0,0,0,0,0,0,0,0,0,0,0,0,0,0,0,0,0,0,0,0,0,0,0,46.875,0,0,0
0,7.692,17.949,0,0,0,0,0,0,0,0,0,0,0,0,0,0,0,0,0,0,0,0,0,0,0,0,0,0,0,0,0,0,0,0,0,0,2.564,5.129,0,0,0,0,2.564,0,0,2.564,0,2.564,10.256,0,0,5.129,2.564,0,2.564,0,0,0,0,0,0,0,0,0,0,0,0,0,0,0,0,0,0,0,0,0,0,0,0,0,2.564,0,0,0,0,35.896,0,0,0
0,27.778,0,0,0,0,0,0,0,0,0,0,0,0,0,0,0,0,0,0,0,0,0,0,0,0,0,0,0,0,0,0,0,0,0,0,0,22.222,0,0,0,0,0,0,0,0,0,0,0,0,0,0,0,0,0,0,0,0,0,0,0,0,0,0,0,0,0,0,0,0,0,0,0,0,0,0,0,0,0,0,0,0,0,0,0,0,44.444,0,0,0
7.143,28.571,14.286,0,0,0,0,0,0,0,0,0,0,0,0,0,0,0,0,0,0,0,0,0,0,0,0,0,0,0,0,0,0,0,0,0,0,3.571,10.714,0,0,0,0,0,0,0,0,0,0,3.571,0,0,0,3.571,3.571,0,0,0,0,0,0,0,0,0,0,0,0,0,0,0,0,0,0,0,7.143,0,0,0,0,0,0,3.571,0,0,0,0,14.286,0,0,0
0,46.154,0,0,0,0,0,0,0,0,0,0,0,0,0,0,0,0,0,0,0,0,0,0,0,0,0,0,0,3.846,0,0,0,0,0,0,0,3.846,0,0,0,0,0,0,0,0,0,0,0,7.692,0,0,15.385,0,3.846,7.692,0,0,0,0,0,0,0,0,0,0,0,0,0,0,0,0,0,0,0,0,0,0,0,0,0,0,0,0,0,0,11.538,0,0,0
0,9.302,6.977,0,0,4.652,11.628,0,0,0,0,2.325,0,0,0,0,0,0,0,0,0,0,0,0,0,0,0,0,0,2.325,0,0,0,0,0,0,0,0,16.279,0,0,0,0,4.652,0,0,0,0,4.652,13.953,0,0,4.652,4.652,0,0,0,0,0,0,0,0,0,0,0,0,0,0,0,0,0,0,0,0,0,0,0,0,0,0,0,0,0,0,0,0,13.953,0,0,0
0,58.333,4.167,0,0,0,0,0,0,0,0,0,0,0,0,0,0,0,0,0,0,0,0,0,0,0,0,0,0,0,0,0,0,0,0,0,0,0,0,0,0,0,0,0,0,0,0,0,0,0,0,0,4.167,0,0,0,0,0,0,0,0,0,0,0,0,0,0,0,0,0,0,0,0,0,0,0,0,0,0,0,0,0,0,0,0,4.167,29.167,0,0,0
0,29.167,12.499,0,0,0,0,0,0,0,0,0,0,0,0,0,0,0,0,0,0,0,0,0,0,0,0,0,0,0,0,0,0,0,0,0,0,0,4.167,0,0,0,0,0,0,0,0,0,0,4.167,0,0,0,20.833,0,0,0,0,0,0,0,0,0,0,0,0,0,0,0,0,0,0,0,0,4.167,0,0,0,0,0,0,4.167,0,0,0,0,20.833,0,0,0
16,8.001,3.999,0,0,8.001,0,0,0,0,0,0,0,0,0,0,0,0,0,0,0,0,0,0,0,0,0,0,0,0,0,0,0,0,3.999,0,0,8.001,0,0,0,0,0,0,0,0,0,0,0,12,0,0,0,3.999,0,3.999,0,0,0,0,0,0,0,0,0,0,0,0,0,0,0,0,0,0,0,0,0,0,0,0,0,0,0,0,0,0,28,0,0,0
0,21.212,24.243,0,0,0,0,0,0,0,0,0,3.031,0,0,0,0,0,0,0,0,0,0,0,0,0,0,0,0,0,0,0,0,0,0,0,0,0,12.121,0,0,0,0,0,0,0,0,0,0,15.151,0,0,0,6.061,0,0,0,0,0,0,0,0,0,0,0,0,0,0,0,0,0,0,0,0,0,0,0,0,0,0,0,0,0,0,0,0,18.182,0,0,0
0,40,0,0,0,0,0,0,0,0,0,0,0,0,0,0,0,0,0,0,0,0,0,0,0,0,0,0,0,0,0,0,0,0,0,0,0,5,0,0,0,0,0,0,0,0,0,0,0,0,0,0,0,0,5,0,0,0,0,0,0,0,0,0,0,0,5,0,0,0,0,0,0,0,0,0,0,0,0,0,0,0,0,0,0,0,45,0,0,0
0,10,10,0,0,0,0,0,0,0,0,0,0,0,0,0,0,0,0,0,0,0,0,0,0,0,0,0,0,0,0,0,0,0,0,0,0,0,0,0,0,0,0,0,0,0,0,0,4.999,10,0,4.999,0,10,10,0,0,0,0,0,0,0,0,0,0,0,0,0,0,0,0,0,0,0,0,0,0,0,0,0,0,0,0,0,0,0,34.999,0,0,0
0,0,6.251,0,0,6.251,6.251,0,0,0,0,0,0,0,0,0,6.251,0,0,0,0,0,0,0,0,0,0,0,0,0,0,0,0,0,0,0,0,0,0,0,0,0,0,0,0,0,6.251,6.251,0,6.251,0,0,0,0,0,0,0,0,0,0,0,0,6.251,0,0,0,0,0,0,0,0,0,0,0,0,0,0,0,0,0,0,0,0,0,0,0,49.996,0,0,0
0,2.631,28.948,0,0,0,2.631,0,0,0,0,2.631,0,0,0,0,0,0,0,0,0,0,0,0,0,0,0,0,0,0,0,0,0,0,0,0,0,5.264,2.631,0,2.631,0,0,0,0,0,0,0,0,5.264,0,0,0,10.526,2.631,0,5.264,0,0,0,0,0,0,0,0,0,0,0,0,0,0,0,0,0,0,0,0,0,0,0,0,0,0,0,0,0,18.421,0,0,0
0,45.454,0,0,0,0,0,0,0,0,0,0,0,0,0,0,0,0,0,0,0,0,0,0,0,0,0,0,0,0,0,0,0,0,0,0,0,0,0,0,0,0,0,0,0,0,0,0,0,0,0,0,0,0,9.091,27.273,0,0,0,0,0,0,0,0,0,0,0,0,0,0,0,0,0,0,0,0,0,0,0,0,0,0,0,0,0,0,13.636,0,0,4.545
0,11.538,3.846,0,0,0,0,0,0,0,0,0,0,0,0,0,0,0,0,0,0,0,0,0,0,0,0,0,0,0,0,0,0,0,0,0,0,0,0,0,0,0,0,0,0,0,0,0,0,0,0,0,0,34.616,11.538,15.385,0,0,0,0,0,0,0,0,0,0,0,0,0,0,0,0,0,0,3.846,0,0,0,0,0,0,0,0,0,0,0,15.385,0,0,0
12.195,14.634,0,2.439,0,0,0,0,0,0,0,0,0,0,0,0,0,0,0,0,0,0,0,0,0,0,0,0,0,0,0,0,0,0,0,0,0,0,17.073,0,0,0,0,0,0,0,0,0,2.439,24.39,2.439,0,0,0,0,9.756,0,0,0,0,0,0,0,0,0,0,0,0,0,0,0,0,0,0,0,0,0,0,0,0,0,0,0,0,0,0,14.634,0,0,0
0,8.51,4.256,0,0,0,0,0,0,0,0,0,2.127,0,0,0,0,0,0,0,0,0,0,0,0,0,0,0,0,0,0,0,0,0,0,0,0,0,4.256,0,0,0,0,10.639,8.51,0,0,0,2.127,19.149,0,0,0,8.51,4.256,8.51,0,0,0,0,0,0,0,0,0,0,0,0,0,0,0,0,0,0,0,0,0,0,0,0,0,0,0,0,0,0,17.022,0,0,0
0,43.477,0,0,0,0,0,0,0,0,0,0,0,0,0,0,0,0,0,0,0,0,0,0,0,0,0,0,0,0,0,0,0,0,0,0,0,0,0,0,0,0,0,0,0,0,0,0,0,0,0,0,0,4.348,0,21.739,0,0,0,0,0,0,0,0,0,0,0,0,0,0,0,0,0,0,0,0,0,0,0,0,0,0,0,0,0,8.696,21.739,0,0,0
9.091,0,4.545,0,0,0,0,0,0,0,0,0,0,0,0,0,0,0,0,0,0,0,0,0,0,0,0,0,0,0,0,0,0,0,0,0,0,0,0,0,0,0,0,0,0,0,0,0,0,9.091,0,4.545,4.545,9.091,0,4.545,0,9.091,0,0,0,0,0,0,0,0,0,0,0,0,0,0,0,0,0,0,0,0,0,0,0,0,0,0,0,0,31.819,0,0,0
17.647,11.764,0,0,0,0,0,0,0,0,0,0,2.941,0,0,0,0,0,0,0,0,0,0,0,0,0,0,0,0,0,0,0,0,0,0,0,0,0,11.764,0,2.941,0,0,0,0,0,0,0,0,8.823,0,2.941,0,0,0,11.764,0,0,0,0,0,0,0,0,2.941,0,0,0,0,0,0,0,0,0,0,0,0,0,0,0,0,0,0,0,0,0,11.764,0,0,0
2.632,2.632,13.158,0,0,0,0,0,0,0,0,0,0,0,0,0,0,0,0,0,0,0,0,0,0,0,0,0,0,0,0,0,5.263,0,0,0,0,0,5.263,2.632,0,0,0,5.263,2.632,0,2.632,0,0,21.053,0,5.263,0,0,5.263,7.895,0,5.263,0,0,0,0,0,0,0,0,0,0,0,0,0,0,0,0,0,0,0,0,0,0,0,0,0,0,0,0,13.158,0,0,0
4.167,45.833,0,0,0,0,0,0,0,0,0,0,0,0,0,0,4.167,0,0,0,0,0,0,0,0,0,0,0,0,0,0,0,0,0,0,0,0,0,0,0,0,0,0,0,0,0,0,0,0,0,0,0,4.167,0,4.167,16.665,0,0,0,0,0,0,0,0,0,0,0,0,0,0,0,0,0,0,0,0,0,0,0,0,0,0,0,0,0,0,20.834,0,0,0
11.765,5.882,0,0,0,0,0,0,0,0,0,2.941,0,0,0,0,0,0,0,0,0,0,0,0,0,0,0,0,0,0,5.882,0,0,0,8.824,0,0,0,0,0,0,0,0,0,0,0,0,0,0,14.706,0,0,0,8.824,2.941,8.824,0,0,0,0,0,0,0,0,0,0,0,2.941,0,0,0,0,0,0,2.941,0,0,0,0,0,0,0,0,0,0,0,23.529,0,0,0
11.429,5.714,0,0,0,0,0,0,0,0,0,0,0,0,0,0,0,0,0,0,0,0,0,0,0,0,0,0,0,2.857,0,0,0,0,0,0,0,0,5.714,0,0,0,0,0,0,0,0,0,11.429,11.429,0,0,0,0,0,31.428,0,0,0,0,0,0,0,0,0,0,0,0,0,0,0,0,0,0,0,0,0,0,0,0,0,0,0,0,0,0,14.286,0,0,0
0,15.909,2.273,0,0,0,0,0,0,0,0,0,0,0,0,0,0,0,0,0,0,0,0,0,0,0,0,0,0,0,0,0,0,0,0,0,0,0,4.546,0,2.273,0,0,0,0,0,0,0,2.273,43.181,0,0,0,4.546,9.091,9.091,0,0,0,0,0,0,0,0,0,0,0,0,0,0,0,0,0,0,0,0,0,0,0,0,0,0,0,0,0,0,6.818,0,0,0
0,33.334,0,3.333,0,3.333,3.333,0,0,0,0,0,0,0,0,0,0,0,0,0,0,0,0,0,0,0,0,0,0,0,0,0,0,0,0,0,0,3.333,0,0,0,0,0,0,0,0,0,0,0,0,0,3.333,0,3.333,6.666,10,0,0,0,0,0,0,0,0,0,0,0,3.333,0,0,0,0,0,0,0,0,0,0,0,0,0,0,0,0,0,0,26.667,0,0,0
4.762,4.762,0,0,0,0,4.762,0,0,0,0,0,0,0,0,0,0,0,0,0,0,0,0,0,0,0,0,0,0,0,0,4.762,0,0,0,0,0,0,0,0,0,0,0,0,4.762,0,0,0,4.762,0,0,0,0,0,9.525,0,0,4.762,0,0,0,0,0,0,0,0,0,0,0,0,0,0,0,0,4.762,0,0,0,0,0,0,0,0,0,0,0,42.858,0,0,0
7.316,12.194,4.878,0,0,2.44,0,0,0,0,0,0,0,0,0,0,0,0,0,0,0,0,0,0,0,0,0,0,0,2.44,0,0,0,0,0,0,0,0,4.878,2.44,0,0,0,0,0,0,0,0,4.878,24.389,0,0,0,0,0,9.755,0,0,0,0,0,0,2.44,0,0,0,0,0,0,0,0,0,0,0,0,0,0,0,0,0,0,0,0,0,0,0,19.512,0,0,0
0,2.128,2.128,0,0,0,21.276,0,0,0,0,0,0,0,0,0,0,0,0,0,0,0,0,0,0,0,0,0,0,0,0,0,0,0,0,0,0,0,8.51,0,0,0,0,0,0,0,0,0,4.256,23.403,0,0,0,0,4.256,0,0,8.51,0,0,0,0,0,0,0,0,0,4.256,0,0,0,0,0,0,0,0,0,0,0,0,0,0,0,0,0,0,21.276,0,0,0
0,20.833,0,0,0,0,0,0,0,0,0,0,0,0,0,12.499,0,0,0,0,0,0,0,0,0,0,0,0,0,0,0,0,0,0,0,0,0,0,0,0,0,0,0,0,0,0,0,0,0,0,0,0,0,0,0,0,0,0,0,0,0,0,0,0,0,0,0,0,0,0,0,0,0,0,0,0,0,0,0,0,0,0,0,0,0,0,54.166,0,0,4.167
3.03,9.091,0,0,0,0,0,0,0,0,0,0,0,0,0,0,0,0,0,0,0,0,0,0,0,0,0,0,0,0,0,0,0,3.03,0,0,0,0,0,0,0,0,0,0,0,0,0,0,0,0,0,0,0,6.06,6.06,9.091,0,0,0,0,0,0,0,0,0,0,0,0,0,0,0,0,0,0,0,0,0,0,0,0,0,0,0,0,0,0,57.577,0,0,0
0,11.111,0,0,0,2.778,0,0,0,0,0,0,0,0,0,0,0,0,0,0,0,0,0,0,0,0,0,0,0,0,2.778,8.333,0,0,0,0,0,0,2.778,0,0,0,0,2.778,0,0,0,2.778,0,8.333,5.556,0,0,0,2.778,0,0,0,0,0,0,0,0,0,0,0,0,0,0,0,0,0,0,0,0,0,0,0,0,0,0,0,0,0,0,0,41.666,0,0,2.778
2.174,8.695,0,0,0,0,2.174,0,0,0,0,0,0,0,0,0,0,0,0,0,0,0,0,0,0,0,0,0,0,0,0,0,0,2.174,0,0,0,0,19.565,0,4.348,0,0,0,0,0,0,0,6.522,26.087,0,0,0,0,0,0,0,0,0,0,0,0,0,0,0,0,0,0,0,0,0,0,0,0,2.174,0,0,0,0,0,0,0,0,0,0,0,26.087,0,0,0
2.632,23.684,5.263,0,0,0,0,0,0,0,0,0,5.263,0,0,0,0,0,0,0,0,5.263,0,0,0,0,0,0,0,0,0,0,0,0,0,0,0,0,0,0,0,0,0,0,0,0,0,0,0,0,0,0,0,0,0,0,0,0,0,0,0,0,0,0,0,0,0,0,0,0,0,0,0,0,0,0,0,0,0,0,0,0,0,0,0,0,44.737,0,0,5.263
0,7.692,0,0,0,0,3.847,0,0,0,0,0,3.847,0,0,0,0,0,0,0,0,0,0,0,0,0,0,0,0,0,0,0,0,0,0,0,0,0,0,0,0,0,0,0,0,0,0,0,0,3.847,0,0,0,11.538,3.847,3.847,0,0,0,0,0,0,0,0,0,0,0,0,0,0,0,0,0,0,3.847,0,0,0,0,0,0,0,0,0,0,0,53.844,0,0,0
2.777,30.556,0,0,0,0,2.777,0,0,0,0,2.777,0,0,0,0,0,0,0,0,0,0,0,0,0,0,0,0,0,0,0,0,0,0,0,0,0,0,5.556,0,0,0,0,5.556,0,0,2.777,0,0,2.777,0,0,2.777,0,0,2.777,0,0,0,0,0,0,0,0,0,0,0,0,0,0,0,0,0,0,0,0,0,0,0,0,0,0,0,0,0,0,38.89,0,0,0
0,17.073,0,0,0,0,19.513,0,0,4.879,0,0,0,0,0,0,0,0,0,0,0,0,0,0,0,0,0,0,0,2.439,2.439,0,0,0,0,0,0,0,7.317,0,0,0,0,0,0,0,0,0,2.439,2.439,0,2.439,0,7.317,2.439,0,2.439,0,0,0,0,0,0,0,0,0,0,0,0,0,0,0,0,0,0,0,0,0,0,0,0,0,0,0,0,0,19.513,0,0,2.439
0,57.692,0,0,0,0,0,0,0,0,0,0,3.846,0,0,0,0,0,0,0,0,7.692,0,0,0,0,0,0,0,0,0,0,0,0,0,0,0,0,0,0,0,0,0,0,0,0,0,0,0,0,0,0,0,0,3.846,3.846,0,0,0,0,0,0,0,0,0,0,3.846,0,0,0,0,0,0,0,0,0,0,0,0,0,0,0,0,0,0,0,11.538,0,0,0
5,5,0,0,0,0,0,0,0,0,0,0,0,0,0,0,0,0,0,0,0,0,0,0,0,0,0,0,0,0,0,0,0,0,0,10.001,0,0,0,0,0,0,0,0,5,0,0,0,10.001,0,5,0,0,10.001,5,0,0,0,0,0,0,0,0,0,0,0,0,0,0,0,0,0,0,0,0,0,0,0,0,0,0,0,0,0,0,0,29.999,0,0,10.001
2.439,9.756,0,0,0,0,0,0,0,0,0,0,2.439,0,0,0,0,0,0,0,0,0,0,0,0,0,0,0,0,2.439,0,0,0,0,0,0,0,0,9.756,2.439,0,0,0,2.439,0,0,0,0,4.878,7.316,0,0,0,0,2.439,0,0,0,0,0,0,0,0,0,0,0,0,0,0,0,0,0,0,0,0,0,0,0,0,0,0,0,0,0,0,0,48.781,0,0,4.878
0,20,0,0,0,0,0,0,0,0,0,0,0,0,0,0,0,0,0,0,0,0,0,0,0,0,0,0,0,0,0,0,0,0,0,0,0,0,15.556,0,2.223,0,0,0,0,0,4.444,0,6.667,13.333,0,2.223,0,6.667,2.223,0,0,0,0,0,0,0,0,0,0,0,0,0,0,0,0,0,0,0,0,0,0,0,0,0,0,0,0,0,0,0,26.666,0,0,0
4.167,33.333,4.167,0,0,0,0,0,0,0,0,0,0,0,0,0,0,0,0,0,0,0,0,0,0,0,0,0,0,0,0,0,0,0,0,0,0,0,0,0,0,0,0,0,0,0,0,0,0,0,0,0,0,0,4.167,8.333,0,0,0,0,0,0,0,0,0,0,4.167,0,0,0,0,0,0,0,0,0,0,0,0,0,0,0,0,0,0,0,33.333,0,0,4.167
0,13.333,0,0,0,0,0,0,0,0,0,0,0,0,0,0,0,0,0,0,0,0,0,0,0,0,0,0,0,0,3.333,0,0,0,16.667,0,0,3.333,3.333,0,0,0,0,0,0,0,0,0,0,0,0,0,0,0,3.333,20.001,0,0,0,0,0,0,0,0,0,0,0,0,0,0,0,0,0,0,3.333,0,0,0,3.333,0,0,0,0,0,0,0,23.333,0,0,3.333
0,0,2.325,0,0,4.652,0,0,0,0,0,0,0,0,0,0,0,0,0,0,0,25.582,0,0,0,0,0,0,0,0,0,0,0,0,13.954,0,0,0,2.325,0,2.325,0,0,0,0,0,0,0,2.325,2.325,0,2.325,0,0,0,6.977,0,0,0,0,0,0,11.628,0,0,0,0,0,0,0,0,0,0,0,0,0,0,0,0,0,0,0,0,0,0,0,20.931,0,0,0
0,31.249,0,0,0,0,0,0,0,0,0,0,0,0,0,0,0,0,0,0,0,0,0,0,0,0,0,0,0,2.084,0,0,0,0,0,0,0,0,2.084,0,2.084,0,0,0,0,0,4.167,0,2.084,8.333,0,2.084,0,4.167,6.249,4.167,0,10.416,0,0,0,0,0,0,0,0,0,0,0,0,0,0,0,0,0,0,0,0,0,0,0,0,0,0,0,0,18.749,0,0,0
0,56.667,6.667,0,0,0,0,0,0,0,0,0,0,0,0,0,0,0,0,0,0,0,0,0,0,0,0,0,0,0,0,0,0,0,0,13.333,0,3.333,0,0,0,0,0,0,0,0,0,0,0,0,0,0,0,0,0,0,0,0,0,0,0,0,0,0,0,0,0,0,0,0,0,0,0,0,0,0,0,0,0,0,0,0,0,0,0,0,20,0,0,0
3.226,6.451,6.451,0,0,0,0,0,0,0,0,0,0,0,0,0,0,0,0,0,0,0,0,0,0,0,0,0,0,0,9.677,0,0,0,0,0,0,0,0,0,0,0,0,0,3.226,0,0,3.226,3.226,3.226,0,0,0,9.677,6.451,0,0,6.451,0,0,0,0,0,0,0,0,0,0,0,0,0,0,0,0,0,0,0,0,0,0,0,0,0,0,0,0,38.711,0,0,0
2.381,16.666,2.381,0,0,0,0,0,0,0,0,0,0,0,0,0,0,0,0,0,0,28.571,0,0,0,0,0,0,0,0,0,0,0,2.381,0,0,0,0,4.762,0,4.762,0,0,0,0,0,0,0,0,2.381,0,0,0,0,0,4.762,0,0,0,0,0,0,0,0,0,0,0,0,0,0,0,0,0,0,0,0,0,0,0,0,0,0,0,0,0,0,30.952,0,0,0
0,4.763,4.763,0,0,0,26.19,0,0,0,0,0,0,0,0,0,0,0,0,0,0,4.763,0,0,0,0,0,0,0,0,0,0,0,0,0,0,0,0,4.763,0,2.38,0,0,0,0,0,0,0,2.38,0,0,0,0,9.523,0,4.763,0,0,0,0,0,0,0,0,0,0,0,0,0,0,0,0,0,0,0,0,0,0,0,0,0,0,0,0,0,0,35.713,0,0,0
0,62.067,3.449,0,0,0,0,0,0,0,0,0,0,0,0,0,0,0,0,0,0,0,0,0,0,0,0,0,0,0,0,0,0,0,0,0,0,0,0,0,0,0,0,0,0,0,0,0,0,0,0,0,0,0,0,3.449,0,0,0,0,0,0,0,0,0,0,0,0,0,0,0,0,0,0,0,0,0,0,0,0,0,0,0,0,0,0,27.586,0,0,3.449
3.704,25.925,0,0,0,0,3.704,0,0,0,0,0,0,0,0,0,0,0,0,0,0,0,0,0,0,3.704,0,0,0,0,0,0,0,0,0,0,0,0,0,0,0,0,0,0,0,0,0,0,0,0,0,0,0,11.111,0,7.407,0,3.704,0,0,0,0,0,0,0,0,0,3.704,0,0,0,0,0,0,0,0,0,0,0,0,0,0,0,0,0,0,29.629,0,0,3.704
8.822,17.647,0,0,0,0,0,0,0,0,0,0,0,0,0,0,0,0,0,0,0,0,0,0,0,0,0,0,0,0,0,2.942,0,0,0,0,0,0,2.942,0,8.822,0,0,0,0,0,0,0,0,2.942,0,0,0,17.647,2.942,0,0,0,0,0,0,0,0,0,0,0,0,0,0,0,0,0,0,0,0,0,0,0,0,0,0,0,0,0,0,0,35.294,0,0,0
5.883,5.883,0,0,0,0,0,0,0,0,0,2.941,0,0,0,0,0,0,0,0,0,0,0,0,0,0,0,0,0,0,0,0,0,0,0,0,0,0,17.647,0,5.883,0,0,0,0,0,0,0,0,2.941,0,0,0,5.883,5.883,11.764,0,0,0,0,0,0,0,0,0,0,0,0,0,0,0,0,0,0,0,0,0,0,0,0,0,0,0,0,0,0,32.352,0,0,2.941
0,37.037,0,0,0,0,0,0,0,0,0,0,0,0,0,0,0,0,0,0,0,0,0,0,0,0,0,0,0,0,0,0,0,0,0,0,0,0,0,0,0,0,0,0,0,0,0,0,0,0,7.407,0,0,3.704,0,7.407,0,0,0,0,0,0,0,0,0,0,0,0,0,0,0,0,0,0,0,0,0,0,0,0,0,0,0,0,0,0,37.037,0,0,0
7.692,15.384,3.847,0,0,0,0,0,0,0,0,0,0,0,0,0,0,0,0,0,0,0,0,0,0,0,0,0,0,0,26.924,0,0,0,0,0,0,0,0,0,0,0,0,0,0,0,0,0,7.692,0,0,0,0,11.539,0,0,0,3.847,0,0,0,0,0,0,0,0,0,0,0,0,0,0,0,0,0,0,0,0,0,0,0,0,0,0,0,0,15.384,0,0,3.847
2.564,2.564,0,0,0,0,0,0,0,0,0,0,5.129,0,0,0,0,0,0,0,0,0,0,0,0,0,0,0,0,0,0,0,0,0,0,0,0,0,0,0,0,0,0,0,0,0,5.129,0,2.564,10.256,0,7.692,0,7.692,2.564,0,0,0,0,0,0,0,0,0,0,0,0,2.564,0,0,0,0,0,0,0,0,0,0,0,0,0,0,0,0,0,0,48.717,0,0,0
0,12.245,0,0,0,0,10.204,0,0,0,0,0,0,0,0,0,0,0,0,0,0,0,0,12.245,0,0,0,0,0,0,0,0,0,0,0,0,0,0,0,0,0,0,0,0,0,0,4.082,0,14.286,4.082,0,8.163,0,4.082,2.041,0,0,0,0,0,0,0,0,0,0,0,0,0,0,0,0,0,0,0,0,0,0,0,0,0,0,0,0,0,0,0,24.49,0,0,2.041
0,33.334,0,0,0,0,0,0,0,0,0,0,3.333,0,0,0,0,0,0,0,0,0,0,9.999,0,0,0,0,0,0,0,0,0,0,0,0,0,0,0,0,0,0,0,0,0,0,0,0,0,0,0,0,0,0,0,6.667,0,0,0,0,0,0,0,0,0,0,0,0,0,0,0,0,0,0,0,0,0,6.667,0,0,0,0,0,0,0,0,40.001,0,0,0
0,2.941,5.882,0,0,0,0,0,0,0,0,0,0,0,0,0,0,0,0,0,0,0,0,0,0,0,0,0,0,0,11.765,0,0,0,0,0,0,0,0,0,0,0,0,0,0,0,5.882,0,5.882,0,0,0,0,2.941,8.824,5.882,0,0,0,0,0,0,0,0,0,0,0,0,0,0,0,0,0,0,8.824,0,0,0,0,0,0,0,0,0,0,0,41.176,0,0,0
3.031,3.031,6.061,0,0,0,3.031,0,0,0,3.031,0,0,0,0,0,0,0,0,0,0,0,0,0,0,0,0,0,0,0,0,0,0,0,0,0,0,0,9.09,0,6.061,0,0,0,0,0,0,0,6.061,0,0,9.09,0,3.031,6.061,12.121,0,0,0,0,0,0,0,0,0,0,0,0,0,0,0,0,0,0,0,0,0,0,0,0,0,0,0,0,0,0,27.272,0,0,0
0,10,2.501,0,0,0,2.501,0,0,0,0,0,0,0,0,0,0,0,0,0,0,0,0,0,0,0,0,0,0,0,0,0,0,0,0,0,0,0,2.501,0,0,0,0,0,0,0,0,0,7.499,7.499,0,15,0,5,7.499,2.501,0,0,0,0,0,0,0,0,0,0,0,0,0,0,2.501,0,0,0,5,0,0,0,0,0,0,0,0,0,0,0,27.499,0,0,0
0,54.545,9.091,0,0,0,0,0,0,0,0,0,0,0,0,0,0,0,0,0,0,0,0,0,0,0,0,0,0,0,0,0,0,0,0,0,0,3.03,0,0,0,0,0,0,0,0,0,0,0,0,0,0,0,3.03,0,3.03,0,0,0,0,0,0,0,0,0,0,0,0,0,0,0,0,0,0,0,0,0,0,0,0,0,0,0,0,0,0,27.273,0,0,0
7.143,28.571,7.143,0,0,0,0,0,0,0,0,0,0,0,0,0,0,0,0,0,0,0,0,0,0,7.143,0,0,0,0,0,0,0,0,0,0,0,0,0,0,0,0,0,0,0,0,0,0,0,0,0,0,0,7.143,3.571,0,0,0,0,0,0,0,0,0,0,0,0,3.571,0,0,0,0,0,0,0,0,0,0,0,0,0,3.571,0,0,0,0,32.143,0,0,0
5.555,13.889,2.778,2.778,0,0,0,0,0,0,0,0,0,0,0,0,0,0,0,0,0,0,0,0,0,0,0,0,0,2.778,0,0,0,0,0,0,0,0,11.112,0,0,0,0,0,0,0,0,0,0,2.778,0,0,0,0,0,5.555,0,0,0,0,0,0,0,0,0,0,0,0,0,0,0,0,0,0,0,0,0,0,0,0,0,0,0,0,0,0,52.779,0,0,0
0,22.727,6.818,0,0,0,0,0,0,0,0,0,0,0,0,0,0,0,0,0,0,0,0,0,0,0,0,0,0,0,0,0,0,0,0,0,0,0,13.637,0,2.273,0,0,0,0,0,0,0,0,6.818,0,0,0,13.637,0,2.273,0,0,0,0,0,0,0,0,0,0,0,0,0,0,0,0,0,0,0,0,0,0,0,0,0,0,0,0,0,0,31.818,0,0,0
0,32,4,0,0,0,0,0,0,0,0,0,4,0,0,0,0,0,0,0,0,0,0,0,0,0,0,0,0,0,0,0,0,0,0,0,0,0,0,0,0,0,0,0,0,0,0,0,0,0,0,0,0,8,0,0,0,0,0,0,0,0,0,0,0,0,0,0,0,0,0,0,0,0,0,0,0,0,0,0,0,0,0,0,0,0,48,0,0,4
0,18.751,0,3.125,0,0,0,0,0,0,0,0,0,0,0,0,0,0,0,0,0,0,0,9.375,0,0,0,0,0,0,0,0,0,0,0,0,0,0,0,0,0,0,0,0,0,0,0,0,0,0,0,3.125,0,28.125,3.125,3.125,0,0,0,0,0,0,0,0,0,0,0,6.25,0,0,0,0,0,0,0,0,0,0,0,0,0,0,0,0,0,0,25,0,0,0
2.381,4.762,0,2.381,0,0,33.333,0,0,0,0,0,0,0,0,0,0,0,0,0,0,0,0,0,0,0,0,0,0,0,0,0,0,0,0,0,0,0,4.762,0,0,0,0,0,0,0,0,0,0,0,0,2.381,0,4.762,0,2.381,0,0,0,0,0,0,0,0,0,0,0,0,0,0,0,0,0,0,0,0,0,0,0,0,0,0,0,0,0,0,33.333,0,0,9.524
0,7.692,0,0,0,0,17.949,0,0,0,0,0,0,0,0,0,0,0,0,0,0,0,0,0,0,0,0,0,0,0,0,0,0,0,0,0,0,0,2.564,0,12.82,0,0,0,0,0,0,0,0,2.564,0,7.692,0,2.564,0,0,0,0,0,0,0,0,0,0,0,0,0,0,0,0,0,0,0,0,0,0,0,0,0,0,0,0,0,0,0,0,43.59,0,0,0
3.704,14.815,0,0,0,0,0,0,0,0,0,0,0,0,0,0,0,0,0,0,0,0,0,0,0,0,0,0,0,3.704,0,0,0,0,0,0,0,11.111,0,0,0,0,0,0,0,0,0,0,0,0,0,3.704,0,0,0,7.407,0,0,0,0,0,0,0,0,0,0,0,0,0,0,0,0,0,0,0,0,0,0,0,0,0,0,0,0,0,0,48.147,0,0,3.704
3.846,15.384,0,3.846,0,0,0,0,0,0,0,0,0,0,0,0,0,0,0,0,0,0,0,0,0,0,0,0,0,0,0,0,0,0,0,0,0,0,0,0,0,0,0,0,0,0,0,0,3.846,0,0,3.846,0,3.846,7.693,0,0,0,0,0,0,0,0,0,0,0,0,0,0,0,0,0,0,0,0,0,0,0,0,0,0,3.846,0,0,0,0,42.307,0,0,7.693
9.524,14.286,0,0,0,0,0,0,0,0,0,0,0,0,0,0,0,0,0,0,0,0,0,0,0,0,0,0,0,0,0,0,0,0,0,0,0,0,11.905,0,7.143,0,0,0,0,0,0,0,0,2.381,0,9.524,0,0,2.381,0,0,0,0,0,0,0,0,0,0,0,0,0,0,0,0,0,0,0,0,0,0,0,0,0,0,0,0,0,0,0,42.858,0,0,0
2.564,7.692,2.564,0,0,0,0,0,0,0,0,0,0,0,0,0,0,0,0,0,0,0,0,0,0,0,0,0,0,0,0,0,0,0,0,0,0,0,0,0,20.513,0,0,0,0,2.564,0,0,7.692,0,0,15.385,0,12.82,0,0,0,0,0,0,0,0,0,0,0,0,0,0,0,0,0,0,0,0,0,0,0,0,0,0,0,0,0,0,0,0,28.205,0,0,0
0,16.129,9.677,3.226,0,0,0,0,0,3.226,0,0,0,0,0,0,0,0,0,0,0,0,0,0,0,0,0,0,0,0,0,0,0,0,0,0,0,9.677,0,0,0,0,0,0,0,0,0,0,3.226,0,0,0,0,0,3.226,0,0,0,0,0,0,0,0,0,0,0,0,0,0,0,0,0,0,0,0,0,0,0,0,0,0,0,0,0,0,0,51.613,0,0,0
11.111,18.519,3.703,0,0,0,3.703,0,0,3.703,0,0,0,0,0,0,0,0,0,0,0,0,0,0,0,0,0,0,0,0,0,0,0,0,0,0,0,0,3.703,0,0,0,0,0,0,0,0,0,0,0,0,0,0,14.815,0,0,0,11.111,0,0,0,0,0,0,0,0,0,7.408,0,0,0,0,0,0,0,0,0,0,7.408,0,0,0,0,0,0,0,14.815,0,0,0
2.381,9.524,0,0,0,0,0,0,0,0,0,0,0,0,0,0,0,0,0,0,0,0,0,0,0,0,0,0,0,2.381,0,0,0,0,4.762,0,0,0,11.904,0,0,0,0,0,0,0,0,0,4.762,0,0,4.762,0,0,2.381,0,0,0,0,0,0,0,0,0,0,0,2.381,0,0,0,0,0,0,0,0,0,0,0,0,0,0,0,0,0,0,0,52.382,0,0,2.381
2.381,19.048,9.524,0,0,0,0,0,0,0,0,0,0,0,0,0,0,0,0,0,0,0,0,0,0,0,0,0,0,0,0,0,0,0,0,0,0,0,4.762,0,4.762,0,0,0,0,0,0,0,4.762,0,0,0,0,7.143,0,4.762,0,0,0,0,0,0,0,0,0,0,0,0,0,0,0,0,0,0,0,0,0,0,0,0,0,0,0,0,0,0,42.857,0,0,0
0,58.331,8.333,0,0,0,0,0,0,0,0,0,0,0,0,0,0,0,0,0,0,0,0,0,0,0,0,0,0,0,0,0,0,0,0,0,0,4.167,0,0,0,0,0,0,0,0,4.167,0,0,0,0,0,0,0,4.167,4.167,0,0,0,0,0,0,0,0,0,0,0,0,0,0,0,0,0,0,0,0,0,0,0,0,0,0,0,0,0,0,12.5,0,0,0
3.333,13.333,0,0,0,0,0,0,0,0,0,0,0,0,0,0,0,0,0,0,0,0,0,0,0,0,0,0,0,0,0,0,0,0,0,0,0,0,3.333,0,0,0,0,6.667,0,0,0,0,0,20,0,0,0,0,3.333,0,0,6.667,0,0,0,0,0,0,0,0,6.667,0,0,0,0,0,0,0,0,0,0,0,16.666,0,0,0,0,0,0,0,16.666,0,0,3.333
14.705,5.883,0,0,0,0,0,0,0,0,0,0,0,0,0,0,0,0,0,0,0,0,0,0,0,0,0,0,0,8.822,0,0,0,0,0,0,0,0,5.883,0,0,0,0,5.883,0,0,0,0,0,20.588,0,0,0,2.942,2.942,0,0,0,0,0,0,0,0,0,0,0,0,0,0,0,0,0,0,0,0,0,0,0,0,0,0,0,0,0,0,0,29.41,0,0,0
0,2.273,2.273,0,0,0,0,0,0,0,0,0,0,0,0,0,0,0,0,0,0,0,0,0,0,0,0,0,0,0,0,0,0,0,0,0,0,0,6.818,0,0,0,0,11.364,0,0,0,0,2.273,43.182,0,0,0,11.364,0,0,0,0,0,0,0,0,0,0,0,0,0,0,0,0,0,0,0,0,0,0,0,0,0,0,0,0,0,0,0,0,18.182,0,0,2.273
0,48.571,5.714,0,0,0,0,0,0,0,0,0,0,0,0,0,0,0,0,0,0,0,0,0,0,0,0,0,0,2.857,0,0,0,0,0,0,0,0,2.857,0,2.857,0,0,0,0,0,0,0,0,0,5.714,0,0,2.857,0,0,0,0,0,0,0,0,8.571,0,0,0,0,0,0,0,0,0,0,0,0,0,0,0,0,0,0,0,0,0,0,0,20,0,0,0
3.847,7.692,3.847,0,0,0,0,0,0,3.847,0,0,7.692,0,0,0,0,0,0,0,0,0,0,0,0,0,0,0,0,0,0,0,0,0,11.538,0,0,0,0,0,0,0,0,3.847,0,3.847,3.847,0,0,15.385,0,0,0,3.847,0,0,0,7.692,0,0,0,0,0,0,0,0,0,0,0,0,0,0,0,0,0,0,0,0,0,0,0,0,0,0,0,0,23.076,0,0,0
12.5,2.5,12.5,0,0,2.5,2.5,0,0,0,0,0,2.5,0,0,0,0,0,0,0,0,0,0,0,0,0,0,0,0,2.5,0,0,0,0,0,0,0,0,0,0,0,0,0,2.5,0,0,0,0,2.5,27.5,0,0,0,2.5,0,0,0,0,0,0,0,0,0,0,0,0,0,0,0,0,0,0,0,0,0,0,0,0,0,0,0,0,0,0,0,0,27.5,0,0,0
0,0,2.631,0,0,0,2.631,0,0,0,0,0,0,0,0,0,0,0,0,0,0,0,0,0,0,0,0,0,0,0,0,0,0,0,7.895,0,0,0,5.264,0,15.79,0,0,5.264,0,0,0,0,2.631,13.159,0,0,0,0,0,0,0,0,0,0,0,0,0,34.21,0,0,0,0,0,0,0,0,0,0,0,0,0,0,0,0,0,0,0,0,0,0,7.895,0,0,0
5.405,32.434,2.702,0,0,0,0,0,0,0,0,0,0,0,0,0,0,0,0,0,0,0,0,0,0,0,0,0,0,0,0,0,0,0,2.702,0,0,2.702,0,0,2.702,0,0,0,0,0,0,0,0,2.702,5.405,0,0,0,0,0,0,0,0,0,0,0,16.217,0,0,0,0,0,0,0,0,0,0,0,0,0,0,0,0,0,0,0,0,0,0,0,27.028,0,0,0
3.334,10,6.666,0,0,0,0,0,0,0,0,0,0,0,0,0,0,0,0,0,0,0,0,0,0,0,0,0,0,0,0,0,0,0,13.333,0,0,0,0,0,10,0,0,13.333,0,0,0,0,0,13.333,0,0,0,6.666,6.666,3.334,0,3.334,0,0,0,0,0,0,0,0,0,0,0,0,0,0,0,0,0,0,0,0,0,0,0,3.334,0,0,0,0,6.666,0,0,0
4.546,11.364,6.818,0,0,0,4.546,0,0,0,0,0,4.546,0,0,0,0,0,0,0,0,0,0,0,0,0,0,0,0,2.273,0,0,0,0,0,0,0,0,4.546,0,20.454,0,0,0,0,0,0,0,0,0,0,0,0,2.273,0,0,0,0,0,0,0,0,6.818,0,0,0,0,0,0,0,0,0,0,0,0,0,0,0,0,0,0,0,0,0,0,0,31.818,0,0,0
2.083,4.167,0,0,0,0,0,0,0,0,0,0,0,0,0,0,0,0,0,0,0,0,0,0,0,0,0,0,0,0,0,0,0,0,0,0,0,0,6.249,0,16.667,0,0,4.167,0,0,0,0,2.083,2.083,0,0,0,0,0,0,0,0,0,0,0,0,39.583,14.583,0,0,0,0,0,0,0,0,0,0,0,0,0,0,0,0,0,0,0,0,0,0,8.333,0,0,0
3.333,43.333,16.667,3.333,0,0,0,0,0,0,0,0,0,0,0,0,0,0,0,0,0,0,0,0,0,0,0,0,0,0,0,0,0,0,0,0,0,0,0,0,3.333,0,0,0,0,0,0,0,0,0,0,0,0,0,0,0,0,0,0,0,0,0,0,0,0,0,0,0,0,0,0,0,0,0,0,0,0,0,0,0,0,0,0,0,0,0,30,0,0,0
6.897,0,13.792,0,0,0,3.448,0,0,0,0,0,0,0,0,0,0,0,0,0,0,0,0,3.448,0,0,0,0,0,0,0,0,0,0,0,0,0,0,3.448,0,0,0,0,6.897,0,0,0,0,0,3.448,0,0,0,6.897,6.897,0,0,17.242,0,0,0,0,0,0,0,0,0,0,0,0,0,0,0,3.448,0,0,3.448,0,0,0,0,3.448,0,0,0,0,17.242,0,0,0
4.167,4.167,2.084,0,4.167,29.166,0,0,0,0,0,0,0,0,0,0,0,0,0,0,0,0,0,0,0,0,0,0,0,0,0,0,0,0,4.167,0,0,0,0,0,0,0,0,0,6.25,0,0,0,0,6.25,0,0,0,0,6.25,0,0,0,0,0,0,0,6.25,0,0,0,0,0,0,0,0,0,0,0,0,0,0,0,0,0,0,0,0,0,0,0,27.084,0,0,0
0,2.564,2.564,0,2.564,2.564,0,0,0,0,0,0,0,0,0,0,0,0,0,0,0,0,0,0,0,0,0,0,0,0,0,0,0,0,7.692,0,0,0,7.692,0,5.128,0,0,12.82,0,0,0,0,0,23.077,0,0,0,2.564,0,0,0,0,0,0,0,0,17.949,0,0,0,0,0,0,0,0,0,0,0,0,0,0,0,0,0,0,0,0,0,0,0,12.82,0,0,0
0,59.259,3.704,0,0,0,0,0,0,0,0,3.704,0,0,0,0,0,0,0,0,0,0,0,0,0,0,0,0,0,0,0,0,0,0,0,0,0,11.111,0,0,0,0,0,0,0,0,0,0,0,0,0,0,0,0,0,0,0,0,0,0,0,0,0,0,0,0,0,0,0,0,0,0,0,0,0,0,0,0,0,0,0,0,0,0,0,0,14.815,0,0,0
3.846,11.539,23.076,0,0,0,0,0,0,0,0,0,3.846,0,0,0,0,0,0,0,0,0,0,0,0,0,0,0,0,0,0,0,0,0,0,0,0,0,3.846,0,0,0,0,3.846,0,0,0,0,0,11.539,0,0,0,0,7.691,3.846,0,11.539,0,0,0,0,0,0,0,0,0,0,0,0,0,0,0,0,0,0,0,0,0,0,0,0,0,0,0,0,11.539,0,0,0
20.513,12.82,12.82,0,0,0,0,0,0,0,0,0,2.564,0,0,0,0,0,0,0,0,0,0,0,0,0,0,0,0,0,0,0,0,0,0,0,0,0,0,0,0,0,0,2.564,2.564,0,0,0,0,10.256,0,0,0,0,2.564,2.564,0,0,0,0,0,0,0,0,0,0,0,0,0,0,0,0,0,0,0,0,0,0,0,0,0,0,0,0,0,0,23.076,0,0,0
0,4.445,0,0,0,0,0,0,0,0,0,0,0,0,0,0,0,0,0,0,0,0,0,0,0,0,0,0,0,0,0,0,0,0,0,0,0,0,17.778,0,15.556,0,0,4.445,0,0,0,0,2.222,28.888,0,0,0,4.445,6.666,0,0,0,0,0,0,0,0,0,0,0,0,0,0,0,0,0,0,0,0,0,0,0,0,0,0,0,0,0,0,0,15.556,0,0,0
0,50,10,0,0,0,0,0,0,0,0,0,0,0,0,0,0,0,0,0,0,0,0,0,0,0,0,0,0,0,0,0,0,0,0,0,0,0,0,0,0,0,0,0,0,0,0,0,0,0,0,0,0,0,0,0,0,0,0,0,0,0,0,0,0,0,0,0,0,0,0,0,0,0,0,0,0,0,0,0,0,0,0,0,0,0,40,0,0,0
0,10.345,6.896,0,0,0,0,0,0,0,0,0,0,0,0,0,0,0,0,0,0,0,0,0,0,0,0,0,0,0,0,0,0,0,3.448,0,0,0,3.448,0,0,0,0,3.448,0,0,0,0,0,6.896,0,0,0,0,0,3.448,0,3.448,0,0,0,0,0,0,0,0,0,17.242,0,0,0,0,0,0,3.448,0,0,0,0,0,0,10.345,0,0,0,0,17.242,0,0,0
5,12.5,2.5,0,0,0,0,0,0,0,0,2.5,0,0,0,0,0,0,0,0,0,0,0,0,0,0,0,0,0,12.5,0,0,0,0,0,0,0,0,5,0,2.5,0,0,0,0,0,2.5,0,0,10,0,2.5,0,0,2.5,0,0,0,0,0,0,0,15,0,0,0,0,0,0,0,0,0,0,0,0,0,0,0,0,0,0,0,0,0,0,0,22.499,0,0,2.5
0,4.878,0,0,0,0,4.878,0,0,0,0,0,0,0,0,0,0,0,0,0,0,0,0,0,0,0,0,0,0,4.878,0,0,0,0,0,0,4.878,0,0,0,12.195,0,0,0,0,0,0,0,2.439,46.341,0,0,0,7.316,2.439,0,0,0,0,0,0,0,0,0,0,0,0,2.439,0,0,0,0,0,0,0,0,0,0,0,0,0,0,0,0,0,0,7.316,0,0,0
3.704,40.739,3.704,0,0,0,0,0,0,0,0,0,0,0,0,0,0,0,0,0,0,0,0,0,0,0,0,0,0,0,0,0,0,0,0,0,0,0,0,0,0,0,0,0,0,0,0,0,0,0,0,0,0,3.704,3.704,3.704,0,0,0,0,0,0,7.407,0,0,0,0,0,0,0,0,0,0,0,0,0,0,0,0,0,0,0,0,0,0,0,29.63,0,0,0
0,11.538,7.692,0,0,0,0,0,0,0,0,0,3.847,0,0,0,0,0,0,0,0,0,0,0,0,0,0,0,0,0,0,0,0,0,11.538,0,0,0,0,0,0,0,0,0,0,0,0,0,0,19.23,3.847,0,0,0,3.847,0,0,7.692,0,0,0,3.847,0,0,0,0,0,11.538,0,0,0,0,0,0,3.847,3.847,0,0,0,0,0,0,0,0,0,0,7.692,0,0,0
5,12.5,0,0,0,2.5,0,0,0,0,0,0,7.499,0,0,0,0,0,0,0,0,0,0,0,0,0,0,0,0,7.499,0,0,0,0,0,0,0,0,5,0,2.5,0,0,0,0,0,0,0,0,2.5,2.5,0,0,0,0,0,0,0,0,0,0,5,17.5,0,0,0,0,2.5,0,0,0,0,0,0,0,0,0,0,0,0,0,0,0,0,0,0,27.5,0,0,0
0,2.439,0,0,0,0,0,0,0,0,0,0,0,0,0,0,0,0,0,0,0,0,0,0,0,0,0,0,0,0,0,0,0,0,0,0,0,0,2.439,0,31.707,0,0,0,0,0,0,0,0,4.878,0,2.439,0,0,7.317,0,0,0,0,0,0,36.585,0,0,0,0,0,0,0,0,0,0,0,0,0,0,0,0,0,0,0,0,0,0,0,0,12.195,0,0,0
3.333,26.667,16.667,0,0,0,0,0,0,0,0,0,0,0,0,0,0,0,0,0,0,0,0,0,0,0,0,0,0,3.333,0,0,0,0,0,0,0,0,0,0,0,0,0,0,0,0,0,0,0,0,0,0,0,0,3.333,0,0,0,0,0,0,0,0,0,0,0,0,6.666,0,0,0,0,0,0,0,0,0,0,0,0,0,0,0,0,0,0,40,0,0,0
17.242,13.793,10.345,0,0,0,0,0,0,0,3.449,0,0,0,0,0,0,0,0,0,0,0,0,0,0,0,0,0,0,0,0,0,0,0,0,0,0,0,13.793,0,0,0,0,0,0,0,0,0,0,10.345,0,0,0,6.896,0,0,0,0,0,0,0,0,0,0,0,0,0,0,0,0,0,0,0,0,0,0,0,0,3.449,0,0,0,0,0,0,0,20.689,0,0,0
2.941,5.882,2.941,0,0,2.941,0,0,0,0,0,0,2.941,0,0,0,2.941,0,0,0,0,0,0,0,0,0,0,0,0,2.941,0,0,0,0,2.941,0,0,0,14.706,0,0,0,0,0,0,0,0,0,0,8.824,0,0,0,0,2.941,2.941,0,0,0,0,0,5.882,0,0,0,0,0,0,0,0,0,0,0,2.941,0,0,0,0,0,0,0,0,0,0,0,0,29.412,0,0,0
2.041,8.163,2.041,0,0,0,0,0,0,0,0,0,0,0,0,0,0,0,0,0,0,0,0,0,0,0,0,0,0,0,0,0,0,0,0,0,0,0,4.082,2.041,0,0,2.041,0,0,0,0,0,0,12.245,0,0,0,2.041,2.041,0,0,0,0,0,0,4.082,0,0,0,0,0,8.163,0,0,0,0,0,0,0,0,0,0,28.571,0,0,0,0,0,0,0,22.449,0,0,0
0,37.5,21.875,0,0,0,0,0,0,0,0,0,0,0,0,0,0,0,0,0,0,0,0,0,0,0,0,0,0,0,0,0,0,0,0,0,0,3.125,0,0,0,0,0,0,0,0,0,0,0,0,0,0,0,3.125,0,0,0,0,0,0,0,0,0,0,0,0,0,9.375,0,0,0,0,0,0,0,0,0,0,0,0,0,0,0,0,0,0,21.875,0,0,3.125
0,8.571,20,0,0,0,0,0,0,0,0,0,0,0,0,0,0,0,0,0,0,0,0,0,0,0,0,0,0,2.857,0,0,0,0,0,0,0,0,2.857,0,0,0,0,0,0,0,0,0,0,5.714,2.857,0,0,2.857,2.857,8.571,0,5.714,0,0,0,0,0,0,0,0,0,5.714,0,0,0,0,0,0,0,0,0,0,0,0,0,17.143,0,0,0,0,14.286,0,0,0
3.334,20,3.334,0,0,0,0,0,0,0,0,0,0,0,0,0,0,0,0,0,0,0,0,0,0,0,0,0,0,0,0,0,0,0,16.666,0,0,0,3.334,0,3.334,0,0,0,0,0,0,0,3.334,6.666,0,0,0,3.334,0,0,0,0,0,0,0,0,0,0,0,0,0,0,0,0,0,0,0,0,0,0,0,0,0,0,0,0,0,0,0,0,36.666,0,0,0
0,0,7.692,0,0,0,0,0,0,0,0,0,0,0,0,0,0,0,0,0,0,0,0,0,0,0,0,0,0,2.564,0,0,0,0,0,0,0,0,7.692,0,15.385,0,0,7.692,0,0,2.564,0,5.129,17.949,0,2.564,0,7.692,7.692,0,0,0,0,0,0,0,0,0,0,0,0,0,0,0,0,0,0,0,0,0,0,0,0,0,0,0,0,0,0,0,10.256,0,0,2.564
0,34.999,0,0,0,15,0,0,0,0,0,0,0,0,0,0,0,0,0,0,0,0,0,0,0,0,0,0,0,0,0,0,0,0,0,0,0,0,5.001,0,0,0,0,0,0,5.001,0,0,0,0,5.001,0,0,0,0,0,0,0,0,0,0,0,15,0,0,0,0,0,0,0,0,0,0,0,0,0,0,0,0,0,0,0,0,0,0,0,19.999,0,0,0
0,10,0,0,0,0,3.334,0,0,0,0,0,0,0,0,0,0,0,0,0,0,0,0,0,0,0,0,0,0,0,0,0,0,0,0,0,0,0,3.334,0,0,0,0,6.666,0,0,0,0,3.334,6.666,0,10,0,6.666,3.334,0,0,3.334,0,0,0,0,0,0,0,0,0,10,0,3.334,0,0,0,0,10,0,0,0,3.334,0,0,0,0,0,0,0,16.665,0,0,0
9.091,15.152,12.121,0,0,0,0,0,0,0,0,0,3.03,0,0,0,0,0,0,0,0,0,0,0,0,0,0,0,0,0,0,0,0,0,0,0,0,0,9.091,3.03,3.03,0,0,0,0,0,3.03,0,0,0,0,0,0,0,3.03,6.061,0,0,0,0,0,0,0,0,0,0,0,0,0,0,0,0,0,0,0,0,0,0,0,0,0,0,0,0,0,0,21.212,0,0,9.091
0,0,2.128,0,0,8.511,0,0,0,0,0,2.128,0,0,0,0,0,0,0,0,0,0,0,0,0,0,0,0,0,0,0,0,0,0,0,0,0,0,2.128,0,2.128,0,0,8.511,0,0,0,0,8.511,29.787,0,0,0,0,4.255,0,0,4.255,0,0,0,8.511,4.255,0,0,0,0,0,0,0,0,0,0,0,0,0,0,0,0,0,0,0,0,0,0,0,12.766,0,0,2.128
3.846,26.922,11.538,0,0,0,0,0,0,0,0,0,3.846,0,0,0,0,0,0,0,0,0,0,0,0,0,0,0,0,0,0,0,0,0,3.846,0,0,0,0,0,0,0,0,0,0,0,0,0,0,0,0,0,0,3.846,0,0,0,0,0,0,0,0,23.077,0,0,0,0,3.846,0,0,0,0,0,0,0,0,0,0,0,0,0,0,0,0,0,0,19.231,0,0,0
0,13.794,0,0,0,0,3.448,0,0,0,0,0,0,0,0,0,0,0,0,0,0,0,0,0,0,0,0,0,0,0,0,0,0,0,0,0,0,0,0,0,0,0,0,3.448,0,0,0,0,10.345,17.242,0,3.448,0,3.448,0,0,0,20.689,0,0,0,3.448,3.448,0,0,0,0,0,0,0,0,0,0,0,0,0,0,0,0,0,0,10.345,0,3.448,0,0,3.448,0,0,0
5.883,2.941,2.941,0,0,0,0,0,0,0,0,0,0,0,0,0,0,0,0,0,0,0,0,0,0,0,0,0,0,2.941,0,0,0,0,14.707,0,0,0,8.824,0,2.941,0,0,0,0,0,0,0,0,5.883,2.941,0,0,0,0,0,0,0,0,0,0,0,29.412,0,0,0,0,0,0,0,0,0,0,0,0,0,0,0,0,0,0,0,0,0,0,0,20.588,0,0,0
0,2.325,2.325,0,0,0,4.652,0,0,0,0,0,0,0,0,0,0,0,0,0,0,0,0,0,0,0,0,0,0,0,0,0,0,0,0,0,0,0,2.325,0,11.628,0,0,4.652,0,0,0,0,6.977,37.209,0,0,0,0,0,2.325,0,4.652,0,0,0,6.977,2.325,0,0,0,0,0,0,0,0,0,0,0,0,0,0,0,0,0,0,0,0,0,0,0,11.628,0,0,0
0,37.037,18.519,0,0,0,0,0,0,0,0,0,0,0,0,0,0,0,0,0,0,0,0,0,0,0,0,0,0,3.704,0,0,0,0,0,0,0,0,0,0,0,0,0,0,0,0,0,0,0,3.704,3.704,0,0,0,7.407,0,0,0,0,0,0,0,3.704,0,0,0,0,0,0,0,0,0,0,0,0,0,0,0,0,0,0,0,0,0,0,0,22.222,0,0,0
0,5.405,2.703,0,0,0,0,0,0,2.703,0,0,0,0,0,0,0,0,0,0,0,0,0,0,0,0,0,0,0,0,0,0,0,0,5.405,0,0,0,5.405,0,2.703,0,0,5.405,0,0,0,0,2.703,10.811,0,0,0,0,2.703,2.703,0,8.108,0,0,0,0,2.703,0,0,0,0,2.703,0,0,0,0,0,2.703,0,0,0,0,5.405,0,0,8.108,0,10.811,0,0,10.811,0,0,0
0,0,0,0,0,0,2.778,0,0,0,0,0,0,0,0,0,0,0,0,0,11.109,0,0,0,0,0,0,0,0,2.778,0,0,0,2.778,5.556,0,0,0,2.778,0,0,0,0,0,5.556,0,0,0,2.778,2.778,2.778,2.778,0,0,5.556,2.778,0,0,0,0,0,0,19.443,0,0,0,0,0,0,0,0,0,0,0,0,0,0,0,0,0,0,0,0,5.556,0,0,19.443,0,0,0
0,4.546,2.272,0,0,0,0,0,0,0,0,0,0,0,0,0,0,0,0,0,0,0,0,0,0,0,0,0,0,0,0,0,0,0,0,0,0,0,2.272,0,0,0,0,0,6.818,0,0,0,15.909,20.455,0,0,0,2.272,4.546,6.818,0,6.818,0,0,0,0,4.546,0,0,0,0,0,0,0,0,0,0,0,0,0,0,0,0,0,0,6.818,0,0,0,0,15.909,0,0,0
2.778,19.444,2.778,0,0,0,0,0,0,0,0,0,0,0,0,0,0,0,0,0,0,0,0,0,0,0,0,0,0,0,0,0,0,0,0,0,0,0,5.556,0,5.556,0,0,0,0,0,0,0,0,2.778,0,0,0,5.556,0,0,0,0,0,0,0,0,0,0,0,0,2.778,0,0,0,0,0,0,0,0,0,0,0,0,0,0,0,0,0,0,0,52.778,0,0,0
0,13.637,18.182,0,0,0,0,0,0,0,0,0,0,0,0,0,0,0,0,0,0,0,0,0,0,0,0,0,0,0,0,0,0,0,0,0,0,0,0,0,9.09,0,0,0,0,0,0,0,0,22.727,0,0,0,13.637,4.545,0,0,0,0,0,0,0,0,0,0,0,0,0,0,0,0,0,0,0,0,0,0,0,0,0,0,0,0,0,0,0,13.637,0,0,0
4.167,10.417,0,0,0,0,0,0,0,0,0,0,0,0,0,0,0,0,0,0,0,0,0,0,0,0,0,0,0,0,0,0,0,0,0,0,2.083,0,8.333,0,4.167,0,0,0,0,0,0,0,6.25,39.583,0,0,0,0,0,0,0,0,0,0,0,0,0,0,0,0,0,0,0,0,0,0,0,0,0,0,0,0,0,0,0,0,0,0,0,0,25,0,0,0
0,14.286,4.762,0,0,0,0,0,0,0,0,0,0,0,0,0,0,0,0,0,0,0,0,0,0,0,0,0,0,0,0,0,0,0,0,0,4.762,0,0,0,9.524,0,0,0,0,0,0,0,2.381,50,0,0,0,2.381,0,0,0,0,0,0,0,0,0,0,0,0,0,0,0,0,0,0,0,0,0,0,0,0,0,0,0,0,0,0,0,0,11.905,0,0,0
0,22.58,0,0,0,0,0,0,0,0,0,0,0,0,0,0,0,0,0,0,0,0,0,0,0,0,0,0,0,0,0,0,0,0,0,0,0,3.226,3.226,3.226,3.226,0,0,6.451,0,0,0,0,0,6.451,0,0,0,9.677,0,0,0,0,0,0,0,0,3.226,0,0,0,0,0,0,0,0,0,0,0,0,0,0,0,0,0,0,0,0,0,0,0,38.71,0,0,0
3.704,18.519,0,0,0,0,0,0,0,0,0,0,0,0,0,0,0,0,0,0,0,0,0,0,0,0,0,0,0,0,0,0,0,0,0,0,0,0,3.704,0,11.111,0,11.111,7.407,0,0,0,0,3.704,14.814,0,0,0,0,0,0,0,0,0,0,0,0,0,0,0,0,0,0,0,0,3.704,0,0,0,0,0,0,0,0,0,0,0,0,0,0,0,18.519,0,0,0
2.381,2.381,0,0,0,0,0,0,0,0,0,0,4.762,0,0,0,0,0,0,0,0,0,0,0,35.714,0,0,0,0,0,0,0,0,0,0,0,0,0,7.142,0,2.381,0,0,0,0,0,0,0,2.381,0,0,0,0,2.381,4.762,0,0,0,0,0,0,0,0,0,0,0,0,0,0,0,0,0,0,0,0,0,0,0,0,0,0,0,0,0,0,0,35.714,0,0,0
0,2.326,0,0,0,11.628,0,0,0,0,0,0,0,0,0,0,0,0,0,0,0,0,0,0,0,0,0,0,0,2.326,0,0,0,0,0,0,0,0,2.326,2.326,34.883,0,0,0,0,0,0,0,0,2.326,0,0,0,2.326,6.976,0,2.326,0,0,0,0,0,0,0,0,0,0,0,0,0,0,0,0,0,0,0,0,0,0,0,0,0,0,13.953,0,0,16.279,0,0,0
9.375,18.75,0,0,0,0,12.5,0,0,0,0,0,0,0,0,0,0,0,0,0,0,0,0,0,0,0,0,0,0,0,0,0,0,0,0,0,0,0,6.249,0,6.249,0,0,0,0,0,0,0,3.125,3.125,0,0,0,9.375,3.125,0,0,0,0,0,0,0,0,0,0,0,3.125,0,0,0,0,0,0,0,0,0,0,0,0,0,0,0,0,0,0,0,25,0,0,0
2.5,7.499,0,0,0,0,0,0,0,0,0,0,0,0,2.5,0,0,0,0,0,0,0,0,0,0,10.001,0,0,0,17.5,0,0,0,0,0,0,0,0,5,0,2.5,0,0,0,0,0,0,0,2.5,17.5,0,0,0,5,7.499,0,0,0,0,0,0,0,0,0,0,0,0,2.5,0,0,0,0,0,0,0,0,0,0,7.499,0,0,0,0,0,0,0,7.499,0,0,0
0,0,0,0,0,0,0,0,0,0,0,0,0,0,0,0,0,0,0,0,0,0,0,0,0,0,2.041,4.082,6.122,69.387,0,0,0,0,0,0,0,0,0,0,2.041,0,0,0,0,0,0,0,0,0,0,0,0,0,0,0,0,0,0,0,0,0,0,0,0,0,0,0,0,0,0,0,0,0,0,0,0,0,0,0,0,0,0,0,0,0,14.286,0,0,2.041
0,0,0,0,0,0,0,0,0,0,0,0,0,0,0,0,0,0,13.333,0,0,0,0,0,0,0,0,0,0,55.557,0,0,0,0,0,0,0,0,4.444,0,6.667,0,0,0,0,0,0,0,0,0,0,2.222,0,0,0,0,0,4.444,0,0,0,0,0,0,0,0,0,0,0,0,0,0,0,0,0,0,0,0,0,0,0,0,0,2.222,0,0,11.111,0,0,0
0,29.032,3.226,0,0,0,0,0,0,0,0,0,0,0,0,0,0,0,0,0,0,0,0,0,0,0,0,0,0,0,0,0,0,0,0,0,0,0,0,0,0,0,0,0,0,0,0,0,3.226,22.581,0,0,0,0,0,0,0,0,0,0,0,0,0,0,0,0,9.677,0,0,0,0,0,0,0,0,0,0,0,0,0,0,0,0,0,0,0,29.032,0,0,0
0,25.806,0,0,0,0,0,0,0,0,0,0,0,0,0,0,0,0,0,0,0,0,0,0,0,0,0,0,0,0,0,0,0,0,0,0,0,0,0,0,0,0,0,0,0,0,3.226,0,0,48.387,0,0,0,3.226,3.226,0,0,0,0,0,0,0,0,0,0,0,0,0,0,0,0,0,0,0,0,0,0,0,0,0,0,0,0,6.452,0,0,9.677,0,0,0
0,2.127,0,0,0,2.127,0,0,0,0,0,0,6.383,0,0,0,0,0,0,4.256,0,0,0,0,0,0,0,0,0,40.425,17.022,0,0,0,0,0,0,0,4.256,0,0,0,0,0,0,0,0,0,0,10.639,0,0,0,0,0,0,0,0,0,0,0,0,0,0,0,0,0,0,0,0,0,0,0,0,2.127,0,0,0,0,0,0,0,0,0,0,0,10.639,0,0,0
0,0,0,0,0,0,0,0,0,0,0,0,0,0,0,0,0,0,0,0,0,0,0,0,0,0,2.083,0,0,25,0,0,0,0,0,0,0,0,0,0,4.167,0,0,0,0,0,0,0,0,25,0,0,0,0,0,0,0,0,0,0,0,0,0,0,0,0,0,0,0,0,0,0,0,0,20.833,0,0,0,0,0,0,0,0,16.667,0,0,4.167,0,0,0
0,31.819,13.636,0,0,0,0,0,0,0,0,0,0,0,0,0,0,0,0,0,0,0,0,0,0,0,0,0,0,4.546,0,0,0,0,0,0,0,0,0,0,0,0,0,0,0,0,0,0,0,0,0,0,0,0,0,0,0,0,0,0,0,0,0,0,0,0,0,0,0,0,0,0,0,0,0,0,0,0,0,0,0,0,0,0,0,0,50,0,0,0
0,4,7.999,0,0,0,0,0,0,0,0,0,0,0,0,0,0,0,0,0,0,0,0,0,0,12,0,0,0,0,0,0,0,0,0,0,0,0,12,0,4,0,0,0,0,0,0,0,0,20,4,0,0,0,0,4,0,7.999,0,0,0,0,0,0,0,0,0,0,0,0,0,0,0,0,0,0,0,0,0,0,0,0,0,0,0,0,20,0,0,0
0,0,0,0,0,0,0,0,0,0,0,0,0,0,0,0,0,0,0,0,5,0,0,0,0,0,0,0,0,7.499,0,0,0,0,0,0,0,0,5,0,0,0,0,0,0,0,0,0,2.5,17.5,0,0,0,0,0,0,0,0,0,0,0,0,45,0,0,0,0,0,0,0,0,0,0,0,0,0,0,0,0,0,0,0,0,0,0,0,17.5,0,0,0
4.445,0,0,0,0,0,0,0,0,0,0,0,0,0,0,0,0,0,0,0,0,0,0,0,0,0,0,0,0,0,0,0,0,0,0,0,2.222,0,11.111,0,13.333,0,0,0,0,0,0,0,0,62.221,0,0,0,0,0,0,0,0,0,0,0,0,0,0,0,0,0,0,0,0,0,0,0,0,0,0,0,0,0,0,0,0,0,0,0,0,4.445,0,0,2.222
0,22.727,4.546,0,0,0,0,0,0,0,0,0,4.546,0,0,0,0,0,0,0,0,0,0,0,0,0,0,0,0,0,0,0,0,0,0,0,0,0,0,0,0,0,0,0,0,0,0,0,0,18.181,0,4.546,4.546,9.09,0,0,0,0,0,0,0,0,13.636,0,0,0,0,4.546,0,0,0,0,0,0,0,0,0,0,0,0,0,0,0,0,0,0,13.636,0,0,0
6.25,6.25,0,0,0,0,0,0,0,0,0,0,0,0,0,0,0,0,0,0,0,0,0,0,0,0,0,0,0,0,0,0,0,0,0,0,0,0,0,0,0,0,0,6.25,0,0,0,0,0,40.624,0,0,0,0,0,0,0,0,0,0,0,0,0,0,0,0,0,6.25,0,0,0,0,0,0,0,0,0,0,9.375,0,0,3.125,0,0,0,0,18.75,0,0,0
0,6.521,0,0,0,0,0,0,0,0,0,0,0,0,0,0,0,0,0,0,0,0,0,0,0,0,0,0,0,0,0,0,0,2.174,0,0,0,2.174,6.521,0,2.174,0,0,0,0,0,2.174,0,2.174,52.175,0,15.218,0,0,0,4.348,0,0,0,0,0,0,0,0,0,0,0,0,0,0,0,0,0,0,0,0,0,0,0,0,0,0,0,0,0,0,4.348,0,0,0
0,31.999,0,0,0,0,0,0,0,0,0,0,8,0,0,0,0,0,0,0,0,0,0,0,0,0,0,0,0,0,0,0,0,0,0,0,0,0,0,0,0,0,0,0,0,0,0,0,4,12,0,0,0,0,0,0,0,0,0,0,0,0,12,0,0,0,4,8,0,0,0,0,0,0,0,0,0,0,0,0,0,0,0,0,0,0,20.001,0,0,0
0,24.242,0,0,0,0,0,0,0,0,0,0,6.062,0,0,0,0,0,0,0,0,0,0,0,0,3.031,0,0,0,0,0,0,0,0,9.09,0,0,3.031,9.09,0,3.031,0,0,0,0,0,0,0,0,18.181,0,3.031,0,0,0,3.031,0,0,0,0,0,0,0,0,0,0,0,3.031,0,0,0,0,0,0,0,0,0,0,0,0,0,0,0,0,0,0,15.151,0,0,0
0,10.714,7.144,0,0,0,21.429,0,0,0,0,0,0,0,0,0,0,0,0,0,0,0,0,0,0,0,0,0,0,0,0,0,0,0,3.571,0,0,0,0,0,3.571,0,0,0,0,0,0,0,0,32.143,0,0,0,3.571,3.571,0,0,3.571,0,0,0,0,0,0,0,0,0,0,0,0,0,0,0,0,3.571,0,0,0,0,0,0,0,0,0,0,0,7.144,0,0,0
0,0,0,0,0,0,0,0,0,0,0,0,0,0,0,0,0,0,0,0,0,0,0,0,0,0,0,0,0,4,0,0,0,0,0,0,0,0,0,0,0,0,0,0,0,0,0,0,0,90,0,0,0,0,0,0,0,0,0,0,0,0,0,0,0,0,0,0,0,0,0,0,0,0,0,0,0,0,0,0,0,0,0,0,0,0,6,0,0,0
0,10,0,0,0,0,0,0,0,0,0,0,0,0,0,0,0,0,0,0,0,0,0,0,0,0,0,0,0,0,0,0,0,0,0,0,4,0,0,0,0,0,0,0,0,0,0,0,0,76,0,8,0,0,0,0,0,0,0,0,0,0,0,0,0,0,0,0,0,0,0,0,0,0,0,0,0,0,0,0,0,0,0,0,0,0,2,0,0,0
2.778,16.666,13.889,0,0,0,0,0,0,0,0,0,0,0,0,0,0,0,0,0,0,0,0,0,0,0,0,0,0,2.778,0,0,0,0,0,0,0,0,0,0,0,0,0,0,0,0,0,0,0,25,0,0,0,0,0,0,0,0,0,0,0,0,13.889,0,0,0,0,2.778,0,0,0,0,0,0,0,0,0,0,0,0,0,0,0,0,0,0,22.221,0,0,0
3.125,3.125,0,0,0,0,0,0,0,0,0,0,0,0,0,0,0,0,0,0,0,0,0,0,0,0,0,0,0,0,0,0,0,0,0,0,0,0,3.125,0,9.375,0,0,0,0,0,0,0,0,40.626,0,3.125,0,3.125,0,0,0,9.375,0,0,0,0,9.375,0,0,0,0,0,0,0,0,0,0,0,0,0,0,0,0,0,0,3.125,0,0,0,0,12.501,0,0,0
0,4.445,0,0,0,2.222,0,0,0,0,0,0,0,0,0,0,0,0,0,0,0,0,0,0,0,0,0,0,0,2.222,0,0,0,0,0,0,0,0,0,0,0,0,0,0,0,0,0,0,0,64.444,0,2.222,0,0,2.222,0,0,0,0,0,0,0,0,0,0,0,0,0,0,0,0,0,0,0,0,0,0,0,0,0,0,0,0,0,0,0,22.222,0,0,0
2.084,4.167,0,0,0,0,0,0,0,0,0,0,0,0,0,0,0,0,0,0,0,0,0,0,0,0,0,0,0,4.167,0,0,0,0,0,0,0,0,4.167,0,0,0,0,4.167,0,0,0,0,0,37.499,0,0,0,0,2.084,2.084,0,0,0,0,0,0,0,0,0,0,0,0,0,0,0,0,0,6.249,0,0,0,0,25,0,0,0,0,0,0,0,8.333,0,0,0
0,44.445,7.407,0,0,0,0,0,0,0,0,0,3.704,0,0,0,0,0,0,0,0,0,0,0,0,0,0,0,0,0,0,0,0,0,0,0,0,0,3.704,0,0,0,0,0,0,0,0,0,0,7.407,0,0,0,0,3.704,0,0,0,0,0,0,0,0,0,0,0,7.407,0,0,0,0,0,0,0,0,0,0,0,0,0,0,0,0,0,0,0,22.223,0,0,0
0,20,20,0,0,0,0,0,0,0,0,0,0,0,0,0,0,0,0,0,0,0,0,0,0,0,0,0,0,0,0,0,0,0,0,0,0,3.333,13.333,0,3.333,0,0,0,0,0,0,0,0,13.333,0,0,0,0,0,3.333,0,3.333,0,0,0,0,0,0,0,0,0,0,0,0,0,0,0,0,0,0,0,0,0,0,0,6.667,0,0,0,0,13.333,0,0,0
2.222,6.667,0,0,0,0,0,0,0,0,0,0,4.444,0,0,0,0,0,0,0,0,0,0,0,0,0,0,0,0,2.222,0,4.444,0,0,0,0,0,0,6.667,0,0,0,0,0,0,0,0,0,0,31.111,0,0,0,0,2.222,6.667,0,0,0,0,0,0,0,0,0,0,20,0,0,0,0,0,0,0,0,0,0,0,0,0,0,0,0,0,0,0,13.333,0,0,0
0,5,7.5,0,0,0,0,0,0,0,0,0,0,0,2.5,0,0,0,0,0,0,0,0,0,0,0,2.5,0,0,2.5,0,0,0,0,0,0,0,0,12.5,5,17.499,0,0,0,0,0,0,0,0,14.999,0,0,0,2.5,2.5,0,7.5,0,0,0,0,0,0,0,0,0,0,0,0,0,0,0,0,0,0,0,0,0,0,0,0,0,0,0,0,0,17.499,0,0,0
3.572,39.282,3.572,0,0,0,0,0,0,0,0,0,3.572,0,0,0,0,0,0,0,0,0,0,0,0,0,0,0,0,0,0,0,0,0,0,0,0,3.572,0,0,0,0,0,0,0,0,0,0,0,7.142,0,0,0,0,0,0,0,0,0,0,0,0,21.428,0,0,0,0,3.572,0,0,0,0,0,0,0,0,0,0,0,0,0,0,0,0,0,0,10.713,0,0,0
0,14.999,5,0,0,0,0,0,0,0,0,0,0,0,0,0,0,0,0,0,0,0,0,0,0,0,0,0,0,0,0,0,0,0,0,0,0,0,14.999,0,0,0,0,0,0,0,0,0,0,25,5,0,0,0,5,0,0,0,0,0,0,0,0,0,0,0,0,5,0,0,0,0,0,0,5,0,0,0,10.001,0,0,0,0,0,0,0,5,0,0,0
2.5,7.5,0,0,0,7.5,0,0,0,0,0,0,5,0,0,0,0,0,0,0,0,0,0,0,0,0,0,0,0,7.5,0,0,0,0,0,0,0,0,10,0,5,0,0,0,0,0,2.5,0,0,0,0,0,0,0,0,2.5,0,0,0,0,0,0,0,0,0,0,35.001,0,0,0,0,0,0,2.5,0,0,0,0,0,0,0,0,0,0,0,0,10,0,0,0
0,5.263,0,0,0,0,0,0,0,0,0,0,0,0,0,0,0,0,0,5.263,0,0,0,0,0,0,0,0,0,0,0,0,0,0,0,0,0,0,21.053,5.263,28.947,0,0,0,0,0,0,0,2.631,13.158,0,0,0,2.631,2.631,0,2.631,0,0,0,0,0,0,0,0,0,0,0,0,0,0,0,0,0,5.263,0,0,0,0,0,0,0,0,0,0,0,5.263,0,0,0
0,35.294,2.942,0,0,0,0,0,0,0,0,0,0,0,0,0,0,0,0,0,0,0,0,0,0,0,0,0,0,0,0,0,0,0,0,0,0,11.764,2.942,0,0,0,0,0,0,0,0,0,0,0,0,0,0,0,5.882,11.764,0,0,0,0,0,0,0,0,0,0,8.824,0,0,0,0,0,0,0,0,0,0,0,0,0,0,0,0,0,0,0,17.646,0,0,0
0,6.451,6.451,0,0,0,0,0,0,0,0,0,0,0,0,0,0,0,0,0,0,0,0,0,0,19.355,0,0,0,0,0,0,0,3.226,0,0,0,0,3.226,0,3.226,0,0,0,0,3.226,0,0,0,6.451,3.226,0,0,3.226,3.226,6.451,9.677,9.677,0,0,0,0,0,0,0,0,0,0,0,0,0,0,0,0,0,0,0,0,0,0,0,0,0,0,0,0,12.903,0,0,0
12.122,6.06,0,0,0,0,15.151,0,0,0,0,0,3.031,0,0,0,0,0,0,0,0,0,0,0,0,0,0,0,0,3.031,0,0,0,0,0,0,0,0,12.122,0,6.06,0,0,0,0,0,6.06,0,0,0,0,0,0,3.031,0,6.06,0,0,0,0,0,0,0,0,0,0,3.031,0,0,0,0,0,0,0,0,0,0,0,0,0,0,0,0,0,0,0,24.242,0,0,0
0,5,7.5,0,0,0,17.5,0,0,0,0,0,0,0,0,0,0,0,0,0,0,0,0,0,0,0,0,0,0,2.501,12.5,0,0,0,0,0,0,0,7.5,0,5,0,0,0,0,0,0,0,2.501,5,0,2.501,0,2.501,7.5,5,0,0,0,0,0,0,0,0,0,0,0,9.999,0,0,0,0,0,0,0,0,0,0,0,0,0,0,0,0,0,0,7.5,0,0,0
0,30.769,7.692,0,0,0,0,0,0,0,0,0,3.846,0,0,0,0,0,0,0,0,0,0,0,0,0,0,0,0,0,0,0,0,0,0,0,0,0,0,0,0,0,0,0,0,0,0,0,0,0,0,0,0,0,0,11.538,0,0,0,0,0,0,0,0,0,0,15.385,0,0,0,0,0,0,0,0,0,0,0,0,0,0,0,0,0,0,0,30.769,0,0,0
15.625,6.25,12.5,0,0,0,0,0,0,0,0,0,0,0,0,0,0,0,0,0,0,0,0,0,0,0,0,0,0,0,0,0,0,0,0,0,0,3.125,0,3.125,3.125,0,0,0,0,0,0,0,0,9.375,0,0,0,3.125,0,0,0,3.125,0,0,0,0,0,0,0,0,0,12.5,0,0,0,0,0,0,0,0,0,0,3.125,0,0,0,0,0,0,0,25,0,0,0
0,16.128,6.452,0,0,3.226,0,0,0,0,0,0,0,0,0,0,0,0,0,0,0,0,0,0,0,0,0,0,0,6.452,0,0,0,0,0,0,0,0,6.452,0,12.903,0,0,0,0,0,0,0,0,19.355,0,0,0,0,0,0,0,0,0,0,0,0,0,0,0,0,0,0,0,0,0,0,0,0,0,0,0,0,0,0,0,6.452,0,0,0,0,22.581,0,0,0
0,5.406,10.811,0,0,0,2.702,0,0,0,0,0,0,0,0,0,0,0,0,0,0,0,0,0,0,0,0,0,0,0,0,0,0,0,0,0,0,2.702,2.702,2.702,10.811,8.108,0,0,0,0,0,0,2.702,16.217,0,0,0,0,0,0,0,0,0,0,0,0,0,0,0,0,0,0,0,0,0,0,0,0,0,0,0,0,0,0,0,21.623,0,2.702,0,0,10.811,0,0,0
0,45.834,12.499,0,0,8.334,0,0,0,0,0,0,0,0,0,0,0,0,0,0,0,0,0,0,0,0,0,0,0,0,0,0,0,0,0,0,0,0,0,0,0,0,0,0,0,0,0,4.166,0,0,0,0,0,0,0,0,0,0,0,0,0,0,0,0,0,0,0,0,0,0,0,0,0,0,0,0,0,0,0,0,0,0,0,0,0,0,20.834,0,0,0
20.002,12,12,0,7.999,0,4,0,0,0,0,0,0,0,0,0,0,0,0,0,0,0,0,0,0,0,0,0,0,0,0,0,0,0,0,0,0,0,0,0,4,0,0,0,0,0,0,0,0,0,0,0,0,4,7.999,7.999,0,0,0,0,0,0,0,0,0,0,0,0,0,0,0,0,0,0,0,0,0,0,0,0,4,0,0,0,0,0,16,0,0,0
2.439,0,2.439,0,0,0,12.195,0,0,0,0,0,0,0,0,0,0,0,0,0,0,0,0,0,0,0,0,0,0,14.634,0,0,0,0,21.951,0,0,0,0,0,2.439,0,0,0,0,0,0,0,2.439,0,0,0,0,0,0,4.878,0,0,0,0,0,0,0,0,0,0,21.951,0,0,0,0,0,0,0,0,0,0,0,0,0,0,0,0,0,0,0,14.634,0,0,0
0,0,2.857,0,0,0,19.999,0,0,0,0,0,0,0,0,0,0,0,0,0,0,0,0,0,0,0,0,0,0,2.857,0,0,0,0,0,0,0,0,11.429,2.857,8.572,0,0,2.857,0,0,0,0,0,2.857,0,0,0,8.572,0,14.286,0,0,0,0,0,0,0,0,0,0,0,0,0,0,0,0,0,0,0,0,0,0,0,0,0,0,0,0,0,0,19.999,0,0,0
11.764,26.471,2.941,0,0,0,0,0,0,0,0,0,0,0,0,0,0,0,0,0,0,0,0,0,0,0,0,0,0,0,0,0,0,0,2.941,0,0,2.941,0,0,0,0,0,0,0,2.941,0,0,0,0,0,0,0,0,2.941,2.941,0,0,0,0,0,0,0,0,0,0,0,5.882,0,0,0,0,0,0,0,0,0,0,0,0,0,0,0,0,0,0,29.412,0,0,0
6.896,13.793,17.242,0,0,0,3.448,0,0,6.896,0,6.896,0,0,0,0,0,0,0,0,0,0,0,0,0,0,0,0,0,0,0,0,0,0,0,0,0,0,0,0,0,0,0,0,0,0,0,0,3.448,10.345,0,0,0,0,6.896,0,0,0,0,0,0,0,0,0,0,0,0,0,0,0,0,0,0,0,3.448,3.448,0,0,0,0,0,0,0,0,0,3.448,6.896,0,0,3.448
0,2.381,2.381,0,0,0,0,0,0,0,0,0,0,0,0,0,0,0,0,0,0,0,0,0,0,0,0,0,0,0,0,0,0,0,45.238,0,0,0,2.381,7.143,0,0,0,0,0,0,0,0,4.762,2.381,0,2.381,0,0,0,2.381,0,0,0,0,0,0,0,0,0,0,2.381,0,0,0,0,0,0,0,0,0,0,0,0,0,0,0,0,0,0,0,26.19,0,0,0
0,6.667,0,0,0,4.444,0,0,0,0,2.222,0,0,0,0,0,0,0,0,0,0,0,0,0,0,0,0,0,0,2.222,0,0,0,0,0,0,0,0,17.778,0,17.778,0,0,2.222,0,0,0,0,8.889,15.556,0,0,0,4.444,0,0,2.222,0,0,0,0,0,0,0,0,0,0,0,0,0,0,0,0,0,0,0,0,0,0,0,0,0,0,0,0,0,13.333,0,0,0
3.125,24.999,6.251,0,0,0,0,0,0,0,0,0,0,0,0,0,0,0,0,0,0,0,0,0,0,0,0,0,0,0,0,0,0,0,0,0,0,3.125,3.125,0,0,0,0,0,0,0,0,0,0,3.125,0,0,0,6.251,0,0,0,0,0,0,0,0,9.375,0,0,0,0,0,0,0,0,0,0,0,0,0,0,3.125,0,0,0,0,0,0,0,0,31.248,0,0,0
3.846,7.693,11.539,0,0,0,3.846,0,0,3.846,0,0,0,0,0,0,0,0,0,0,0,0,0,0,0,0,0,0,0,0,0,0,0,0,0,0,0,3.846,0,0,0,0,0,0,0,0,0,0,3.846,3.846,0,3.846,0,3.846,0,0,0,0,0,0,0,0,0,0,0,0,0,0,0,0,0,0,0,0,3.846,0,0,0,23.078,0,0,3.846,0,0,0,0,19.232,0,0,0
5.406,5.406,0,0,0,0,32.433,0,0,0,0,0,0,0,0,0,0,0,0,0,0,0,0,0,0,0,0,0,0,0,0,0,0,0,0,0,0,2.702,2.702,5.406,0,0,0,0,0,0,0,0,0,8.107,0,0,0,2.702,2.702,2.702,0,0,0,0,0,0,0,0,0,0,0,0,0,0,0,0,0,0,0,0,0,0,0,0,0,0,0,0,0,0,29.73,0,0,0
7.895,2.631,0,0,0,0,2.631,0,0,0,0,0,0,0,0,0,0,0,0,0,0,0,0,0,0,0,0,0,0,5.264,0,0,0,0,0,0,0,0,5.264,2.631,23.685,2.631,0,0,0,0,0,2.631,5.264,2.631,0,0,0,2.631,2.631,0,0,0,0,0,0,0,0,0,0,0,0,0,0,0,0,0,0,0,0,0,0,0,0,2.631,0,0,0,0,0,0,28.948,0,0,0
0,33.333,10,0,0,3.334,0,0,0,0,0,0,0,0,0,0,0,0,0,0,0,0,0,0,0,0,0,0,0,0,0,0,0,0,3.334,0,0,10,0,0,3.334,0,0,0,0,0,0,0,0,3.334,0,0,0,0,3.334,0,0,0,0,0,0,0,10,0,0,0,0,0,0,0,0,0,0,0,0,0,0,3.334,0,0,0,0,0,0,0,0,16.667,0,0,0
8.823,0,11.764,0,0,5.882,0,0,0,0,0,0,0,0,0,0,0,0,0,0,0,0,0,0,0,0,0,0,0,0,0,0,0,0,5.882,0,0,14.707,2.941,0,5.882,0,0,0,0,0,0,0,0,5.882,0,0,2.941,5.882,0,0,0,0,0,0,0,0,0,0,0,0,0,0,0,0,0,0,0,0,2.941,0,0,0,17.648,0,0,0,0,0,0,0,8.823,0,0,0
2.439,21.951,7.317,0,0,2.439,0,0,0,0,0,0,4.878,0,0,0,0,0,0,0,0,0,0,0,0,0,0,0,0,0,0,0,0,0,0,0,0,0,7.317,2.439,2.439,0,0,2.439,0,0,0,0,0,2.439,0,0,0,0,2.439,4.878,0,0,0,0,0,0,2.439,0,0,0,2.439,0,0,0,0,0,0,0,0,0,0,0,0,0,0,0,0,0,0,0,31.707,0,0,0
2.273,6.818,2.273,0,0,0,0,0,0,0,0,0,0,0,0,0,0,0,0,0,0,0,0,0,0,0,0,0,0,0,0,0,0,0,15.909,0,0,0,4.545,2.273,0,0,0,2.273,0,0,0,0,6.818,11.364,0,0,0,9.091,0,4.545,4.545,0,0,0,0,0,0,0,0,0,0,0,0,0,0,0,0,0,0,0,0,0,0,0,0,0,0,6.818,0,0,13.636,0,0,0
8.333,37.499,0,0,0,0,0,0,0,0,0,0,0,0,0,0,0,0,0,0,0,0,0,0,0,0,0,0,0,0,0,0,0,0,0,0,0,12.5,4.167,0,0,0,0,0,0,0,0,0,0,4.167,0,0,0,0,0,0,0,0,0,0,0,0,0,0,0,0,0,0,0,0,0,0,0,0,0,0,0,0,0,0,0,0,0,0,0,0,29.167,0,0,0
0,8.334,8.334,0,0,0,0,0,0,0,0,0,0,0,0,0,0,0,0,0,0,0,0,0,0,0,0,0,0,4.166,0,0,0,0,0,0,0,0,0,0,4.166,0,0,4.166,0,0,0,0,0,20.834,12.5,4.166,0,4.166,0,8.334,0,0,0,0,0,0,0,0,0,0,0,0,0,0,0,0,0,0,0,0,0,0,0,0,0,0,0,0,0,0,16.666,0,0,0
0,10.87,2.174,0,0,0,0,0,0,0,0,0,0,0,0,0,0,0,0,0,0,0,0,0,0,0,0,0,0,2.174,0,0,0,0,0,0,0,0,8.696,0,0,0,0,0,0,0,0,0,0,60.87,0,0,0,0,0,8.696,0,0,0,0,0,0,0,0,0,0,2.174,0,0,0,0,0,0,0,0,0,0,0,0,0,0,0,0,0,0,2.174,0,0,0,0
0,0,0,0,0,0,0,0,0,0,0,0,0,0,0,0,0,0,0,0,0,0,0,0,0,0,0,0,0,0,0,0,0,0,0,0,0,0,0,2.223,4.444,0,0,0,0,0,0,0,0,84.444,0,0,0,0,0,2.223,0,0,0,0,0,0,0,0,0,0,0,2.223,0,0,0,0,0,0,0,0,0,0,0,0,0,0,0,0,0,0,4.444,0,0,0
0,26.923,7.692,0,0,0,0,0,0,0,0,0,0,0,0,0,0,0,0,0,0,0,0,0,0,0,0,0,0,0,0,0,0,0,3.846,0,0,11.538,0,0,0,0,0,0,0,0,0,0,0,7.692,3.846,0,0,0,0,0,0,0,0,0,0,0,0,0,0,0,7.692,3.846,0,0,0,0,0,0,0,0,0,0,0,0,0,0,0,0,0,0,26.923,0,0,0
0,19.355,12.904,0,0,0,29.033,0,0,0,0,0,0,0,0,0,0,0,0,0,0,0,0,0,0,0,0,0,0,0,0,0,0,0,0,0,0,0,0,0,3.226,0,0,0,0,0,0,0,3.226,12.904,0,0,0,0,0,0,0,0,0,0,0,0,0,0,0,0,0,3.226,0,0,0,0,0,0,3.226,0,0,0,0,0,0,0,0,0,0,0,9.677,0,0,0
2.326,16.279,0,0,18.605,0,0,0,0,0,0,0,0,0,0,0,0,0,0,0,0,0,0,0,0,0,0,0,0,0,0,0,0,0,0,0,0,0,2.326,4.651,2.326,0,0,0,0,0,0,0,0,32.557,0,0,0,0,0,2.326,0,0,0,0,0,0,0,0,0,0,0,0,0,0,0,0,0,0,0,0,0,0,0,0,0,0,0,0,0,0,13.953,0,0,2.326
4.167,0,0,0,0,0,0,0,0,0,0,0,0,0,0,0,0,0,0,0,0,0,0,0,0,0,0,0,0,0,0,0,0,0,0,0,0,0,0,0,4.167,0,0,0,0,0,0,0,0,89.583,0,0,0,0,0,0,0,0,0,0,0,0,0,0,0,0,0,0,0,0,0,0,0,0,0,0,0,0,0,0,0,0,0,0,0,0,2.083,0,0,0
0,45.714,0,0,0,5.714,0,0,0,0,0,0,2.857,0,0,0,0,0,0,0,0,0,0,0,0,0,0,0,0,0,0,0,0,2.857,0,0,0,0,0,0,2.857,0,0,0,0,0,0,0,0,0,0,0,2.857,0,0,5.714,0,0,0,0,0,0,0,0,0,0,2.857,0,0,0,0,0,0,0,0,0,0,2.857,0,0,0,0,0,0,0,0,20,0,0,2.857
3.031,15.151,18.182,0,0,0,0,0,0,0,0,0,0,0,0,0,0,0,0,0,0,0,0,0,0,0,0,0,0,0,0,0,0,0,0,0,0,0,3.031,0,0,0,0,0,0,0,0,0,0,3.031,0,0,0,6.06,0,9.091,0,0,0,0,0,0,0,0,0,0,0,6.06,0,0,0,0,0,0,15.151,0,0,0,0,0,0,0,0,0,0,0,15.151,0,3.031,3.031
2.174,2.174,0,0,0,2.174,0,0,0,0,0,0,2.174,0,0,0,0,0,0,0,0,0,0,0,0,0,0,0,0,0,0,0,0,0,0,0,0,0,0,0,2.174,6.522,0,0,6.522,0,0,0,6.522,26.087,0,2.174,0,4.348,2.174,4.348,0,0,0,0,0,0,0,0,0,0,0,0,0,0,0,0,0,0,0,0,0,0,0,0,0,0,0,0,0,2.174,23.914,0,0,0
4,0,0,0,0,0,0,0,0,0,0,0,0,0,0,0,0,0,0,0,0,0,0,0,0,0,0,0,0,10,0,0,0,0,0,0,4,0,4,0,2,0,0,0,0,0,0,0,0,70,0,0,0,0,2,0,2,0,0,0,0,0,0,0,0,0,0,0,0,0,0,0,0,0,0,0,0,0,0,0,0,0,0,0,0,2,0,0,0,0
8.824,23.529,0,0,0,0,0,0,0,0,0,0,0,0,2.941,0,0,0,0,0,0,0,0,0,0,0,0,0,0,0,0,0,0,0,0,0,0,2.941,0,0,2.941,0,0,5.882,0,0,0,0,0,14.706,0,0,0,2.941,2.941,0,0,0,0,0,0,0,0,0,0,0,0,0,0,0,0,0,0,0,0,0,0,0,0,0,0,0,0,0,0,0,23.529,0,0,0
0,10.344,10.344,0,0,0,3.448,0,0,0,0,0,0,0,0,0,0,0,0,0,0,0,0,0,0,0,0,0,0,0,0,0,0,0,0,0,0,0,0,0,3.448,0,0,0,0,0,0,0,0,6.897,0,0,0,0,0,0,0,0,0,0,0,0,0,0,0,0,0,0,0,0,0,0,0,3.448,6.897,0,0,0,27.588,0,0,0,0,0,0,0,24.14,0,0,0
0,16.279,2.325,0,0,0,0,0,0,0,0,0,0,0,2.325,0,0,0,0,0,0,0,0,0,0,0,0,0,0,4.652,0,0,0,4.652,0,0,0,2.325,2.325,0,11.628,0,0,0,0,0,0,0,4.652,23.256,0,2.325,0,2.325,0,2.325,0,0,0,0,0,0,0,0,0,0,0,0,0,0,0,0,0,0,0,0,0,0,0,0,0,0,0,0,0,0,16.279,0,0,2.325
0,12.766,0,0,0,0,25.532,0,0,4.256,0,0,0,0,0,0,0,0,0,0,0,0,0,0,0,0,0,0,0,0,0,0,0,0,0,0,0,0,2.128,0,4.256,0,0,0,0,0,0,0,0,25.532,0,0,0,0,2.128,4.256,0,0,0,0,0,0,0,0,0,0,0,4.256,0,0,0,0,0,0,0,0,0,0,8.51,0,0,0,0,0,0,0,6.382,0,0,0
0,54.999,15,0,0,0,0,0,0,0,0,0,0,0,0,0,0,0,0,0,0,0,0,0,0,0,0,0,0,5.001,0,0,0,0,0,0,0,0,0,0,0,0,0,0,0,0,0,0,0,0,0,0,0,0,0,5.001,0,0,0,0,0,0,0,0,0,0,0,0,0,0,0,0,0,0,0,0,0,5.001,0,0,0,0,0,0,0,0,15,0,0,0
0,8.571,11.429,0,0,0,0,0,0,0,0,0,2.857,0,0,0,0,0,0,0,0,0,0,0,0,0,0,0,0,0,0,0,0,0,0,0,0,0,2.857,0,0,0,0,0,0,0,0,0,0,17.143,0,0,0,2.857,0,0,0,14.286,0,0,0,0,0,0,0,0,0,0,0,0,0,0,0,0,0,0,0,0,8.571,0,0,0,0,0,0,2.857,25.714,0,0,0
0,0,2.857,0,0,2.857,0,0,0,0,0,0,2.857,0,0,0,0,0,0,0,0,0,0,0,0,0,0,0,0,0,0,0,0,0,0,0,0,0,17.143,0,0,0,0,0,0,0,0,0,0,45.715,0,0,0,0,0,2.857,0,0,0,0,0,0,0,0,0,0,11.428,0,0,0,0,0,0,0,0,0,0,0,0,0,0,0,0,0,0,0,14.286,0,0,0
0,6.667,8.889,0,0,0,0,0,0,0,0,0,0,0,0,0,0,0,0,0,0,0,0,0,0,0,0,0,0,0,0,0,0,0,0,0,0,0,2.223,0,6.667,0,0,2.223,0,0,0,0,0,35.556,4.444,4.444,0,6.667,4.444,0,0,0,0,0,0,0,0,0,0,0,0,0,0,0,0,0,0,0,0,0,0,0,0,0,0,0,0,2.223,0,0,15.556,0,0,0
0,34.483,3.448,0,0,0,0,0,0,0,0,0,0,0,0,0,0,0,0,0,0,0,0,0,0,0,0,0,0,0,0,0,0,0,3.448,0,0,0,0,0,3.448,0,0,0,0,0,0,0,0,0,3.448,0,0,3.448,0,3.448,0,0,0,0,0,0,0,0,0,0,17.241,0,0,0,0,0,0,0,0,0,0,0,0,0,0,0,0,0,0,0,27.586,0,0,0
0,6.451,6.451,0,0,0,0,0,0,0,0,0,0,6.451,0,0,0,0,0,0,0,0,0,0,0,0,0,0,0,0,0,0,0,0,6.451,0,0,0,0,0,3.226,0,0,0,0,0,0,0,0,12.903,0,3.226,0,9.677,6.451,3.226,0,0,0,0,0,0,0,0,0,0,0,0,0,0,3.226,0,0,0,0,0,0,0,0,0,0,0,0,0,0,0,32.259,0,0,0
2.778,11.11,0,0,0,5.556,0,0,0,0,0,0,0,0,0,0,0,0,0,0,0,0,0,0,0,0,0,0,0,2.778,0,0,0,0,0,0,0,0,5.556,5.556,5.556,0,0,5.556,0,0,0,0,0,19.444,0,2.778,0,0,0,0,0,0,0,0,0,0,0,0,0,0,0,0,0,0,0,0,0,0,0,0,0,0,0,0,0,0,0,0,0,0,30.554,0,0,0
0,8.696,4.348,0,0,0,0,0,0,0,0,0,4.348,0,0,0,0,0,0,0,0,0,0,0,0,0,0,0,0,2.174,0,0,0,0,0,0,0,0,6.521,0,2.174,0,0,8.696,0,0,2.174,0,4.348,50.001,0,4.348,0,2.174,0,0,0,0,0,0,0,0,0,0,0,0,0,0,0,0,0,0,0,0,0,0,0,0,0,0,0,0,0,0,0,0,0,0,0,0
11.765,20.588,5.882,0,0,0,5.882,0,0,0,0,0,0,0,0,0,0,0,0,0,0,0,0,0,0,0,0,0,0,0,0,0,0,0,0,0,0,0,0,0,0,0,0,0,0,0,0,0,0,0,0,0,0,2.941,2.941,2.941,0,0,0,0,0,0,0,0,0,0,2.941,2.941,0,0,0,0,0,0,0,0,0,2.941,0,0,0,0,0,0,0,0,32.352,0,0,0
3.226,3.226,3.226,0,0,0,16.129,0,0,0,0,0,0,0,0,0,0,0,0,0,0,0,0,0,0,0,0,0,0,3.226,0,0,0,0,0,0,0,3.226,3.226,0,0,0,0,0,0,0,0,0,0,12.902,0,0,0,3.226,12.902,0,0,0,0,6.451,0,0,0,0,0,0,0,0,0,0,0,0,0,0,9.677,0,0,0,3.226,0,0,0,0,0,0,0,16.129,0,0,0
0,6.25,0,0,0,3.125,0,0,0,9.375,0,0,0,0,0,0,0,0,0,0,0,0,0,0,0,0,0,0,0,0,0,0,0,0,0,0,0,0,9.375,3.125,0,0,0,0,0,0,0,0,0,34.375,3.125,0,0,0,3.125,0,0,0,0,0,0,0,0,0,0,0,0,0,0,0,0,0,0,0,0,0,0,0,0,0,0,0,0,0,0,0,28.125,0,0,0
2.222,2.222,4.445,0,0,0,0,0,0,4.445,0,0,0,0,0,0,0,0,0,0,0,0,0,0,0,0,0,0,0,2.222,0,0,0,0,0,0,0,0,6.667,4.445,15.555,0,0,0,0,0,0,0,0,4.445,0,2.222,0,4.445,2.222,2.222,0,0,0,0,0,0,0,0,0,0,0,0,0,0,0,2.222,0,0,0,0,0,0,0,0,0,0,0,0,0,0,40,0,0,0
3.125,21.875,15.625,0,0,0,0,0,0,0,0,0,0,0,0,0,0,0,0,0,0,0,0,0,0,0,0,0,0,0,0,0,0,0,0,0,0,0,3.125,0,0,0,0,0,0,0,0,0,3.125,0,3.125,0,0,0,3.125,0,0,0,0,0,0,0,0,0,0,0,9.375,0,0,0,0,0,0,0,0,0,0,0,0,0,0,0,0,0,0,0,37.499,0,0,0
0,12.12,3.031,3.031,0,0,0,0,0,12.12,0,0,3.031,0,0,0,0,0,0,0,0,0,0,0,0,0,0,0,0,0,6.06,0,0,0,0,0,0,0,0,0,0,0,0,0,0,0,0,0,3.031,24.243,0,3.031,0,0,0,0,0,0,0,0,3.031,0,0,0,0,0,0,0,0,0,0,0,0,0,0,0,0,0,3.031,0,0,0,0,0,0,0,21.212,0,0,0
0,8.823,5.883,0,0,0,0,0,0,0,0,0,0,0,0,2.941,0,0,0,0,0,0,0,0,0,0,0,0,0,5.883,0,0,0,0,2.941,0,0,0,0,5.883,5.883,0,0,0,0,0,0,0,2.941,17.647,0,0,0,0,0,0,0,0,0,0,0,0,5.883,0,0,0,0,0,0,0,0,0,0,0,0,0,0,0,0,0,0,0,0,0,0,0,32.353,0,0,0
0,2.439,2.439,0,0,4.878,0,0,0,0,0,0,0,0,0,0,0,0,0,0,0,0,0,0,0,0,0,0,0,0,0,0,0,0,2.439,0,0,0,9.756,0,4.878,0,0,0,0,0,0,0,2.439,29.267,0,0,0,2.439,0,0,0,0,0,0,0,0,0,0,0,0,0,0,0,0,0,0,0,2.439,0,0,0,0,2.439,0,0,0,0,4.878,0,0,24.39,0,0,0
