date;season;max.RUNA1;max.RUNA2;maxRUNA3;max.RUNA8;max.RUNA9;mean.RUNA1;mean.RUNA2;mean.RUNA3;mean.RUNA8;mean.RUNA9;amp.RUNA1;amp.RUNA2;amp.RUNA3;amp.RUNA8;amp.RUNA9;sd.RUNA1;sd.RUNA2;sd.RUNA3;sd.RUNA8;sd.RUNA9
20.02.21;summer;27,776;28,468;28,468;28,493;27,801;27,498125;28,20425;28,13108333;28,16925;27,59258333;0,885;0,544;0,791;0,717;1,13;0,255751631;0,150821014;0,214281391;0,197008993;0,303124299
20.02.22;summer;27,628;28,345;28,345;28,369;27,505;27,30870833;28,164125;28,15891667;28,18991667;27,29941667;1,202;0,347;0,618;0,618;0,834;0,315196623;0,095238973;0,126190648;0,125699752;0,220788491
20.02.23;summer;28,32;28,221;28,27;28,419;28,32;27,67325;27,92541667;28,105375;28,138375;27,8145;1,233;0,863;0,42;0,569;1,134;0,454810352;0,230653498;0,095428012;0,122022027;0,299166087
20.02.24;summer;28,345;28,543;28,196;28,221;28,369;28,10841667;27,90079167;27,98916667;28,02304167;28,06729167;0,371;2,239;0,838;0,839;0,47;0,112498084;0,603207224;0,165481029;0,165439199;0,138479155
20.02.25;summer;28,419;28,419;28,097;28,147;28,196;28,08391667;27,82879167;27,91091667;27,94675;28,0405;0,988;2,066;0,567;0,543;0,691;0,185366363;0,594383713;0,123470791;0,120024726;0,136269873
20.02.26;summer;28,122;28,147;28,171;28,196;28,072;28,02820833;27,64966667;27,95404167;27,98279167;27,97966667;0,272;1,794;0,395;0,371;0,173;0,047287262;0,479071989;0,094385647;0,091581268;0,06283219
20.02.27;summer;28,122;28,221;28,32;28,345;28,171;28,029125;27,83708333;28,060125;28,09525;28,00345833;0,247;1,158;0,495;0,47;0,395;0,057413309;0,296950577;0,180310677;0,173651638;0,099607045
20.02.28;summer;28,147;28,394;28,444;28,468;28,295;27,976625;28,054;28,16508333;28,19295833;28,060125;0,666;0,963;0,545;0,544;0,593;0,155782126;0,221419138;0,135808022;0,129731991;0,171340067
20.02.29;summer;28,27;28,345;28,493;28,518;28,593;27,975625;28,131125;28,27241667;28,30441667;28,10558333;0,814;0,396;0,47;0,446;0,792;0,176845256;0,112455716;0,130759293;0,128051931;0,222272633
20.03.01;summer;28,345;28,419;28,916;28,941;28,543;28,188875;28,14058333;28,3655;28,39545833;28,27245833;0,297;0,865;1,091;1,116;0,446;0,096546593;0,211512754;0,277277917;0,27494252;0,115615923
20.03.02;summer;28,766;28,493;28,717;28,742;28,866;28,474875;28,19525;28,414875;28,448125;28,54308333;0,644;1,504;0,892;0,917;0,794;0,210919171;0,315603253;0,228363804;0,228919259;0,213949794
20.03.03;summer;28,419;28,518;28,568;28,593;28,345;28,09104167;28,226;28,136875;28,16470833;28,13945833;0,914;0,717;1,481;1,457;0,544;0,193392927;0,159659148;0,411739714;0,416560083;0,143470336
20.03.04;summer;28,221;28,667;28,617;28,642;28,245;27,99833333;28,26541667;28,24275;28,27791667;28,14454167;0,544;1,137;1,186;1,235;0,321;0,130710322;0,294372423;0,30565699;0,311778896;0,088115527
20.03.05;summer;28,419;28,941;28,717;28,742;28,394;28,19508333;28,505125;28,26833333;28,301375;28,19608333;0,495;1,485;0,916;0,867;0,519;0,159076388;0,336671988;0,23831139;0,230390937;0,114082699
20.03.06;summer;28,841;28,816;28,791;28,816;28,518;28,38304167;28,67129167;28,51829167;28,55441667;28,36208333;0,917;0,471;0,743;0,694;0,421;0,231966167;0,103676537;0,200837481;0,201236162;0,120544387
20.03.07;summer;28,568;28,742;28,742;28,766;28,518;28,465375;28,62154167;28,58020833;28,610125;28,435375;0,248;0,348;0,521;0,521;0,223;0,070549898;0,093149706;0,117296717;0,117798395;0,050873084
20.03.08;summer;28,419;28,866;28,841;28,891;28,419;28,03858333;28,64441667;28,50679167;28,53770833;28,05504167;0,692;0,373;0,645;0,67;1,111;0,193661497;0,118023548;0,161177186;0,16489034;0,266522612
20.03.09;summer;27,949;29,065;28,642;28,692;27,825;26,170125;28,79345833;28,44075;28,47375;26,88241667;2,375;0,398;0,644;0,669;1,325;0,542818675;0,126237175;0,205284797;0,207885472;0,342464205
20.03.10;summer;28,221;28,816;28,791;28,816;28,394;27,21283333;28,67016667;28,66591667;28,697125;28,079375;2,234;0,447;0,298;0,298;1,772;0,8936788;0,10887794;0,073766327;0,074367076;0,462061243
20.03.11;summer;28,245;28,891;28,742;28,766;28,345;27,265;28,55329167;28,58216667;28,61425;27,817375;2,087;0,522;0,274;0,273;0,889;0,454965168;0,137932081;0,08231523;0,083315665;0,255480249
20.03.12;summer;27,431;28,99;28,692;28,717;27,998;27,01691667;28,63295833;28,54191667;28,57195833;27,486875;0,931;0,546;0,644;0,57;0,862;0,205915752;0,174186427;0,143032352;0,134731127;0,234010649
20.03.13;summer;27,998;28,891;28,568;28,593;28,295;27,231375;28,62783333;28,40041667;28,42525;27,7405;1,523;0,695;0,594;0,595;1,159;0,481371393;0,163702983;0,146430252;0,150723545;0,302466096
20.03.14;summer;27,949;29,04;28,742;28,766;28,122;27,3805;28,60520833;28,50170833;28,526375;27,78845833;1,18;1,19;0,595;0,595;0,715;0,304241037;0,231991188;0,150618285;0,151298672;0,174125637
20.03.15;summer;28,048;28,941;28,642;28,667;27,998;27,69945833;28,60604167;28,47883333;28,514;27,67579167;1,353;0,497;0,372;0,347;1,254;0,346276464;0,125232472;0,10188513;0,097998225;0,329228344
20.03.16;summer;28,072;28,667;28,766;28,766;28,27;27,42166667;28,56358333;28,46541667;28,48925;27,78041667;1,719;0,322;0,669;0,619;0,937;0,433631648;0,079302896;0,16949642;0,160889444;0,298103559
20.03.17;summer;28,345;28,543;28,617;28,642;28,394;27,93483333;28,29941667;28,38695833;28,423;28,10441667;1,625;1,554;0,569;0,545;0,717;0,334185013;0,323117951;0,151719845;0,1434661;0,165967497
20.03.18;summer;28,543;28,369;28,568;28,593;28,493;28,33225;28,223;28,41479167;28,443875;28,288875;0,569;0,864;0,323;0,298;0,421;0,13481751;0,180345803;0,120586602;0,119559086;0,128103665
20.03.19;summer;28,518;28,295;28,419;28,444;28,468;28,31575;27,86083333;28,14895833;28,17966667;28,28783333;0,52;1,379;1,233;1,16;0,321;0,139356362;0,368808619;0,255872842;0,237959563;0,084586805
20.03.20;summer;28,369;28,245;28,122;28,122;28,245;28,08066667;28,01995833;27,89641667;27,928375;28,05591667;0,692;0,42;0,814;0,814;0,518;0,155504975;0,149087217;0,153384687;0,157770007;0,127460792
20.03.21;summer;28,048;28,245;28,27;28,32;28,097;27,849125;28,07241667;27,99920833;28,0375;27,89133333;0,715;0,666;0,543;0,569;0,444;0,145684983;0,154425982;0,18206544;0,184380042;0,102594884
20.03.22;summer;27,899;28,32;28,245;28,295;27,924;27,583125;28,11566667;27,96441667;28,00358333;27,72970833;0,713;0,544;0,937;0,913;0,419;0,154806278;0,125228024;0,279198685;0,265497223;0,115141304
20.03.23;summer;27,702;28,543;28,543;28,568;27,677;27,56666667;28,29608333;28,2695;28,302375;27,57591667;0,271;0,396;0,742;0,743;0,221;0,091462355;0,128947214;0,243170543;0,232901325;0,057661619
20.03.24;summer;27,53;28,493;28,419;28,444;27,998;27,36991667;28,34983333;28,31566667;28,34270833;27,68279167;0,443;0,272;0,396;0,396;0,517;0,127024105;0,062841185;0,085977078;0,089320371;0,206259857
20.03.25;summer;27,653;28,369;28,295;28,32;27,875;27,342375;28,22583333;28,16091667;28,18983333;27,56154167;0,615;0,297;0,642;0,667;0,837;0,203723131;0,078969816;0,158978784;0,168836856;0,168681841
20.03.26;summer;28,072;28,419;28,245;28,27;28,171;27,81633333;28,314625;28,10954167;28,138375;27,97554167;0,591;0,174;0,321;0,296;0,42;0,185675656;0,046337901;0,078143112;0,073791017;0,136112159
20.03.27;summer;28,023;28,419;28,369;28,394;28,048;27,8255;28,29816667;28,1765;28,20429167;27,93245833;0,518;0,223;0,321;0,322;0,297;0,145481211;0,056276234;0,10519795;0,100784954;0,062186241
20.03.28;summer;28,147;28,245;28,369;28,369;28,072;27,97866667;28,13316667;28,06216667;28,09095833;27,958125;0,322;0,444;0,494;0,47;0,222;0,086597855;0,105783892;0,159083425;0,155647729;0,067611623
20.03.29;summer;28,295;28,221;28,245;28,295;28,122;28,02704167;28,0725;28,12483333;28,15379167;27,92008333;0,42;0,593;0,247;0,247;0,321;0,134272429;0,133890611;0,064182259;0,066148699;0,082014271
20.03.30;summer;28,468;28,27;28,468;28,493;28,27;28,12708333;28,03758333;28,12083333;28,14866667;28,00958333;0,593;0,912;0,643;0,618;0,395;0,198681724;0,176325272;0,152216284;0,149673171;0,115720021
20.03.31;winter;28,642;28,245;28,493;28,518;28,493;28,19095833;28,11054167;28,14966667;28,18070833;28,11066667;0,668;0,395;0,643;0,619;0,544;0,168399494;0,092644237;0,161215132;0,156306132;0,163011247
20.04.01;winter;28,568;28,221;28,394;28,419;28,32;28,156;27,95720833;28,07983333;28,103375;28,06929167;0,594;0,568;0,47;0,47;0,396;0,151691621;0,166150005;0,129011852;0,126107895;0,098980226
20.04.02;winter;28,295;28,295;28,245;28,27;28,32;28,10854167;27,87183333;28,037375;28,06325;28,10020833;0,494;0,839;0,346;0,346;0,47;0,114650311;0,244306946;0,096080497;0,098029831;0,142605256
20.04.03;winter;28,221;27,924;28,196;28,221;28,295;28,09004167;27,76058333;28,04041667;28,0715;28,16920833;0,346;0,345;0,321;0,297;0,371;0,089027343;0,087764466;0,105456324;0,101949689;0,100360645
20.04.04;winter;28,171;28,568;28,048;28,072;28,221;28,00345833;28,05325;27,87579167;27,92208333;28,06733333;0,395;0,891;0,469;0,271;0,42;0,118441686;0,327974714;0,113205461;0,089100782;0,116050838
20.04.05;winter;27,776;28,717;28,394;28,394;27,85;27,42325;28,42316667;28,09195833;28,129125;27,67745833;0,787;0,546;0,569;0,544;0,517;0,202471737;0,171207392;0,169788226;0,16885067;0,114801143
20.04.06;winter;27,702;28,468;28,493;28,518;27,825;27,52575;28,33008333;28,2145;28,2435;27,60875;0,394;0,321;0,421;0,421;0,369;0,129660845;0,086660716;0,104061855;0,106041419;0,113026065
20.04.07;winter;27,924;28,419;28,444;28,493;27,949;27,787375;28,30429167;28,26208333;28,29091667;27,83058333;0,32;0,248;0,372;0,396;0,37;0,110617953;0,078551827;0,129746883;0,129277227;0,119962283
20.04.08;winter;28,147;28,444;28,543;28,568;28,245;27,97254167;28,28775;28,27866667;28,3065;28,00141667;0,396;0,273;0,446;0,421;0,494;0,130888595;0,080938651;0,123214788;0,11869398;0,154907523
20.04.09;winter;28,468;28,369;28,568;28,593;28,493;28,22908333;28,25270833;28,32508333;28,35175;28,19604167;0,396;0,247;0,446;0,446;0,47;0,111367358;0,065414052;0,122871059;0,118572762;0,108884653
20.04.10;winter;28,27;28,419;28,543;28,568;28,32;28,103375;28,204375;28,309375;28,33629167;28,019125;0,765;0,668;0,446;0,421;0,962;0,223418853;0,163000617;0,127078823;0,121702588;0,264506318
20.04.11;winter;27,702;28,419;28,468;28,493;27,579;27,36583333;28,23025;28,22795833;28,261125;27,40579167;0,664;0,84;0,643;0,668;0,614;0,18894528;0,191013828;0,149952885;0,150419215;0,150846014
20.04.12;winter;28,023;28,32;28,221;28,27;28,122;27,46754167;28,15791667;28,13625;28,167125;27,6725;1,181;0,766;0,272;0,272;0,912;0,345927861;0,149782717;0,063105329;0,06176837;0,240687602
20.04.13;winter;27,998;28,221;28,196;28,245;28,122;27,60891667;28,07966667;28,02925;28,06216667;27,89116667;1,033;0,396;0,568;0,617;0,445;0,26421844;0,10866929;0,11523294;0,122933586;0,117349966
20.04.14;winter;27,875;28,196;28,048;28,072;27,974;27,49420833;28,08266667;27,905625;27,948875;27,69520833;1,131;0,445;0,42;0,395;1,034;0,329284729;0,099630477;0,100246137;0,104515575;0,2513148
20.04.15;winter;27,727;28,171;28,221;28,27;27,776;27,03145833;28,03845833;28,000375;28,04358333;27,44333333;1,301;0,395;0,544;0,593;1,691;0,328982751;0,091216407;0,155701167;0,169542842;0,483552224
20.04.16;winter;27,579;28,097;28,245;28,27;27,751;26,318;27,98791667;28,02304167;28,055;26,68529167;2,029;0,272;0,543;0,543;1,764;0,638597444;0,062564691;0,113078456;0,116665259;0,591551055
20.04.17;winter;27,579;28,048;28,097;28,122;27,136;26,67995833;27,83466667;27,790625;27,848125;26,72545833;2,102;0,666;0,985;0,691;1,562;0,532280204;0,153606405;0,209133162;0,178343906;0,414704398
20.04.18;winter;26,256;27,875;27,677;27,702;27,087;25,96620833;27,649875;27,34333333;27,36591667;26,367625;0,658;0,714;0,688;0,688;1,051;0,194996985;0,197628618;0,193434107;0,191589216;0,245259368
20.04.19;winter;26,28;27,579;27,579;27,554;27,038;25,898125;27,32704167;27,145625;27,17633333;26,340375;0,706;0,516;0,614;0,565;1,343;0,163336493;0,137220064;0,158392691;0,15194383;0,338649596
20.04.20;winter;25,744;27,456;27,186;27,235;25,963;25,42545833;27,19475;27,01916667;27,05491667;25,74925;0,825;0,418;1,466;1,467;0,51;0,220222808;0,118006356;0,30030791;0,302201907;0,166065532
20.04.21;winter;26,329;27,579;27,358;27,382;26,695;25,59345833;27,35354167;27,116;27,15075;25,99329167;1,313;0,639;0,393;0,393;1,218;0,320845483;0,142050811;0,103356285;0,102089581;0,481886463
20.04.22;winter;26,744;27,407;27,53;27,579;26,916;26,27525;27,23483333;27,26858333;27,305375;26,60904167;1,34;0,344;0,467;0,492;0,709;0,344423431;0,077586231;0,139999974;0,141235792;0,238635702
20.04.23;winter;26,842;27,235;27,407;27,431;26,891;26,77183333;27,05658333;27,210125;27,24091667;26,704625;0,269;0,344;0,271;0,27;0,342;0,057490012;0,08325389;0,065350102;0,062275626;0,1041908
20.04.24;winter;26,793;27,235;27,21;27,235;26,769;26,61475;27,05870833;27,07520833;27,10879167;26,69425;0,464;0,393;0,27;0,27;0,171;0,125950042;0,102182905;0,082851349;0,083908324;0,054134494
20.04.25;winter;26,842;27,407;27,53;27,53;26,842;26,61591667;27,130375;27,2665;27,30129167;26,66383333;0,44;0,467;0,492;0,443;0,416;0,153365411;0,125328026;0,115639244;0,108683217;0,118597847
20.04.26;winter;27,259;27,456;27,456;27,481;27,235;26,96083333;27,24891667;27,25720833;27,29004167;27,02408333;0,833;0,418;0,32;0,295;0,466;0,248616986;0,112704275;0,081620532;0,077478457;0,151565144
20.04.27;winter;27,186;27,382;27,358;27,382;27,21;27,11683333;26,92020833;27,218375;27,25004167;27,07695833;0,197;1,419;0,32;0,319;0,221;0,048516843;0,346453206;0,097474105;0,096869019;0,065465211
20.04.28;winter;26,94;27,21;26,891;26,94;27,014;26,70991667;26,77266667;26,73408333;26,76983333;26,72716667;1,123;2,484;0,465;0,465;0,685;0,287610231;0,507112857;0,135148523;0,129522423;0,229179191
20.04.29;winter;26,5;27,112;27,038;27,063;26,524;26,32683333;26,95754167;26,82283333;26,8555;26,419375;0,415;0,368;0,416;0,392;0,268;0,102731675;0,105758946;0,131650614;0,130371376;0,088915599
20.04.30;winter;26,5;27,21;27,014;27,038;26,451;26,36754167;26,993375;26,8555;26,897375;26,3765;0,342;0,417;0,392;0,318;0,22;0,09281397;0,119795773;0,113699451;0,105940842;0,05638532
20.05.01;winter;26,524;27,014;27,063;27,087;26,72;26,26595833;26,92591667;26,94029167;26,96979167;26,52116667;0,901;0,27;0,27;0,269;0,562;0,249628155;0,071927449;0,070447933;0,069635061;0,192377045
20.05.02;winter;26,744;26,989;26,965;26,989;26,793;26,64433333;26,871875;26,90241667;26,93720833;26,68608333;0,342;0,367;0,172;0,147;0,22;0,093645338;0,095497012;0,046842861;0,046889305;0,048318613
20.05.03;winter;26,891;26,989;26,867;26,891;26,842;26,73008333;26,84529167;26,78404167;26,81575;26,72791667;0,367;0,391;0,196;0,196;0,22;0,122025271;0,103729363;0,051995384;0,05260786;0,075932417
20.05.04;winter;26,94;27,014;27,186;27,235;26,989;26,75858333;26,86366667;26,77491667;26,80354167;26,76358333;0,391;0,294;0,564;0,589;0,465;0,085929656;0,095994414;0,152539921;0,149394715;0,097169917
20.05.05;winter;26,793;27,235;27,063;27,087;26,818;26,62916667;26,792625;26,80670833;26,83820833;26,64945833;0,537;1,807;0,856;0,831;0,562;0,172660679;0,34170809;0,19672083;0,194195997;0,15476995
20.05.06;winter;26,818;26,916;27,038;27,087;26,916;26,56291667;26,81270833;26,927;26,96166667;26,60866667;0,538;0,392;0,318;0,318;0,49;0,196216366;0,087832092;0,074654567;0,072970909;0,115231965
20.05.07;winter;27,014;26,989;26,94;26,965;26,989;26,87079167;26,76470833;26,78204167;26,819875;26,86266667;0,343;0,563;0,318;0,319;0,245;0,104343904;0,151398259;0,109041069;0,104678104;0,077011951
20.05.08;winter;27,014;26,94;26,965;27,014;26,94;26,924875;26,69945833;26,749375;26,78616667;26,85658333;0,147;0,684;0,661;0,636;0,269;0,038082648;0,142222722;0,164100927;0,15713264;0,064921971
20.05.09;winter;26,867;26,671;26,695;26,744;26,842;26,79316667;26,41954167;26,51404167;26,55075;26,77070833;0,172;1,097;0,586;0,61;0,269;0,04583303;0,256571709;0,164993934;0,165259019;0,054917709
20.05.10;winter;26,671;26,72;26,304;26,329;26,671;26,49983333;26,506;26,157;26,19058333;26,5375;0,44;0,586;0,39;0,366;0,415;0,139577831;0,148840154;0,122601511;0,123302003;0,117682328
20.05.11;winter;26,353;26,695;26,207;26,256;26,402;26,26883333;26,51308333;26,01891667;26,0555;26,28308333;0,341;0,464;0,341;0,366;0,293;0,071143863;0,125190261;0,093277481;0,098958489;0,055324275
20.05.12;winter;26,231;26,622;26,451;26,5;26,231;26,12554167;26,51004167;26,22833333;26,26891667;26,12054167;0,219;0,293;0,634;0,634;0,17;0,053600762;0,094211362;0,198279045;0,192971256;0,05508253
20.05.13;winter;26,207;26,598;26,573;26,598;26,256;26,15608333;26,47233333;26,40220833;26,43575;26,15295833;0,146;0,342;0,366;0,367;0,195;0,048029807;0,092398789;0,135892854;0,131266158;0,054180439
20.05.14;winter;26,231;26,671;26,598;26,646;26,329;26,13054167;26,43366667;26,46920833;26,50379167;26,11241667;0,268;0,464;0,269;0,268;0,804;0,089520451;0,137549253;0,074734882;0,073786401;0,170555083
20.05.15;winter;26,598;26,598;26,695;26,72;26,5;26,29645833;26,400125;26,47841667;26,513125;26,29516667;0,562;0,44;0,415;0,367;0,342;0,189501859;0,141810134;0,094859125;0,091016631;0,10704638
20.05.16;winter;26,646;26,891;26,72;26,744;26,671;26,45904167;26,49983333;26,49458333;26,52825;26,44179167;0,366;0,635;0,367;0,366;0,415;0,109215972;0,165984983;0,112843068;0,110754429;0,11061055
20.05.17;winter;26,524;26,5;26,475;26,524;26,402;26,361375;26,35116667;26,396875;26,42945833;26,34095833;0,317;0,391;0,244;0,268;0,171;0,083136772;0,121454471;0,063142566;0,067985919;0,043336378
20.05.18;winter;26,28;26,158;26,231;26,256;26,378;26,23429167;25,85254167;26,09816667;26,13770833;26,28595833;0,146;0,608;0,341;0,342;0,196;0,040934177;0,148815316;0,08552735;0,084037507;0,047838023
20.05.19;winter;26,207;26,524;26,158;26,207;26,231;26,03020833;26,082125;25,96829167;26,00179167;26,07175;0,366;0,926;0,365;0,39;0,268;0,106947764;0,293678516;0,104427416;0,101823795;0,067708615
20.05.20;winter;25,963;26,451;26,085;26,134;26,158;25,86575;26,25970833;25,935625;25,97325;25,99158333;0,219;0,439;0,341;0,366;0,292;0,060058848;0,119362247;0,102727081;0,105881086;0,089375571
20.05.21;winter;25,89;26,426;26,304;26,329;25,939;25,68029167;26,26779167;26,03016667;26,06666667;25,813875;0,389;0,341;0,584;0,585;0,268;0,096806611;0,098316251;0,202048351;0,204432548;0,078141072
20.05.22;winter;25,55;26,329;26,256;26,28;25,671;25,46170833;26,23720833;26,15804167;26,19570833;25,54866667;0,17;0,195;0,22;0,195;0,17;0,046256825;0,051948117;0,057918593;0,055777882;0,039571253
20.05.23;winter;25,793;26,207;26,182;26,207;25,89;25,57908333;26,10820833;26,07070833;26,10733333;25,804875;0,438;0,195;0,243;0,244;0,292;0,152240061;0,057623198;0,069872231;0,068574724;0,069986528
20.05.24;winter;25,89;26,231;26,109;26,158;25,866;25,79979167;26,04833333;26,00683333;26,04433333;25,77241667;0,243;0,317;0,243;0,268;0,171;0,065590282;0,074405275;0,079038607;0,078304682;0,063707836
20.05.25;winter;25,817;26,182;26,012;26,036;25,89;25,76529167;26,03608333;25,88383333;25,9235;25,78045833;0,194;0,292;0,365;0,365;0,17;0,050389336;0,105845629;0,104692372;0,096226635;0,041259496
20.05.26;winter;25,695;26,085;26,109;26,134;25,72;25,54666667;26,00566667;25,950875;25,98754167;25,604375;0,291;0,146;0,316;0,293;0,195;0,081078956;0,037538;0,088551784;0,084765138;0,048711049
20.05.27;winter;25,963;26,036;25,987;26,012;25,866;25,75933333;25,920375;25,848375;25,878875;25,6975;0,438;0,316;0,267;0,268;0,316;0,159763866;0,105039459;0,061037987;0,060529053;0,120702653
20.05.28;winter;25,866;25,987;25,987;26,012;25,914;25,793625;25,88491667;25,83425;25,86970833;25,75016667;0,195;0,292;0,364;0,365;0,316;0,044552668;0,086397925;0,104764851;0,102090105;0,074204574
20.05.29;winter;26,012;25,987;26,036;26,061;25,89;25,73804167;25,84033333;25,853375;25,88808333;25,71175;0,438;0,34;0,438;0,366;0,34;0,110665371;0,113196891;0,098809792;0,09147103;0,10051141
20.05.30;winter;25,866;26,012;25,89;25,939;25,817;25,782625;25,79783333;25,78058333;25,818;25,74908333;0,146;0,438;0,34;0,268;0,219;0,036558247;0,094997788;0,109210573;0,099000659;0,045345933
20.05.31;winter;25,72;25,866;25,89;25,914;25,841;25,64179167;25,750125;25,6895;25,71570833;25,656;0,292;0,243;0,34;0,34;0,34;0,062416538;0,079120883;0,108510068;0,105621753;0,103482828
20.06.01;winter;25,744;26,061;25,744;25,768;25,671;25,602375;25,76945833;25,57604167;25,60633333;25,55070833;0,316;0,487;0,316;0,291;0,267;0,076769453;0,155284026;0,110130152;0,109134407;0,067065496
20.06.02;winter;25,477;26,061;25,623;25,671;25,38;25,14433333;25,82608333;25,51020833;25,54675;25,25841667;0,485;0,39;0,268;0,291;0,243;0,138150097;0,122276919;0,081299756;0,084314241;0,077598138
20.06.03;winter;25,258;25,866;25,695;25,72;25,258;25,130125;25,78558333;25,496125;25,5335;25,19166667;0,266;0,171;0,461;0,437;0,121;0,087572237;0,047799324;0,15054432;0,148904989;0,045868116
20.06.04;winter;25,065;25,744;25,744;25,793;25,258;24,90729167;25,63666667;25,584125;25,61645833;25,08383333;0,242;0,243;0,316;0,316;0,266;0,059662441;0,066766085;0,083854591;0,083317611;0,057619944
20.06.05;winter;25,404;25,671;25,72;25,72;25,501;25,18883333;25,54566667;25,58004167;25,61458333;25,33433333;0,509;0,218;0,267;0,243;0,364;0,174222663;0,066593293;0,052703006;0,054397823;0,114283274
20.06.06;winter;25,331;25,695;25,647;25,695;25,404;25,235125;25,51220833;25,44245833;25,483875;25,30891667;0,145;0,291;0,437;0,461;0,17;0,03528063;0,095300431;0,129410362;0,131171747;0,041651678
20.06.07;winter;25,162;25,671;25,21;25,258;25,234;25,01016667;25,46366667;25,06270833;25,10195833;25,07483333;0,388;0,34;0,291;0,29;0,339;0,109929094;0,09372145;0,093397458;0,096231821;0,102029692
20.06.08;winter;24,774;25,453;25,355;25,404;24,919;24,47616667;25,36466667;25,159375;25,19791667;24,67541667;0,531;0,267;0,363;0,388;0,435;0,169378831;0,079388788;0,121258191;0,119988375;0,123431346
20.06.09;winter;25,162;25,404;25,404;25,428;25,162;24,91341667;25,25345833;25,25845833;25,29679167;25,06666667;0,799;0,339;0,339;0,339;0,388;0,226107307;0,105470779;0,099955633;0,099579542;0,111986283
20.06.10;winter;25,065;25,283;25,283;25,331;25,089;24,96883333;25,171625;25,20691667;25,24329167;24,995875;0,242;0,291;0,267;0,266;0,194;0,05767274;0,07452097;0,080064603;0,079758047;0,050739156
20.06.11;winter;24,823;25,283;25,283;25,307;24,944;24,71070833;25,12025;25,15341667;25,18879167;24,80754167;0,266;0,339;0,291;0,267;0,267;0,078334555;0,090183509;0,087417497;0,083106521;0,086749003
20.06.12;winter;24,919;25,137;25,21;25,234;24,944;24,63416667;25,0565;25,12829167;25,16866667;24,71079167;0,556;0,242;0,194;0,169;0,436;0,174265581;0,070553711;0,061906998;0,058126299;0,150692309
20.06.13;winter;25,065;25,089;25,162;25,21;25,04;24,96466667;24,959625;25,022375;25,06154167;24,90225;0,242;0,363;0,315;0,315;0,242;0,081487618;0,100631835;0,085503019;0,082450501;0,07148989
20.06.14;winter;25,089;25,04;25,162;25,186;25,089;25,03329167;24,940625;25,052625;25,08883333;25,02829167;0,145;0,217;0,315;0,291;0,145;0,035375599;0,063866581;0,068900566;0,067113575;0,037130181
20.06.15;winter;24,944;24,944;25,162;25,186;24,944;24,85279167;24,871;25,02016667;25,05170833;24,88;0,17;0,17;0,267;0,242;0,146;0,04589684;0,058488944;0,076859933;0,07350509;0,033243502
20.06.16;winter;24,798;24,919;24,992;25,016;24,798;24,72179167;24,77320833;24,77329167;24,80345833;24,743875;0,169;0,314;0,435;0,435;0,169;0,047083625;0,080497356;0,110058672;0,108449539;0,050917933
20.06.17;winter;24,702;24,871;24,605;24,653;24,726;24,61795833;24,658375;24,52041667;24,5525;24,58879167;0,194;0,508;0,169;0,193;0,242;0,047718813;0,157976281;0,055258221;0,058665596;0,070489579
20.06.18;winter;24,629;25,04;24,919;24,968;24,581;24,57166667;24,82975;24,648375;24,68975;24,524375;0,121;0,411;0,652;0,605;0,169;0,043927476;0,0993913;0,249393493;0,244076654;0,044925845
20.06.19;winter;24,532;24,847;24,798;24,823;24,436;24,445875;24,77925;24,73791667;24,767125;24,39770833;0,217;0,17;0,169;0,17;0,097;0,06067971;0,047351828;0,047673634;0,04548895;0,033539696
20.06.20;winter;24,291;24,871;24,823;24,871;24,315;24,26195833;24,76016667;24,741875;24,77429167;24,259;0,145;0,218;0,218;0,242;0,144;0,030175543;0,057504379;0,069165405;0,069240274;0,037892296
20.06.21;winter;24,557;24,798;24,847;24,871;24,581;24,357625;24,71158333;24,73795833;24,77016667;24,45795833;0,411;0,217;0,266;0,266;0,386;0,151604122;0,075650752;0,07943796;0,074771342;0,093723218
20.06.22;winter;24,702;24,798;24,823;24,871;24,653;24,56358333;24,69058333;24,72279167;24,754;24,56775;0,29;0,241;0,242;0,266;0,217;0,102778325;0,074996183;0,072116439;0,071596089;0,054233192
20.06.23;winter;24,653;24,75;24,871;24,895;24,629;24,628;24,6745;24,72479167;24,756125;24,604;0,072;0,193;0,339;0,29;0,072;0,021789507;0,061445628;0,090523107;0,083595461;0,020608145
20.06.24;winter;24,605;24,726;24,798;24,823;24,605;24,54958333;24,62091667;24,675375;24,70275;24,5435;0,121;0,242;0,266;0,266;0,121;0,033993499;0,070439562;0,075508602;0,074854787;0,033605124
20.06.25;winter;24,532;24,702;24,798;24,823;24,557;24,455;24,60079167;24,68954167;24,71879167;24,47504167;0,144;0,242;0,29;0,291;0,194;0,039391016;0,072495265;0,080650065;0,079483648;0,04815056
20.06.26;winter;24,339;24,605;24,75;24,774;24,388;24,242875;24,50325;24,65220833;24,68145833;24,25604167;0,193;0,217;0,266;0,266;0,242;0,057713922;0,060378696;0,071474519;0,06790273;0,060726385
20.06.27;winter;24,581;24,702;24,653;24,677;24,677;24,28916667;24,473;24,57075;24,599875;24,42175;0,531;0,411;0,217;0,193;0,531;0,158526549;0,116852936;0,053286959;0,051277856;0,128684059
20.06.28;winter;24,823;24,677;24,774;24,798;24,895;24,65641667;24,51729167;24,67533333;24,698625;24,67345833;0,266;0,289;0,169;0,193;0,338;0,065907654;0,084074232;0,042800515;0,045876784;0,082116026
20.06.29;winter;24,702;24,653;24,726;24,774;24,702;24,65725;24,48008333;24,62720833;24,66029167;24,672375;0,145;0,314;0,169;0,169;0,073;0,047543344;0,078708;0,057359264;0,057232918;0,026890782
20.06.30;winter;24,605;24,702;24,677;24,702;24,653;24,55545833;24,48616667;24,58375;24,621;24,58691667;0,121;0,435;0,217;0,194;0,121;0,038223575;0,10069915;0,060144934;0,059915157;0,031203284
20.07.01;winter;24,653;24,557;24,702;24,726;24,605;24,47508333;24,44683333;24,57466667;24,60195833;24,51825;0,362;0,29;0,242;0,242;0,193;0,118693217;0,078562446;0,074186994;0,075888636;0,045006521
20.07.02;winter;24,557;24,629;24,412;24,436;24,557;24,516125;24,39970833;24,33320833;24,3655;24,51208333;0,097;0,483;0,193;0,169;0,097;0,029074585;0,140277204;0,052849235;0,048885848;0,028150089
20.07.03;winter;24,46;24,557;24,629;24,653;24,46;24,33320833;24,392625;24,44083333;24,46895833;24,366375;0,217;0,386;0,41;0,386;0,145;0,059639482;0,122526239;0,140825414;0,137932397;0,054504737
20.07.04;winter;24,339;24,46;24,605;24,629;24,339;24,25395833;24,34033333;24,48920833;24,51633333;24,262;0,193;0,314;0,242;0,241;0,144;0,048604418;0,081353585;0,075765645;0,076216321;0,040642663
20.07.05;winter;24,291;24,653;24,484;24,508;24,291;24,223;24,37566667;24,398625;24,42783333;24,21391667;0,12;0,482;0,169;0,145;0,169;0,041064107;0,165889609;0,046805623;0,047535494;0,044341478
20.07.06;winter;24,219;24,484;24,436;24,484;24,243;24,197;24,358375;24,344375;24,3725;24,22;0,048;0,217;0,193;0,217;0,072;0,021133118;0,059185642;0,060876077;0,062070787;0,019354811
20.07.07;winter;24,267;24,436;24,46;24,484;24,243;24,225;24,33729167;24,35841667;24,38654167;24,224;0,048;0,169;0,169;0,169;0,024;0,012758629;0,06001194;0,058800264;0,057280378;0,009956427
20.07.08;winter;24,219;24,581;24,484;24,508;24,219;24,17783333;24,48425;24,35029167;24,37745833;24,17670833;0,073;0,193;0,265;0,265;0,121;0,024205042;0,070032446;0,068637345;0,070812047;0,030640239
20.07.09;winter;24,122;24,677;24,581;24,629;24,146;24,068;24,51633333;24,38870833;24,41679167;24,069;0,096;0,338;0,338;0,362;0,168;0,030233871;0,114468779;0,144911211;0,145556198;0,040021733
20.07.10;winter;24,026;24,677;24,629;24,677;24,026;23,971875;24,50020833;24,55454167;24,581625;23,95483333;0,145;0,338;0,169;0,217;0,193;0,041071848;0,109543709;0,06213938;0,065104473;0,0469835
20.07.11;winter;24,315;24,653;24,702;24,75;24,412;24,024;24,45204167;24,57475;24,60804167;24,22375;0,578;0,386;0,314;0,314;0,651;0,232407812;0,108775189;0,105435845;0,10483962;0,224495812
20.07.12;winter;24,581;24,581;24,702;24,726;24,726;24,40075;24,45095833;24,598;24,63008333;24,47104167;0,314;0,242;0,17;0,145;0,435;0,110229109;0,065268995;0,039259449;0,039889975;0,143814639
20.07.13;winter;24,557;24,532;24,605;24,653;24,677;24,461875;24,39670833;24,5245;24,55558333;24,54041667;0,242;0,313;0,217;0,241;0,241;0,070482383;0,082877321;0,081363917;0,080682371;0,055534491
20.07.14;winter;24,46;24,412;24,653;24,726;24,605;24,41083333;24,31220833;24,5365;24,57266667;24,523375;0,265;0,29;0,265;0,29;0,145;0,076078716;0,077368671;0,076580733;0,082413943;0,05832429
20.07.15;winter;24,508;24,412;24,629;24,677;24,581;24,43495833;24,29091667;24,50633333;24,53945833;24,53841667;0,145;0,266;0,217;0,217;0,073;0,037182838;0,070758571;0,062866779;0,062344052;0,0207656
20.07.16;winter;24,436;24,46;24,677;24,726;24,557;24,38154167;24,324125;24,47908333;24,50625;24,517125;0,121;0,314;0,362;0,387;0,073;0,034561828;0,067054366;0,104195434;0,107988023;0,022400141
20.07.17;winter;24,363;24,267;24,388;24,412;24,484;24,308;24,14854167;24,18566667;24,21383333;24,41879167;0,192;0,41;0,483;0,482;0,193;0,057268248;0,099575612;0,119570487;0,117981084;0,049097046
20.07.18;winter;24,267;24,363;23,905;23,93;24,339;24,198875;24,06116667;23,786;23,82008333;24,282;0,121;0,554;0,336;0,313;0,168;0,036045035;0,166150709;0,080841229;0,077642949;0,042352558
20.07.19;winter;24,195;24,146;24,002;24,026;24,195;24,02904167;24,02;23,88941667;23,92454167;24,09616667;0,29;0,216;0,361;0,289;0,217;0,069001877;0,066106633;0,07939933;0,073283238;0,063125594
20.07.20;winter;23,93;24,267;24,074;24,098;23,978;23,85604167;23,938625;23,89045833;23,9195;23,9135;0,145;0,554;0,337;0,337;0,121;0,041633472;0,163556881;0,101242704;0,100025649;0,035595554
20.07.21;winter;23,881;23,978;23,954;23,978;23,905;23,784;23,9195;23,81508333;23,846125;23,853;0,216;0,121;0,241;0,217;0,12;0,056386862;0,033574058;0,064355613;0,061527168;0,030577059
20.07.22;winter;23,833;23,857;23,761;23,785;23,857;23,764;23,751;23,621;23,652;23,812;0,144;0,312;0,264;0,264;0,12;0,036303072;0,092524027;0,07240466;0,07522488;0,029447079
20.07.23;winter;23,713;24,074;23,785;23,833;23,809;23,636;23,792125;23,58275;23,617875;23,697;0,144;0,529;0,385;0,409;0,216;0,040642663;0,138056168;0,113333003;0,112872499;0,067015897
20.07.24;winter;23,569;23,881;23,737;23,737;23,617;23,45554167;23,786;23,564875;23,589875;23,43325;0,241;0,264;0,289;0,289;0,313;0,08402276;0,06229523;0,076953579;0,079745417;0,086114307
20.07.25;winter;23,328;23,809;23,617;23,665;23,328;23,267;23,672875;23,51266667;23,54379167;23,266;0,144;0,337;0,217;0,241;0,12;0,036760092;0,124749946;0,062778192;0,064595719;0,041819488
20.07.26;winter;23,352;23,761;23,785;23,809;23,304;23,296;23,674;23,63691667;23,66891667;23,196;0,144;0,216;0,457;0,433;0,264;0,038547543;0,062026642;0,123705441;0,126315312;0,09063256
20.07.27;winter;23,424;23,737;23,785;23,809;23,448;23,358;23,639;23,718;23,746;23,323;0,144;0,24;0,144;0,12;0,168;0,046543108;0,070031049;0,041254249;0,037988557;0,045854211
20.07.28;winter;23,617;23,713;23,737;23,761;23,617;23,52475;23,656;23,673;23,703;23,52683333;0,217;0,216;0,096;0,096;0,265;0,068480559;0,043519111;0,026163366;0,027333687;0,085344146
20.07.29;winter;23,569;23,833;23,761;23,785;23,593;23,539;23,704;23,661;23,689;23,577;0,072;0,264;0,216;0,216;0,072;0,026715897;0,087772433;0,074786653;0,074563075;0,024173287
20.07.30;winter;23,617;23,833;23,761;23,785;23,665;23,54891667;23,785;23,682;23,712;23,581;0,145;0,096;0,168;0,144;0,144;0,0399923;0,034671126;0,051269111;0,051755277;0,032431868
20.07.31;winter;23,857;23,905;24,026;24,074;23,737;23,63495833;23,788;23,85333333;23,878375;23,603;0,385;0,24;0,313;0,337;0,24;0,127297829;0,073654894;0,096070023;0,098327674;0,081592839
20.08.01;winter;23,881;24,05;24,026;24,05;23,689;23,701;23,84425;23,86825;23,892375;23,671;0,288;0,313;0,337;0,313;0,048;0,070417389;0,090446357;0,084666224;0,082324814;0,019055982
20.08.02;winter;23,617;23,905;23,761;23,809;23,665;23,577;23,831;23,67;23,701;23,616;0,12;0,192;0,192;0,216;0,12;0,026163366;0,056580839;0,055716675;0,057495557;0,028729624
20.08.03;winter;23,521;23,905;23,809;23,833;23,545;23,45225;23,746;23,654;23,683;23,45929167;0,193;0,384;0,288;0,288;0,193;0,043724682;0,100788198;0,092540943;0,090147705;0,048870262
20.08.04;winter;23,376;23,833;23,833;23,881;23,352;23,314;23,741;23,728;23,762;23,305;0,096;0,264;0,288;0,288;0,096;0,027333687;0,084235694;0,092224678;0,092676154;0,032799788
20.08.05;winter;23,497;23,881;24,002;24,026;23,665;23,300125;23,76;23,82820833;23,85933333;23,38441667;0,337;0,264;0,337;0,313;0,481;0,12554622;0,085654513;0,092564891;0,088764793;0,190607933
20.08.06;winter;23,689;23,833;23,954;23,978;23,641;23,57495833;23,705;23,79604167;23,835125;23,582;0,217;0,336;0,313;0,289;0,144;0,050753007;0,098489461;0,080148492;0,078646879;0,034656074
20.08.07;winter;23,641;23,785;23,833;23,881;23,665;23,54179167;23,714;23,759;23,788;23,583;0,193;0,144;0,192;0,192;0,168;0,055255123;0,039707627;0,059598658;0,059344243;0,041819488
20.08.08;winter;23,665;23,737;23,978;24,002;23,641;23,58395833;23,61591667;23,77816667;23,81229167;23,55895833;0,193;0,337;0,409;0,385;0,169;0,061292938;0,085836506;0,125747043;0,120743162;0,043665208
20.08.09;winter;23,641;23,665;23,713;23,737;23,593;23,56095833;23,454375;23,4665;23,50254167;23,522875;0,169;0,409;0,409;0,385;0,145;0,044659562;0,112800252;0,109202246;0,108519275;0,038284192
20.08.10;winter;23,472;23,641;23,545;23,569;23,424;23,37;23,49254167;23,388375;23,42145833;23,384;0,168;0,481;0,337;0,313;0,096;0,037615908;0,127939857;0,126432939;0,123336225;0,027103666
20.08.11;winter;23,376;23,593;23,569;23,593;23,376;23,297;23,4825;23,44029167;23,476375;23,313;0,168;0,241;0,265;0,241;0,144;0,041556666;0,064462325;0,072093224;0,067830231;0,041152949
20.08.12;winter;23,352;23,641;23,641;23,689;23,4;23,297;23,42145833;23,4625;23,49754167;23,306;0,096;0,529;0,409;0,433;0,192;0,030423103;0,1556987;0,120763873;0,123750794;0,051966544
20.08.13;winter;23,376;23,665;23,569;23,593;23,328;23,278;23,47754167;23,45941667;23,49166667;23,262;0,192;0,433;0,217;0,193;0,192;0,063267548;0,116280762;0,052387284;0,051945345;0,058894157
20.08.14;winter;23,545;23,617;23,881;23,905;23,545;23,37116667;23,53691667;23,64295833;23,67;23,35320833;0,313;0,193;0,409;0,408;0,289;0,092798832;0,047986336;0,145248955;0,146581925;0,100049109
20.08.15;winter;23,472;23,641;23,593;23,617;23,424;23,395;23,50541667;23,54395833;23,573;23,372;0,168;0,289;0,121;0,12;0,12;0,052951167;0,103236713;0,036503102;0,035149371;0,033694278
20.08.16;winter;23,545;23,617;23,809;23,833;23,521;23,36129167;23,50354167;23,5365;23,56170833;23,353125;0,337;0,241;0,505;0,505;0,289;0,126954795;0,068491814;0,143434578;0,139041901;0,101159501
20.08.17;winter;23,569;23,569;23,641;23,665;23,569;23,416125;23,44533333;23,55783333;23,58695833;23,44941667;0,289;0,265;0,217;0,217;0,217;0,071608423;0,082110565;0,06196329;0,062299752;0,080682371
20.08.18;winter;23,545;23,569;23,809;23,833;23,593;23,47245833;23,44029167;23,60683333;23,634875;23,543;0,169;0,289;0,385;0,361;0,096;0,055277151;0,087807338;0,1152214;0,112145601;0,023383383
20.08.19;winter;23,424;23,569;23,857;23,881;23,665;23,368;23,41933333;23,62391667;23,651;23,48641667;0,096;0,313;0,385;0,384;0,241;0,031385402;0,099975069;0,101084088;0,099564268;0,060816843
20.08.20;winter;23,689;23,689;23,881;23,905;23,617;23,49545833;23,476375;23,64483333;23,67095833;23,49954167;0,385;0,385;0,433;0,433;0,217;0,127341369;0,114259359;0,146569368;0,140584642;0,05850305
20.08.21;winter;23,569;23,689;23,761;23,785;23,617;23,49354167;23,4765;23,62591667;23,66;23,54791667;0,121;0,433;0,313;0,288;0,169;0,038743279;0,118363846;0,080502183;0,074556078;0,046223386
20.08.22;winter;23,617;23,641;23,833;23,833;23,593;23,504625;23,44041667;23,61683333;23,64495833;23,51470833;0,217;0,409;0,409;0,361;0,217;0,05597112;0,122115739;0,107584412;0,103764147;0,058437986
20.08.23;winter;23,545;23,689;23,905;23,881;23,569;23,48958333;23,46233333;23,62191667;23,65395833;23,52995833;0,193;0,457;0,481;0,433;0,097;0,044284571;0,135806341;0,114463177;0,10623742;0,024426428
20.08.24;winter;23,497;23,689;23,713;23,737;23,545;23,42804167;23,50558333;23,64;23,676;23,48254167;0,145;0,361;0,216;0,192;0,121;0,043503602;0,085567627;0,059414535;0,057920485;0,033561079
20.08.25;winter;23,569;23,809;23,93;23,954;23,617;23,46145833;23,519625;23,66504167;23,69704167;23,51654167;0,217;0,529;0,433;0,433;0,169;0,076342466;0,147587502;0,099951501;0,103315675;0,05779046
20.08.26;winter;23,641;23,737;24,026;24,074;23,713;23,54695833;23,56779167;23,822125;23,852125;23,623;0,169;0,289;0,337;0,337;0,168;0,042490387;0,085041667;0,08062706;0,078731416;0,058894157
20.08.27;winter;23,978;23,665;24,098;24,122;23,881;23,71216667;23,52479167;23,97166667;23,99875;23,75;0,481;0,313;0,289;0,289;0,24;0,184295053;0,082469483;0,085417983;0,085084229;0,086382365
20.08.28;winter;24,002;23,809;24,243;24,267;24,05;23,83808333;23,5375;23,95679167;23,990875;23,86320833;0,265;0,577;0,506;0,506;0,289;0,066939893;0,172578149;0,151777864;0,150763942;0,085938289
20.08.29;winter;23,857;23,737;24,219;24,243;24,098;23,63470833;23,59295833;23,9285;23,95758333;23,846375;0,553;0,289;0,41;0,41;0,505;0,183651958;0,076306293;0,114392535;0,118114505;0,15036472
20.08.30;winter;23,376;23,857;24,363;24,363;23,448;23,218;23,66095833;24,01583333;24,047;23,316;0,24;0,385;0,578;0,554;0,264;0,079415254;0,12298762;0,172816985;0,171131274;0,075563967
20.08.31;winter;23,641;23,785;24,315;24,339;23,641;23,42658333;23,648;23,93454167;23,96770833;23,55070833;0,505;0,264;0,554;0,554;0,265;0,188256743;0,080530847;0,123370062;0,125743175;0,107824527
20.09.01;winter;23,881;23,737;23,881;23,93;23,833;23,59166667;23,626;23,769;23,80604167;23,653;0,433;0,216;0,192;0,217;0,288;0,145773698;0,056534714;0,06356373;0,071660722;0,081618412
20.09.02;winter;23,521;23,737;23,809;23,833;23,689;23,46654167;23,59491667;23,673;23,708;23,58795833;0,241;0,313;0,264;0,24;0,241;0,062577242;0,088231374;0,062370562;0,060871925;0,073282941
20.09.03;winter;23,569;23,617;23,713;23,737;23,641;23,497625;23,51470833;23,60295833;23,636;23,571;0,193;0,337;0,265;0,24;0,144;0,056801571;0,079577405;0,064935071;0,062093898;0,035327043
20.09.04;winter;23,569;23,352;23,448;23,497;23,497;23,49354167;23,177;23,331;23,36204167;23,41504167;0,145;0,312;0,24;0,241;0,169;0,038743279;0,094283569;0,069093509;0,066068791;0,036054885
20.09.05;winter;23,472;24,267;23,304;23,328;23,4;23,373;23,580125;23,172;23,205;23,329;0,192;1,419;0,336;0,336;0,192;0,05675577;0,506158363;0,092003781;0,087914979;0,041556666
20.09.06;winter;23,28;24,726;24,508;24,532;23,352;23,214;24,25704167;23,77554167;23,80866667;23,26;0,168;0,941;1,324;1,324;0,168;0,048130258;0,238697276;0,480070736;0,477568449;0,048861828
20.09.07;winter;23,617;24,532;24,219;24,267;23,905;23,29920833;24,08629167;24,12033333;24,14541667;23,51654167;0,529;0,843;0,338;0,362;0,697;0,178653655;0,255209459;0,084221069;0,088206239;0,239696725
20.09.08;winter;23,761;24,171;24,605;24,629;23,809;23,57895833;23,90741667;24,08429167;24,11241667;23,63395833;0,289;0,506;0,868;0,844;0,337;0,079157784;0,140792761;0,255372103;0,25462742;0,102987327
20.09.09;winter;23,472;24,484;24,557;24,581;23,905;23,399;24,31033333;24,35645833;24,37954167;23,57783333;0,192;0,313;0,579;0,603;0,505;0,051269111;0,100516348;0,139725812;0,144416661;0,120892934
20.09.10;winter;23,833;24,677;24,532;24,557;24,171;23,256125;24,41266667;24,43979167;24,466875;23,51858333;0,745;0,362;0,241;0,242;1,011;0,199244074;0,08877165;0,065852258;0,06952967;0,359593117
20.09.11;winter;24,074;24,484;24,653;24,677;24,46;23,87041667;24,3935;24,45295833;24,485125;24,09633333;0,409;0,169;0,386;0,362;0,747;0,130762618;0,052069352;0,115149611;0,110904311;0,225668026
20.09.12;winter;24,291;24,532;24,968;24,992;24,388;24,19875;24,39054167;24,587875;24,61804167;24,20270833;0,337;0,265;0,508;0,532;0,483;0,099900059;0,076769547;0,108055667;0,105252689;0,129659245
20.09.13;winter;24,219;24,508;24,702;24,726;24,146;23,99866667;24,40258333;24,48025;24,513375;24,05591667;0,338;0,313;0,339;0,338;0,241;0,11253006;0,077901229;0,093535508;0,098392211;0,076477287
20.09.14;winter;24,05;24,702;24,339;24,363;24,05;23,80420833;24,46508333;24,23491667;24,26591667;23,79429167;0,578;0,483;0,265;0,265;0,626;0,149982022;0,107577643;0,072251323;0,071482997;0,200658585
20.09.15;winter;23,641;24,484;24,412;24,436;23,905;23,13604167;24,3815;24,213625;24,245;23,254125;0,697;0,313;0,386;0,386;0,817;0,163524358;0,071958321;0,128732892;0,121763134;0,23418746
20.09.16;winter;24,195;24,388;24,315;24,339;24,195;23,98375;24,24791667;24,24295833;24,273;24,00383333;0,506;0,338;0,193;0,168;0,41;0,174111221;0,087837754;0,053529739;0,048130258;0,126934652
20.09.17;winter;24,122;24,315;24,339;24,363;24,171;24,05895833;23,87566667;24,21683333;24,247875;24,01691667;0,241;1,203;0,313;0,289;0,266;0,069023927;0,332310183;0,077483051;0,074481578;0,067756544
20.09.18;winter;24,098;23,905;24,339;24,363;24,195;23,9115;23,66179167;24,15758333;24,19266667;23,96470833;0,337;0,601;0,409;0,385;0,386;0,092773216;0,174172074;0,128199884;0,122363204;0,115849407
20.09.19;winter;24,002;23,881;24,291;24,315;24,098;23,85133333;23,52254167;24,19183333;24,22491667;23,92654167;0,313;0,745;0,217;0,193;0,337;0,096952999;0,262613119;0,050995027;0,047793866;0,092526837
20.09.20;winter;24,05;23,93;24,629;24,677;24,146;23,92054167;23,50358333;24,26404167;24,29808333;23,97470833;0,265;0,818;0,675;0,675;0,409;0,058261763;0,256919192;0,18033073;0,176229326;0,106851168
20.09.21;winter;23,905;24,171;24,581;24,605;23,905;23,734;23,61291667;24,20083333;24,22991667;23,773;0,288;1,035;0,651;0,651;0,288;0,080167217;0,29007569;0,17324892;0,176302585;0,084334737
20.09.22;winter;24,267;24,171;24,532;24,557;24,122;23,95266667;23,756125;24,318125;24,35033333;23,89341667;0,578;1,059;0,386;0,362;0,361;0,182048887;0,27691881;0,094457864;0,087730648;0,102712311
20.09.23;winter;24,171;23,857;24,508;24,532;24,243;23,95475;23,585625;24,26795833;24,30108333;24,051;0,41;0,769;0,723;0,747;0,458;0,104552566;0,226291042;0,165911574;0,16303505;0,125197583
20.09.24;winter;24,171;23,881;24,484;24,436;24,243;23,970625;23,4505;24,1595;24,19775;24,04608333;0,386;0,913;0,675;0,603;0,338;0,121194709;0,262255601;0,156636383;0,135198485;0,09966331
20.09.25;winter;23,954;23,809;24,388;24,412;23,978;23,79108333;23,52566667;23,98283333;24,008875;23,83020833;0,385;0,697;0,699;0,699;0,361;0,102747016;0,19213733;0,206585842;0,204530494;0,108127533
20.09.26;winter;23,689;23,713;24,219;24,267;24,05;23,557875;23,52158333;23,89141667;23,91841667;23,72120833;0,289;0,385;0,602;0,554;0,553;0,086595668;0,10597166;0,16540278;0,164512433;0,181002517
20.09.27;winter;24,05;23,761;24,339;24,363;24,002;23,81345833;23,402375;23,91958333;23,95075;23,90645833;0,481;0,649;0,674;0,674;0,193;0,16891855;0,185100869;0,206390495;0,21221856;0,05771593
20.09.28;winter;23,881;23,593;24,557;24,581;23,954;23,802;23,36825;24,00391667;24,04104167;23,87625;0,192;0,433;0,844;0,844;0,145;0,061485947;0,122683846;0,214203462;0,215736046;0,051862905
20.09.29;winter;23,905;23,448;24,629;24,605;24,291;23,818;23,345;24,107375;24,14166667;24,01891667;0,192;0,24;1,012;0,988;0,554;0,048936516;0,066570656;0,218958168;0,221609854;0,175450951
20.09.30;winter;23,905;23,641;24,726;24,774;24,002;23,703;23,35333333;24,1235;24,15554167;23,75404167;0,336;0,505;0,989;1,013;0,385;0,087229831;0,159245686;0,301374677;0,307192898;0,095190189
20.10.01;winter;23,954;23,978;24,629;24,653;24,388;23,78404167;23,60283333;24,05425;24,07725;23,92066667;0,361;0,698;0,964;0,964;0,771;0,077453761;0,183648925;0,230908649;0,231633941;0,208396709
20.10.02;winter;24,532;23,809;24,702;24,702;24,388;24,14358333;23,3895;24,00395833;24,030125;24,04195833;0,795;1,009;1,061;1,061;0,603;0,261426009;0,273875091;0,285836603;0,287889519;0,168372382
20.10.03;winter;24,847;23,472;24,726;24,75;24,557;24,35870833;23,15208333;24,216;24,24108333;24,227875;1,014;0,719;0,989;1,061;0,868;0,250779564;0,246920673;0,289176943;0,297857117;0,215216436
20.10.04;winter;24,557;23,833;24,363;24,388;24,339;23,90170833;23,4685;23,66704167;23,687125;23,8385;1,157;0,961;1,179;1,204;0,891;0,332440054;0,272289328;0,295628068;0,293415466;0,251474608
20.10.05;winter;23,593;24,171;23,809;23,833;23,713;23,36329167;23,962625;23,58491667;23,61191667;23,41725;0,505;0,41;0,457;0,433;0,601;0,1578578;0,128831812;0,093993948;0,090817982;0,163526424
20.10.06;winter;23,809;24,267;24,074;24,122;23,593;23,34033333;24,10820833;23,813125;23,840125;23,25416667;0,793;0,386;0,481;0,481;0,529;0,275803753;0,089088612;0,116061945;0,116242742;0,163698999
20.10.07;winter;23,689;24,243;24,267;24,291;24,026;23,55679167;24,05916667;24,00291667;24,028;23,60083333;0,385;0,458;0,578;0,578;0,77;0,105789775;0,135620207;0,174883046;0,177661867;0,201791254
20.10.08;winter;24,557;24,484;24,315;24,363;24,074;23,81666667;24,144625;23,97775;23,998875;23,73908333;1,085;0,843;0,602;0,626;0,794;0,36595838;0,227998439;0,137878097;0,14442188;0,176528337
20.10.09;winter;24,484;24,629;24,532;24,557;24,629;24,1335;24,32841667;24,28004167;24,31016667;24,09029167;0,603;0,531;0,675;0,652;0,82;0,186974772;0,164272286;0,13493331;0,131211965;0,206359222
20.10.10;winter;25,137;24,798;24,774;24,798;24,992;24,237125;24,21508333;24,34741667;24,3735;24,21983333;1,352;1,253;0,748;0,772;1,255;0,34915467;0,35020105;0,21329382;0,215040138;0,262026827
20.10.11;winter;24,581;24,968;24,726;24,774;24,46;24,243;24,32470833;24,28320833;24,31029167;24,11641667;0,748;1,664;0,796;0,844;0,699;0,213930505;0,440204051;0,252386518;0,260930522;0,19750199
20.10.12;winter;23,954;24,702;24,895;24,871;23,978;23,76304167;24,334625;24,46808333;24,50025;23,74804167;0,457;1,157;0,773;0,676;0,53;0,112847138;0,362929483;0,190762524;0,184650846;0,135995677
20.10.13;winter;24,605;24,823;25,065;25,089;24,774;23,90779167;24,54966667;24,66658333;24,69175;24,0825;1,253;0,99;0,846;0,87;1,253;0,342986751;0,25091375;0,239918993;0,254120008;0,359913154
20.10.14;winter;24,992;25,234;25,477;25,623;25,21;24,44620833;24,74520833;24,88016667;24,9155;24,46458333;1,087;1,353;0,896;0,994;1,329;0,310433075;0,355754309;0,203603978;0,212738664;0,458284221
20.10.15;winter;25,186;25,307;25,089;25,113;24,992;24,557875;25,01433333;24,82266667;24,85591667;24,44333333;1,064;0,799;0,774;0,798;1,279;0,318593282;0,206006472;0,198352709;0,20385415;0,379636287
20.10.16;winter;24,677;25,38;25,331;25,38;24,774;24,41975;24,87175;24,80170833;24,828875;24,38270833;0,434;2,364;1,305;1,33;0,748;0,116641871;0,544729869;0,368717222;0,366670011;0,223617974
20.10.17;winter;24,508;25,404;25,065;25,089;24,798;24,370375;24,829125;24,54266667;24,56575;24,39570833;0,289;1,715;0,967;0,943;0,796;0,068798264;0,467740295;0,241748822;0,242242108;0,226742811
20.10.18;winter;24,653;25,428;24,895;24,944;24,726;24,33529167;24,88716667;24,71975;24,75516667;24,35754167;0,579;0,944;0,435;0,387;0,7;0,151510504;0,223917622;0,133070838;0,122581177;0,186014254
20.10.19;winter;24,219;25,695;24,871;24,895;24,46;23,98883333;25,085125;24,49745833;24,52754167;24,1375;0,578;1,669;1,038;1,038;0,699;0,168090469;0,323083555;0,259995983;0,264032933;0,199930858
20.10.20;winter;23,905;25,404;25,647;25,695;24,532;23,766;25,158625;24,66404167;24,68816667;23,92266667;0,36;0,92;1,597;1,621;1,035;0,083132163;0,233554167;0,512197268;0,522381808;0,251342944
20.10.21;winter;24,774;25,404;25,234;25,283;25,186;24,18375;25,26545833;24,89516667;24,9325;24,49670833;1,061;0,436;0,726;0,751;1,281;0,304963612;0,103517266;0,209916892;0,216385526;0,405809923
20.10.22;winter;24,75;25,477;25,283;25,331;24,992;24,06545833;25,22716667;24,97283333;25,01320833;24,411125;1,374;0,533;0,678;0,654;1,159;0,411753406;0,163037917;0,187237739;0,182369424;0,380928421
20.10.23;winter;24,557;25,623;25,428;25,477;24,702;24,21691667;25,28170833;25,14258333;25,18495833;24,33041667;0,627;0,752;1,161;1,065;0,507;0,202244131;0,200752818;0,280619488;0,273502004;0,155803923
20.10.24;winter;24,243;25,866;25,234;25,258;24,436;24,06716667;25,486;25,10108333;25,13720833;24,240875;0,41;0,729;0,363;0,435;0,386;0,106205161;0,227857316;0,099463743;0,101878009;0,112207228
20.10.25;winter;24,195;25,647;25,501;25,525;24,363;23,845375;25,41416667;25,10616667;25,14045833;24,027875;0,554;0,752;1,017;1,065;0,602;0,150870175;0,171528085;0,249895572;0,26454834;0,157208892
20.10.26;winter;25,258;25,574;25,453;25,477;25,331;24,46308333;25,43745833;25,25454167;25,28979167;24,815125;1,641;0,461;0,364;0,364;1,426;0,658598969;0,126331166;0,111384949;0,105145853;0,522503282
20.10.27;winter;25,38;25,647;26,207;26,256;25,38;25,22008333;25,43641667;25,35683333;25,392125;25,099125;0,364;0,364;1,239;1,216;0,63;0,135163642;0,11447761;0,337156481;0,33708705;0,167601056
20.10.28;winter;25,428;25,525;25,866;25,914;25,38;24,99625;25,275875;25,569;25,59520833;25,138375;1,016;1,162;0,559;0,583;0,461;0,345202556;0,296291031;0,208451642;0,20923795;0,124706547
20.10.29;winter;24,847;25,647;25,574;25,598;25,016;24,5175;25,062125;25,103;25,131375;24,68970833;0,652;1,766;0,945;0,993;0,773;0,219069376;0,455421956;0,229141308;0,232282589;0,2268287
20.10.30;winter;24,195;25,501;25,065;25,089;23,93;23,36945833;25,200125;24,64745833;24,67870833;23,35054167;1,49;0,896;1,039;1,039;1,106;0,418910697;0,289358107;0,284949725;0,2866556;0,361525028
20.10.31;winter;24,339;24,702;24,798;24,847;24,484;23,4895;24,551625;24,52354167;24,55466667;23,91804167;1,658;0,266;0,435;0,459;1,636;0,729865443;0,067632519;0,121620929;0,128739598;0,509357522
20.11.01;winter;24,605;24,629;24,629;24,653;24,653;24,22683333;24,50320833;24,417875;24,44895833;24,270125;0,748;0,266;0,458;0,434;0,868;0,210802126;0,064097737;0,131810243;0,131018578;0,283214362
20.11.02;winter;24,798;24,629;24,581;24,605;24,726;24,45208333;24,38754167;24,38666667;24,42070833;24,49025;0,844;0,483;0,41;0,386;0,459;0,237234046;0,140793089;0,108638878;0,102754447;0,109504516
20.11.03;winter;24,46;24,605;24,388;24,412;24,557;24,17558333;24,436875;24,28;24,310125;24,223875;0,506;0,627;0,242;0,241;0,7;0,142658887;0,120916181;0,058956874;0,062289864;0,171440017
20.11.04;winter;24,243;24,653;24,702;24,726;24,195;24,061125;24,519375;24,37866667;24,412;24,08320833;0,313;0,603;0,556;0,555;0,362;0,088029794;0,122040554;0,192802595;0,192887442;0,118299538
20.11.05;winter;24,484;24,653;24,847;24,871;24,508;24,16158333;24,43395833;24,56875;24,58883333;24,26908333;0,747;0,458;0,676;0,676;0,458;0,242032142;0,103350177;0,17410373;0,176374519;0,172645381
20.11.06;winter;24,412;24,823;25,04;25,089;24,484;24,26191667;24,5395;24,60795833;24,62616667;24,30920833;0,627;0,652;0,628;0,653;0,41;0,126710185;0,166868863;0,15488719;0,154877418;0,092776018
20.11.07;winter;24,508;25,137;25,186;25,234;24,484;24,22275;24,70483333;24,95166667;24,97795833;24,32533333;0,603;0,701;0,46;0,484;0,338;0,192165746;0,191521293;0,137576435;0,142764165;0,117857566
20.11.08;winter;24,508;25,38;25,623;25,671;24,557;24,38979167;24,9245;25,265875;25,296;24,46208333;0,362;0,775;0,8;0,848;0,169;0,089689793;0,221762701;0,23974104;0,246886702;0,050662495
20.11.09;winter;24,363;25,793;25,963;26,012;24,508;24,18770833;25,14766667;25,58716667;25,62366667;24,42283333;0,433;1,091;0,608;0,632;0,337;0,112380363;0,313105853;0,170487961;0,17327828;0,092336656
20.11.10;winter;24,484;25,939;26,061;26,109;24,944;24,12741667;25,49316667;25,75029167;25,788625;24,46916667;0,771;0,85;0,511;0,511;0,677;0,18808946;0,21570686;0,153582574;0,156458583;0,221180561
20.11.11;winter;25,598;25,623;25,963;25,987;25,939;24,83654167;25,335375;25,66916667;25,70354167;25,22579167;1,476;0,897;0,462;0,462;1,382;0,568795599;0,198606408;0,145671658;0,13425057;0,515541166
20.11.12;winter;25,866;25,72;26,085;26,109;25,939;25,63883333;25,474875;25,64295833;25,676375;25,69345833;0,462;0,704;0,827;0,802;0,414;0,116144088;0,219077972;0,238045571;0,228879656;0,124875235
20.11.13;winter;26,182;25,841;25,793;25,817;25,866;25,65508333;25,57508333;25,7035;25,73991667;25,63970833;1,142;0,849;0,17;0,146;0,462;0,276220913;0,228363348;0,04515962;0,045174942;0,102723978
20.11.14;winter;26,085;25,768;25,72;25,744;25,72;25,730875;25,41958333;25,625625;25,66608333;25,52754167;0,73;1,67;0,195;0,146;0,51;0,203597282;0,395425024;0,056116194;0,048067811;0,176598532
20.11.15;winter;26,012;25,307;25,55;25,574;25,914;25,75833333;24,78670833;25,10625;25,13354167;25,70658333;0,559;1,642;1,042;1,017;0,68;0,177077155;0,403094927;0,308584461;0,310078809;0,172838682
20.11.16;winter;25,428;25,477;25,283;25,307;25,137;24,32408333;25,24841667;24,92754167;24,96179167;24,453;1,835;0,582;0,751;0,75;1,183;0,58747151;0,190673843;0,216956213;0,224432614;0,231914152
20.11.17;winter;24,895;25,477;25,258;25,283;25,016;24,48841667;25,23925;25,14225;25,17983333;24,66666667;1,014;0,412;0,363;0,364;0,87;0,323491673;0,107018588;0,097623612;0,099862369;0,296458028
20.11.18;winter;25,089;25,331;25,307;25,355;25,089;24,93154167;25,19879167;25,19083333;25,23016667;24,93258333;0,266;0,242;0,339;0,339;0,363;0,095157069;0,077882285;0,099687192;0,098913518;0,106082788
20.11.19;winter;25,065;25,355;25,355;25,38;25,016;24,9365;25,14241667;25,24225;25,278625;24,824625;0,315;0,895;0,266;0,243;0,314;0,090069538;0,181659241;0,086476561;0,085391076;0,093522754
20.11.20;winter;25,04;25,453;25,574;25,574;25,137;24,89808333;25,16454167;25,29991667;25,32825;24,89025;0,508;0,461;0,461;0,461;0,556;0,1647327;0,106819221;0,145936531;0,142590398;0,196681877
20.11.21;winter;25,355;25,453;25,841;25,914;25,307;25,0575;25,089125;25,49108333;25,51525;25,057625;0,605;1,017;0,558;0,631;0,581;0,210454167;0,319618701;0,14245668;0,150505019;0,179600478
20.11.22;winter;25,307;25,307;25,793;25,817;25,307;25,22208333;24,82158333;25,331375;25,36783333;25,12420833;0,17;0,823;1,14;1,043;0,533;0,052388944;0,225809831;0,274727345;0,273783581;0,140931985
20.11.23;winter;25,089;25,963;26,085;26,134;25,04;24,88208333;25,56604167;25,45;25,49145833;24,729125;0,629;0,753;1,238;1,19;1,014;0,164087706;0,210501984;0,386969721;0,377327672;0,295436201
20.11.24;winter;25,234;25,866;25,793;25,817;25,501;24,59608333;25,48904167;25,65391667;25,67320833;24,78691667;1,063;0,486;0,268;0,267;1,379;0,250879655;0,089194696;0,072915029;0,070400704;0,516976403
20.11.25;winter;25,38;25,574;25,914;25,963;25,428;24,98204167;25,39495833;25,61145833;25,64283333;25,24329167;0,799;0,485;0,534;0,559;0,654;0,217709116;0,106578193;0,153201197;0,155913484;0,166922653
20.11.26;winter;25,623;25,55;25,817;25,866;25,695;25,316125;25,45045833;25,584125;25,61241667;25,42233333;0,583;0,195;0,607;0,632;0,63;0,181070323;0,061174717;0,120223456;0,121806303;0,188041778
20.11.27;winter;25,404;25,671;25,939;25,963;25,477;25,04258333;25,48295833;25,645;25,661125;25,13333333;0,847;0,437;0,559;0,535;0,8;0,252012408;0,118997435;0,179904564;0,177851749;0,186312189
20.11.28;winter;25,525;26,061;26,695;26,72;25,525;25,14033333;25,774625;25,84966667;25,871;25,29783333;0,727;0,584;1,291;1,292;0,533;0,213725274;0,171982004;0,301379533;0,309099815;0,148720534
20.11.29;winter;25,331;26,182;25,987;25,987;25,453;25,17370833;25,736;25,51545833;25,54166667;25,25245833;0,46;0,827;0,898;0,898;0,485;0,130074052;0,185131446;0,244528113;0,250386079;0,142446017
20.11.30;summer;25,404;25,914;26,28;26,304;25,453;25,25241667;25,71183333;25,45495833;25,47920833;25,16566667;0,46;1,285;1,578;1,578;0,63;0,144660597;0,278349431;0,385395503;0,381211453;0,15066019
20.12.01;summer;25,817;26,061;26,231;26,256;25,598;25,24445833;25,806;25,58966667;25,613875;25,17575;1,019;0,851;1,215;1,191;0,848;0,211112165;0,225516991;0,400329719;0,395153939;0,208204592
20.12.02;summer;26,158;26,036;26,085;26,109;26,012;25,424625;25,71904167;25,6805;25,70983333;25,369875;1,384;1,504;0,996;1,02;1,214;0,379891038;0,348942686;0,262984046;0,264285693;0,293133196
20.12.03;summer;26,256;26,109;26,524;26,549;26,426;25,77570833;25,58283333;25,73858333;25,77004167;25,72395833;0,779;2,011;1,847;1,872;1,168;0,233986339;0,506395503;0,482835278;0,487136931;0,259172845
20.12.04;summer;26,426;26,256;26,695;26,72;26,085;25,81308333;25,687;25,75666667;25,78208333;25,71279167;0,901;1,724;1,533;1,558;0,899;0,242155882;0,483763686;0,394113498;0,393133666;0,213973582
20.12.05;summer;26,524;26,256;26,5;26,524;26,549;26,086125;25,844875;26,11058333;26,13195833;26,00270833;0,756;1,748;0,877;0,901;0,878;0,199376051;0,416135462;0,300982293;0,295229974;0,200443742
20.12.06;summer;26,085;26,426;26,5;26,573;26,231;25,959125;25,87729167;25,996875;26,01829167;25,956;0,292;1,361;1,217;1,339;0,487;0,097162935;0,398579923;0,318526405;0,327717466;0,148155911
20.12.07;summer;25,914;26,891;26,695;26,695;26,085;25,70466667;26,42358333;25,99770833;26,019125;25,77654167;0,51;1,001;1,17;1,17;0,511;0,13105348;0,25460932;0,285103563;0,286924215;0,153115182
20.12.08;summer;26,061;26,965;26,646;26,671;26,231;25,76429167;26,45179167;26,395875;26,43070833;25,81716667;0,56;1,852;0,683;0,684;0,73;0,13048754;0,550153653;0,166646283;0,162140433;0,185336513
20.12.09;summer;25,623;27,087;26,353;26,378;25,866;25,22929167;26,271125;25,93616667;25,97358333;25,28408333;0,849;1,707;1,143;1,192;1,019;0,250813022;0,645105944;0,336113421;0,337159995;0,342751896
20.12.10;summer;24,774;27,161;26,989;27,014;24,823;24,58383333;26,77091667;26,61695833;26,650625;24,68858333;0,579;0,661;0,758;0,758;0,315;0,139781714;0,193818139;0,185521001;0,193292707;0,094348529
20.12.11;summer;24,895;26,867;26,891;26,916;25,574;24,55766667;26,65979167;26,51008333;26,54466667;24,918625;0,628;0,587;0,709;0,685;1,162;0,187115325;0,183766861;0,218613599;0,219971474;0,32501556
20.12.12;summer;24,871;26,769;26,891;26,94;25,113;24,725875;26,392875;26,48866667;26,52016667;24,94370833;0,435;0,538;0,562;0,587;0,436;0,134758177;0,116339201;0,164682479;0,173003812;0,139380767
20.12.13;summer;25,21;26,818;26,475;26,5;25,501;25,079875;26,36045833;26,34;26,36741667;25,20095833;0,363;0,636;0,39;0,391;0,509;0,11286518;0,157769777;0,103195467;0,102829921;0,175868646
20.12.14;summer;25,55;27,85;26,353;26,378;25,453;25,33929167;25,79516667;26,083;26,12170833;25,35241667;0,534;4,786;0,925;0,901;0,267;0,150352478;0,921160311;0,240845612;0,243441535;0,064086841
