"","RUNA1","RUNA2_3","RUNA4_6","RUNA7","RUNA8","RUNA9","date"
"1","35.39752","35.47054","35.51975","35.41358","35.4462","34.65371","2021-01-01"
"2","35.3849","35.46391","35.51487","35.41456","35.44416","34.64796","2021-01-02"
"3","35.37622","35.46149","35.51371","35.42983","35.44297","34.6408","2021-01-03"
"4","35.36793","35.46112","35.51252","35.44129","35.43955","34.63067","2021-01-04"
"5","35.36662","35.45419","35.50576","35.44699","35.43758","34.61251","2021-01-05"
"6","35.36785","35.45044","35.50307","35.44428","35.43571","34.59213","2021-01-06"
"7","35.37677","35.44711","35.50173","35.4477","35.43463","34.57985","2021-01-07"
"8","35.38718","35.44312","35.50097","35.44643","35.43356","34.5741","2021-01-08"
"9","35.39462","35.44094","35.49894","35.43613","35.43239","34.57636","2021-01-09"
"10","35.40123","35.43809","35.49588","35.42487","35.43097","34.58493","2021-01-10"
"11","35.40458","35.43936","35.49723","35.41868","35.42894","34.59009","2021-01-11"
"12","35.40445","35.43686","35.4968","35.41547","35.42659","34.59127","2021-01-12"
"13","35.41373","35.43418","35.49276","35.41059","35.42485","34.59274","2021-01-13"
"14","35.42015","35.43603","35.49541","35.41539","35.42632","34.58649","2021-01-14"
"15","35.42114","35.43652","35.49661","35.42265","35.42622","34.57949","2021-01-15"
"16","35.42059","35.43481","35.49566","35.42787","35.42625","34.57182","2021-01-16"
"17","35.41906","35.43145","35.49051","35.42551","35.42423","34.56289","2021-01-17"
"18","35.41927","35.42998","35.4885","35.42093","35.42209","34.55458","2021-01-18"
"19","35.42239","35.42895","35.48899","35.41904","35.4241","34.54781","2021-01-19"
"20","35.42608","35.43184","35.49152","35.42008","35.42496","34.54223","2021-01-20"
"21","35.43144","35.44002","35.49799","35.42838","35.43269","34.53701","2021-01-21"
"22","35.43458","35.44275","35.49453","35.43299","35.44458","34.53239","2021-01-22"
"23","35.43585","35.45026","35.49744","35.43194","35.45316","34.529","2021-01-23"
"24","35.43685","35.45942","35.49998","35.43543","35.4638","34.52569","2021-01-24"
"25","35.43716","35.46547","35.50274","35.44033","35.46896","34.52375","2021-01-25"
"26","35.4375","35.46867","35.50388","35.4422","35.47004","34.52337","2021-01-26"
"27","35.43927","35.47042","35.50446","35.44191","35.46922","34.52419","2021-01-27"
"28","35.44442","35.47703","35.50817","35.44815","35.47246","34.52721","2021-01-28"
"29","35.44927","35.48399","35.51175","35.453","35.47461","34.5308","2021-01-29"
"30","35.45448","35.48852","35.51471","35.46166","35.477","34.5342","2021-01-30"
"31","35.45672","35.4923","35.51745","35.47318","35.4801","34.53658","2021-01-31"
"32","35.45469","35.49495","35.51974","35.48164","35.48141","34.53919","2021-02-01"
"33","35.45261","35.49796","35.52296","35.48496","35.48298","34.54057","2021-02-02"
"34","35.4513","35.4998","35.52714","35.48661","35.48502","34.54177","2021-02-03"
"35","35.45015","35.50377","35.53503","35.48936","35.48817","34.54322","2021-02-04"
"36","35.45104","35.50903","35.54031","35.4865","35.49198","34.54478","2021-02-05"
"37","35.45485","35.51426","35.54398","35.48709","35.49461","34.54448","2021-02-06"
"38","35.46216","35.52012","35.54678","35.48841","35.49742","34.54589","2021-02-07"
"39","35.46586","35.52557","35.54931","35.49185","35.49975","34.54673","2021-02-08"
"40","35.4665","35.52733","35.55074","35.48898","35.50084","34.54911","2021-02-09"
"41","35.47151","35.52905","35.55199","35.48558","35.50185","34.5482","2021-02-10"
"42","35.47581","35.53391","35.55335","35.48814","35.5045","34.54878","2021-02-11"
"43","35.48246","35.53741","35.55364","35.49315","35.50663","34.54971","2021-02-12"
"44","35.49057","35.53941","35.5518","35.49781","35.50815","34.54962","2021-02-13"
"45","35.48711","35.53647","35.54945","35.50023","35.50864","34.55054","2021-02-14"
"46","35.47523","35.53418","35.54694","35.505","35.50833","34.55013","2021-02-15"
"47","35.45774","35.53229","35.54388","35.50977","35.50785","34.55051","2021-02-16"
"48","35.44835","35.52959","35.54114","35.50589","35.50686","34.55183","2021-02-17"
"49","35.43167","35.52667","35.53809","35.49969","35.50489","34.54881","2021-02-18"
"50","35.41639","35.52361","35.5347","35.4975","35.50287","34.54726","2021-02-19"
"51","35.40893","35.52033","35.52952","35.48898","35.50072","34.54604","2021-02-20"
"52","35.40248","35.51496","35.52589","35.48022","35.4971","34.54357","2021-02-21"
"53","35.40041","35.51167","35.52139","35.47074","35.49194","34.54179","2021-02-22"
"54","35.39948","35.50791","35.51698","35.46291","35.48577","34.54039","2021-02-23"
"55","35.39698","35.50212","35.51285","35.45626","35.47897","34.54028","2021-02-24"
"56","35.39563","35.492","35.50996","35.44998","35.47099","34.54247","2021-02-25"
"57","35.39405","35.48611","35.50661","35.44421","35.46696","34.54244","2021-02-26"
"58","35.39056","35.47966","35.50336","35.44095","35.46051","34.54341","2021-02-27"
"59","35.38265","35.47525","35.50024","35.43803","35.45395","34.54243","2021-02-28"
"60","35.37022","35.47159","35.4976","35.43323","35.44732","34.54179","2021-03-01"
"61","35.35369","35.46221","35.4938","35.4281","35.43895","34.54291","2021-03-02"
"62","35.36147","35.45672","35.49125","35.42268","35.42913","34.54414","2021-03-03"
"63","35.37633","35.45782","35.49081","35.42013","35.42413","34.54141","2021-03-04"
"64","35.39235","35.45787","35.48821","35.41716","35.41949","34.54137","2021-03-05"
"65","35.40092","35.46024","35.48712","35.41287","35.41462","34.53961","2021-03-06"
"66","35.40381","35.45621","35.48425","35.40673","35.40522","34.53909","2021-03-07"
"67","35.3857","35.45197","35.48227","35.39376","35.40264","34.54089","2021-03-08"
"68","35.38911","35.44327","35.48355","35.38971","35.3987","34.54221","2021-03-09"
"69","35.38401","35.43707","35.47696","35.38556","35.392","34.54425","2021-03-10"
"70","35.39063","35.43919","35.4786","35.37883","35.39552","34.54799","2021-03-11"
"71","35.39699","35.44019","35.48676","35.37677","35.40073","34.54781","2021-03-12"
"72","35.39345","35.43692","35.47702","35.37368","35.4058","34.55013","2021-03-13"
"73","35.39023","35.43336","35.47733","35.37108","35.40754","34.55248","2021-03-14"
"74","35.38618","35.42842","35.47698","35.36995","35.40307","34.55275","2021-03-15"
"75","35.38124","35.42178","35.4722","35.36812","35.4035","34.55295","2021-03-16"
"76","35.37878","35.41465","35.476","35.36871","35.40538","34.5548","2021-03-17"
"77","35.3735","35.40803","35.47329","35.3679","35.40144","34.55907","2021-03-18"
"78","35.37602","35.4013","35.4727","35.36947","35.40781","34.56456","2021-03-19"
"79","35.37383","35.40181","35.47855","35.36871","35.40775","34.56753","2021-03-20"
"80","35.37334","35.39705","35.47188","35.36668","35.40476","34.57442","2021-03-21"
"81","35.3744","35.39282","35.47027","35.36372","35.41035","34.58075","2021-03-22"
"82","35.36924","35.39322","35.47146","35.36045","35.41006","34.58752","2021-03-23"
"83","35.36749","35.39374","35.46825","35.36107","35.41382","34.59504","2021-03-24"
"84","35.36872","35.39393","35.46561","35.36354","35.41589","34.59879","2021-03-25"
"85","35.36948","35.39143","35.45984","35.35962","35.40885","34.60101","2021-03-26"
"86","35.36697","35.38914","35.45764","35.35671","35.41061","34.601","2021-03-27"
"87","35.3671","35.39124","35.46053","35.35494","35.41337","34.59991","2021-03-28"
"88","35.3659","35.39398","35.46304","35.35936","35.41663","34.59819","2021-03-29"
"89","35.36808","35.39936","35.46584","35.36039","35.41721","34.59745","2021-03-30"
"90","35.37071","35.4024","35.46592","35.36489","35.42149","34.5977","2021-03-31"
"91","35.36776","35.40254","35.46354","35.36485","35.42304","34.59978","2021-04-01"
"92","35.36518","35.40226","35.4599","35.36305","35.42348","34.60291","2021-04-02"
"93","35.35941","35.39727","35.45727","35.36195","35.42846","34.60696","2021-04-03"
"94","35.36076","35.39445","35.45579","35.3657","35.43247","34.6115","2021-04-04"
"95","35.36259","35.39352","35.4571","35.36445","35.42432","34.61626","2021-04-05"
"96","35.36219","35.39121","35.45324","35.361","35.41292","34.62279","2021-04-06"
"97","35.35988","35.39157","35.44707","35.36125","35.40456","34.62812","2021-04-07"
"98","35.36102","35.38791","35.43922","35.3625","35.39608","34.63385","2021-04-08"
"99","35.35946","35.38137","35.4311","35.36066","35.39144","34.64056","2021-04-09"
"100","35.35749","35.37978","35.42747","35.35849","35.37223","34.64781","2021-04-10"
"101","35.35658","35.38272","35.42388","35.36153","35.35787","34.65396","2021-04-11"
"102","35.35922","35.38564","35.42094","35.36336","35.34691","34.65854","2021-04-12"
"103","35.36191","35.38371","35.41896","35.36587","35.34035","34.66553","2021-04-13"
"104","35.36145","35.38205","35.42009","35.36888","35.33831","34.67033","2021-04-14"
"105","35.36065","35.37828","35.41948","35.36594","35.33555","34.67706","2021-04-15"
"106","35.36003","35.3801","35.41948","35.36229","35.3337","34.68267","2021-04-16"
"107","35.35821","35.37822","35.41564","35.35812","35.3316","34.6902","2021-04-17"
"108","35.35857","35.37036","35.40853","35.35865","35.33185","34.6968","2021-04-18"
"109","35.35654","35.36592","35.40276","35.35336","35.33083","34.70144","2021-04-19"
"110","35.35851","35.35696","35.39578","35.34987","35.32851","34.70857","2021-04-20"
"111","35.38398","35.35461","35.3938","35.34985","35.32711","34.7127","2021-04-21"
"112","35.41114","35.35847","35.40105","35.34858","35.3284","34.71896","2021-04-22"
"113","35.42476","35.36168","35.40656","35.34906","35.32531","34.72251","2021-04-23"
"114","35.42652","35.35684","35.39994","35.35092","35.32137","34.72471","2021-04-24"
"115","35.41843","35.36042","35.40679","35.3563","35.3202","34.72099","2021-04-25"
"116","35.40087","35.35862","35.40325","35.36179","35.317","34.7224","2021-04-26"
"117","35.36158","35.35596","35.39964","35.36688","35.3126","34.72456","2021-04-27"
"118","35.33976","35.36152","35.4043","35.37048","35.3145","34.72698","2021-04-28"
"119","35.3251","35.36084","35.40284","35.37297","35.31519","34.73208","2021-04-29"
"120","35.31327","35.36109","35.39527","35.37532","35.3175","34.73221","2021-04-30"
"121","35.30693","35.35921","35.39234","35.37362","35.31992","34.73416","2021-05-01"
"122","35.32019","35.3568","35.39248","35.37155","35.3218","34.73777","2021-05-02"
"123","35.33583","35.35516","35.39121","35.36984","35.32253","34.74323","2021-05-03"
"124","35.35266","35.35633","35.38598","35.37176","35.32229","34.74728","2021-05-04"
"125","35.35867","35.35834","35.38515","35.37004","35.32217","34.75084","2021-05-05"
"126","35.3528","35.35645","35.38985","35.3581","35.32216","34.75471","2021-05-06"
"127","35.34005","35.35315","35.39197","35.35077","35.32042","34.75826","2021-05-07"
"128","35.32862","35.35054","35.39748","35.35349","35.31771","34.76354","2021-05-08"
"129","35.32467","35.35049","35.39867","35.35107","35.31405","34.76937","2021-05-09"
"130","35.32354","35.35011","35.3961","35.34543","35.31035","34.7737","2021-05-10"
"131","35.32002","35.34624","35.39645","35.33947","35.30614","34.77878","2021-05-11"
"132","35.31795","35.34757","35.40737","35.33145","35.30082","34.78852","2021-05-12"
"133","35.31659","35.34678","35.40361","35.32471","35.2954","34.79947","2021-05-13"
"134","35.31473","35.34552","35.3998","35.32307","35.28785","34.81219","2021-05-14"
"135","35.308","35.3402","35.38964","35.32215","35.28125","34.82258","2021-05-15"
"136","35.319","35.33535","35.38015","35.3176","35.27542","34.82842","2021-05-16"
"137","35.33531","35.32633","35.37125","35.31644","35.27008","34.83625","2021-05-17"
"138","35.32926","35.31309","35.35738","35.31227","35.26506","34.84237","2021-05-18"
"139","35.32649","35.30268","35.35029","35.30887","35.26117","34.84877","2021-05-19"
"140","35.32832","35.29529","35.34233","35.30663","35.25896","34.8569","2021-05-20"
"141","35.34504","35.29491","35.3454","35.31262","35.26146","34.86357","2021-05-21"
"142","35.35582","35.29645","35.33678","35.31217","35.26002","34.87157","2021-05-22"
"143","35.34945","35.29731","35.34277","35.30923","35.26023","34.87748","2021-05-23"
"144","35.34783","35.29562","35.34922","35.30766","35.26312","34.88111","2021-05-24"
"145","35.34748","35.2938","35.33969","35.30975","35.26484","34.888","2021-05-25"
"146","35.34172","35.29556","35.33277","35.31056","35.26611","34.89242","2021-05-26"
"147","35.33391","35.3","35.34045","35.31083","35.27227","34.89793","2021-05-27"
"148","35.33289","35.30362","35.34577","35.31374","35.27663","34.89989","2021-05-28"
"149","35.33446","35.30689","35.35194","35.31831","35.28057","34.90383","2021-05-29"
"150","35.33802","35.31204","35.35472","35.32276","35.2853","34.90734","2021-05-30"
"151","35.33983","35.31779","35.36374","35.32589","35.28971","34.90754","2021-05-31"
"152","35.34283","35.31974","35.36784","35.33165","35.29457","34.913","2021-06-01"
"153","35.35403","35.32332","35.37022","35.33766","35.30022","34.91971","2021-06-02"
"154","35.35473","35.3274","35.372","35.34265","35.30635","34.92389","2021-06-03"
"155","35.35553","35.3315","35.37547","35.34933","35.3106","34.92466","2021-06-04"
"156","35.35388","35.33601","35.37254","35.35514","35.31419","34.92609","2021-06-05"
"157","35.35145","35.34143","35.37681","35.35846","35.31781","34.92713","2021-06-06"
"158","35.34201","35.34759","35.38898","35.35902","35.32121","34.93271","2021-06-07"
"159","35.36741","35.35246","35.38965","35.36222","35.32525","34.93584","2021-06-08"
"160","35.37191","35.35516","35.37813","35.36084","35.32906","34.9403","2021-06-09"
"161","35.34857","35.35506","35.37608","35.35001","35.33314","34.94563","2021-06-10"
"162","35.30442","35.35172","35.37923","35.3497","35.33553","34.93739","2021-06-11"
"163","35.26633","35.3485","35.38336","35.35163","35.33846","34.93534","2021-06-12"
"164","35.28564","35.34806","35.38562","35.34719","35.33962","34.94122","2021-06-13"
"165","35.29137","35.34632","35.38967","35.34255","35.34034","34.9384","2021-06-14"
"166","35.27877","35.34336","35.39208","35.33274","35.33981","34.92911","2021-06-15"
"167","35.27408","35.34411","35.39913","35.31791","35.3382","34.92089","2021-06-16"
"168","35.265","35.34906","35.40297","35.30819","35.33807","34.91848","2021-06-17"
"169","35.24954","35.3498","35.39999","35.3013","35.33802","34.91499","2021-06-18"
"170","35.2481","35.34838","35.39429","35.29958","35.33614","34.9185","2021-06-19"
"171","35.25689","35.34826","35.39245","35.2984","35.33421","34.91516","2021-06-20"
"172","35.2676","35.35054","35.38993","35.29627","35.33354","34.91641","2021-06-21"
"173","35.27242","35.3435","35.38524","35.2932","35.32901","34.92366","2021-06-22"
"174","35.27976","35.33554","35.38153","35.29594","35.32635","34.92659","2021-06-23"
"175","35.28719","35.338","35.37944","35.30554","35.32505","34.92221","2021-06-24"
"176","35.29303","35.33519","35.37592","35.31237","35.32252","34.91302","2021-06-25"
"177","35.30014","35.33142","35.3724","35.31411","35.32055","34.91682","2021-06-26"
"178","35.30433","35.32691","35.36906","35.31451","35.31934","34.92013","2021-06-27"
"179","35.30271","35.32465","35.36706","35.31374","35.31716","34.91446","2021-06-28"
"180","35.29866","35.32417","35.3651","35.31238","35.31536","34.91442","2021-06-29"
"181","35.29586","35.32922","35.3636","35.30803","35.31196","34.91914","2021-06-30"
"182","35.29531","35.33062","35.35967","35.30252","35.31981","34.92451","2021-07-01"
"183","35.29474","35.32338","35.35284","35.29857","35.32428","34.92927","2021-07-02"
"184","35.29631","35.32272","35.34906","35.29982","35.32149","34.93377","2021-07-03"
"185","35.29642","35.32607","35.34566","35.30048","35.3181","34.93823","2021-07-04"
"186","35.2935","35.32085","35.3413","35.29475","35.31843","34.93921","2021-07-05"
"187","35.29797","35.31546","35.33728","35.28215","35.31743","34.94217","2021-07-06"
"188","35.3093","35.31831","35.33449","35.28029","35.3083","34.94397","2021-07-07"
"189","35.2854","35.32681","35.33826","35.27934","35.30664","34.94274","2021-07-08"
"190","35.23671","35.33453","35.34496","35.26207","35.30984","34.94445","2021-07-09"
"191","35.20377","35.33207","35.35613","35.2503","35.31422","34.94431","2021-07-10"
"192","35.22861","35.31262","35.3682","35.20665","35.32285","34.94266","2021-07-11"
"193","35.2205","35.29131","35.37725","35.19095","35.32001","34.9369","2021-07-12"
"194","35.23041","35.28681","35.37788","35.18649","35.31581","34.92402","2021-07-13"
"195","35.24203","35.29552","35.38074","35.21229","35.3099","34.91227","2021-07-14"
"196","35.23614","35.30523","35.37999","35.21381","35.3056","34.90265","2021-07-15"
"197","35.22542","35.31068","35.38188","35.19772","35.30648","34.88704","2021-07-16"
"198","35.2201","35.3096","35.38433","35.18915","35.29937","34.86679","2021-07-17"
"199","35.19392","35.30942","35.38437","35.15051","35.29079","34.84949","2021-07-18"
"200","35.18007","35.29932","35.38334","35.12173","35.28837","34.82554","2021-07-19"
"201","35.179","35.28923","35.3821","35.14311","35.28516","34.80411","2021-07-20"
"202","35.1767","35.27816","35.37992","35.13752","35.278","34.7882","2021-07-21"
"203","35.16401","35.2761","35.3771","35.08662","35.27431","34.78695","2021-07-22"
"204","35.13398","35.27437","35.37992","35.03403","35.28321","34.78667","2021-07-23"
"205","35.13853","35.2803","35.38494","35.04405","35.29124","34.78864","2021-07-24"
"206","35.15953","35.27057","35.38522","35.09071","35.29586","34.7891","2021-07-25"
"207","35.1683","35.27881","35.38699","35.13756","35.30172","34.78788","2021-07-26"
"208","35.17552","35.30622","35.39004","35.17594","35.31793","34.78416","2021-07-27"
"209","35.16887","35.32385","35.39178","35.21164","35.33217","34.77912","2021-07-28"
"210","35.14442","35.33989","35.3976","35.22581","35.349","34.77023","2021-07-29"
"211","35.30645","35.35381","35.40482","35.25553","35.3667","34.76113","2021-07-30"
"212","35.39135","35.37226","35.42308","35.27586","35.36526","34.75323","2021-07-31"
"213","35.4043","35.39827","35.4489","35.28125","35.37332","34.74683","2021-08-01"
"214","35.42422","35.40502","35.4701","35.28355","35.38908","34.74551","2021-08-02"
"215","35.44429","35.40812","35.48711","35.28684","35.3914","34.74537","2021-08-03"
"216","35.39939","35.42093","35.50306","35.28785","35.39774","34.74132","2021-08-04"
"217","35.17664","35.43551","35.51486","35.27739","35.40109","34.73835","2021-08-05"
"218","35.08216","35.42386","35.50952","35.26453","35.42117","34.72931","2021-08-06"
"219","34.98041","35.41586","35.51125","35.25325","35.41404","34.71701","2021-08-07"
"220","35.00563","35.42655","35.51258","35.24412","35.42097","34.70937","2021-08-08"
"221","35.03163","35.44313","35.51198","35.23908","35.43137","34.71389","2021-08-09"
"222","34.96597","35.45903","35.50935","35.22249","35.43641","34.72256","2021-08-10"
"223","34.88232","35.46354","35.50919","35.22107","35.45663","34.72829","2021-08-11"
"224","34.82782","35.46072","35.51473","35.23177","35.46864","34.73151","2021-08-12"
"225","34.79758","35.45172","35.52146","35.21128","35.47344","34.73256","2021-08-13"
"226","34.80556","35.46325","35.52825","35.20921","35.47627","34.73269","2021-08-14"
"227","34.85583","35.48589","35.53469","35.23508","35.48307","34.73085","2021-08-15"
"228","34.91771","35.48782","35.53998","35.15789","35.49086","34.72829","2021-08-16"
"229","35.00201","35.4831","35.54424","35.17313","35.49566","34.7273","2021-08-17"
"230","34.99622","35.47774","35.54659","35.13831","35.49282","34.72832","2021-08-18"
"231","34.98795","35.47855","35.54253","35.06148","35.49303","34.73455","2021-08-19"
"232","34.97651","35.45544","35.53767","35.06088","35.49342","34.73304","2021-08-20"
"233","34.98191","35.4642","35.52898","35.06356","35.49409","34.72713","2021-08-21"
"234","34.97765","35.46909","35.52225","35.13656","35.49977","34.7242","2021-08-22"
"235","34.94885","35.47141","35.52081","35.14166","35.49012","34.7327","2021-08-23"
"236","34.90478","35.48502","35.52256","35.0877","35.49744","34.73796","2021-08-24"
"237","34.88956","35.47461","35.52374","35.06422","35.50526","34.73233","2021-08-25"
"238","34.90482","35.45821","35.52368","35.18332","35.52149","34.7192","2021-08-26"
"239","34.89196","35.47232","35.51577","35.19724","35.51295","34.70829","2021-08-27"
"240","34.87958","35.4734","35.51371","35.14507","35.50919","34.70762","2021-08-28"
"241","34.88744","35.44088","35.51592","35.12532","35.52322","34.70897","2021-08-29"
"242","34.90955","35.41772","35.51866","35.13054","35.51187","34.71024","2021-08-30"
"243","35.06076","35.41861","35.5212","35.18997","35.51991","34.71228","2021-08-31"
"244","35.11406","35.43077","35.52391","35.24341","35.51562","34.7163","2021-09-01"
"245","35.13913","35.38861","35.52314","35.26544","35.50377","34.72086","2021-09-02"
"246","35.14599","35.40738","35.52922","35.29759","35.49752","34.72632","2021-09-03"
"247","35.10388","35.40423","35.53391","35.33441","35.49517","34.73242","2021-09-04"
"248","35.0738","35.40731","35.53855","35.32532","35.49029","34.73755","2021-09-05"
"249","35.04652","35.39977","35.54103","35.32196","35.49643","34.74302","2021-09-06"
"250","35.04093","35.39096","35.54201","35.31856","35.49699","34.7479","2021-09-07"
"251","35.03893","35.35114","35.53974","35.23421","35.49676","34.75199","2021-09-08"
"252","35.04652","35.29558","35.53562","35.10349","35.48687","34.75785","2021-09-09"
"253","35.04761","35.33615","35.54052","35.01278","35.48272","34.76452","2021-09-10"
"254","35.03328","35.36091","35.54632","35.0205","35.48536","34.7701","2021-09-11"
"255","35.01664","35.34975","35.54593","35.01435","35.47631","34.77376","2021-09-12"
"256","34.99919","35.35154","35.54576","34.97951","35.47349","34.77726","2021-09-13"
"257","35.02291","35.32445","35.55092","34.97808","35.47084","34.7814","2021-09-14"
"258","35.06955","35.33411","35.55761","35.01832","35.47821","34.78374","2021-09-15"
"259","35.12558","35.33092","35.55387","35.07265","35.47721","34.78705","2021-09-16"
"260","35.12477","35.30293","35.54708","35.0876","35.45988","34.79111","2021-09-17"
"261","35.1143","35.27673","35.55064","35.10294","35.45921","34.79","2021-09-18"
"262","35.11974","35.26424","35.55628","35.16761","35.47454","34.78869","2021-09-19"
"263","35.10296","35.25538","35.55691","35.19081","35.45934","34.78797","2021-09-20"
"264","35.07635","35.25257","35.54105","35.15873","35.43777","34.78667","2021-09-21"
"265","35.04581","35.27807","35.54593","35.09446","35.42473","34.78617","2021-09-22"
"266","35.02785","35.28998","35.5513","35.03136","35.47658","34.78951","2021-09-23"
"267","35.0097","35.31433","35.54654","35.00108","35.49182","34.79464","2021-09-24"
"268","34.99683","35.32463","35.541","34.98211","35.46815","34.79914","2021-09-25"
"269","34.99194","35.27382","35.52559","34.98286","35.46144","34.79751","2021-09-26"
"270","35.00212","35.27011","35.52092","34.98644","35.45078","34.79495","2021-09-27"
"271","35.01741","35.24771","35.51387","34.98384","35.44673","34.79416","2021-09-28"
"272","35.04725","35.18734","35.48525","34.97849","35.43798","34.79931","2021-09-29"
"273","35.06229","35.21119","35.4961","34.98362","35.41454","34.80176","2021-09-30"
"274","35.06197","35.21089","35.50583","34.99467","35.40839","34.80095","2021-10-01"
"275","35.05544","35.19633","35.50879","35.00461","35.42149","34.79923","2021-10-02"
"276","35.03484","35.31612","35.53889","34.99657","35.42242","34.79981","2021-10-03"
"277","35.00883","35.38723","35.54356","34.98605","35.41469","34.80494","2021-10-04"
"278","34.99647","35.34309","35.53161","35.01115","35.42137","34.81178","2021-10-05"
"279","34.99413","35.37115","35.53601","35.02179","35.42518","34.81282","2021-10-06"
"280","35.02006","35.36595","35.53084","35.02927","35.42624","34.8083","2021-10-07"
"281","35.05419","35.33853","35.52209","35.07637","35.466","34.80345","2021-10-08"
"282","35.06936","35.35207","35.51985","35.10004","35.47203","34.80428","2021-10-09"
"283","35.05544","35.34899","35.51546","35.06246","35.43258","34.79898","2021-10-10"
"284","35.04367","35.35723","35.50534","35.04721","35.43354","34.79749","2021-10-11"
"285","35.04621","35.37952","35.51284","35.05707","35.42691","34.80004","2021-10-12"
"286","35.05624","35.39536","35.50962","35.081","35.4362","34.80232","2021-10-13"
"287","35.05784","35.39359","35.50763","35.08694","35.4468","34.80008","2021-10-14"
"288","35.05679","35.39408","35.51005","35.08493","35.45139","34.80375","2021-10-15"
"289","35.05592","35.38831","35.51166","35.13266","35.49194","34.80727","2021-10-16"
"290","35.05851","35.37514","35.51334","35.1452","35.48563","34.80853","2021-10-17"
"291","35.07745","35.34986","35.51119","35.13592","35.46696","34.8072","2021-10-18"
"292","35.10813","35.36576","35.52353","35.12112","35.46799","34.80803","2021-10-19"
"293","35.13258","35.42448","35.53448","35.15742","35.48905","34.80503","2021-10-20"
"294","35.13499","35.48143","35.54086","35.18161","35.49961","34.80426","2021-10-21"
"295","35.12304","35.51246","35.54969","35.16444","35.49869","34.80447","2021-10-22"
"296","35.12028","35.49533","35.55194","35.19279","35.5144","34.80484","2021-10-23"
"297","35.11166","35.48182","35.5528","35.19013","35.50997","34.80908","2021-10-24"
"298","35.11034","35.48065","35.55378","35.19554","35.51658","34.8121","2021-10-25"
"299","35.11731","35.46078","35.55383","35.23396","35.52032","34.81689","2021-10-26"
"300","35.1304","35.44364","35.55503","35.24532","35.51455","34.81921","2021-10-27"
"301","35.14229","35.41093","35.552","35.24316","35.51375","34.82053","2021-10-28"
"302","35.13644","35.40931","35.55836","35.21714","35.50134","34.82039","2021-10-29"
"303","35.13645","35.43129","35.56375","35.25397","35.50868","34.82071","2021-10-30"
"304","35.12012","35.46891","35.57014","35.22556","35.50926","34.81683","2021-10-31"
"305","35.10672","35.4767","35.56805","35.20423","35.51431","34.81513","2021-11-01"
"306","35.09954","35.46494","35.56689","35.20696","35.52561","34.81789","2021-11-02"
"307","35.10625","35.45832","35.57494","35.23855","35.53673","34.82597","2021-11-03"
"308","35.10753","35.45242","35.5826","35.28254","35.53978","34.8313","2021-11-04"
"309","35.09499","35.46028","35.59173","35.26892","35.5321","34.83272","2021-11-05"
"310","35.08","35.48237","35.59934","35.2617","35.53443","34.82919","2021-11-06"
"311","35.05272","35.4865","35.60284","35.23035","35.53219","34.82673","2021-11-07"
"312","35.0253","35.46734","35.59951","35.19051","35.53887","34.82345","2021-11-08"
"313","35.01128","35.45756","35.60236","35.16277","35.54352","34.81824","2021-11-09"
"314","35.01806","35.47237","35.62176","35.19778","35.54962","34.81054","2021-11-10"
"315","35.01352","35.49959","35.6422","35.25014","35.55513","34.79899","2021-11-11"
"316","35.01109","35.51701","35.65411","35.23928","35.55552","34.79001","2021-11-12"
"317","35.01965","35.49715","35.65325","35.22495","35.5594","34.78188","2021-11-13"
"318","35.03093","35.47997","35.65704","35.2221","35.55862","34.76855","2021-11-14"
"319","35.04556","35.47499","35.66855","35.21793","35.55541","34.7506","2021-11-15"
"320","35.06895","35.48967","35.68077","35.22577","35.549","34.73722","2021-11-16"
"321","35.06314","35.51247","35.68629","35.23603","35.54673","34.73023","2021-11-17"
"322","35.05772","35.5056","35.6836","35.22634","35.53728","34.73224","2021-11-18"
"323","35.08394","35.51664","35.69178","35.20659","35.53632","34.7344","2021-11-19"
"324","35.12989","35.54876","35.69269","35.22686","35.54743","34.73455","2021-11-20"
"325","35.15835","35.59977","35.69203","35.26438","35.56119","34.72779","2021-11-21"
"326","35.15538","35.63298","35.69123","35.29225","35.57862","34.71755","2021-11-22"
"327","35.12277","35.64054","35.69039","35.30302","35.59412","34.71334","2021-11-23"
"328","35.10995","35.61972","35.68951","35.26602","35.59908","34.71831","2021-11-24"
"329","35.11129","35.59881","35.68819","35.2635","35.60819","34.72215","2021-11-25"
"330","35.12307","35.58765","35.68595","35.29717","35.61095","34.71564","2021-11-26"
"331","35.1201","35.57828","35.68192","35.32563","35.6081","34.70845","2021-11-27"
"332","35.11838","35.57113","35.67743","35.34182","35.60801","34.70189","2021-11-28"
"333","35.12063","35.5758","35.67489","35.36311","35.60516","34.69493","2021-11-29"
"334","35.12445","35.58004","35.66869","35.38196","35.60715","34.69087","2021-11-30"
"335","35.13388","35.58762","35.66547","35.3979","35.61373","34.68243","2021-12-01"
"336","35.12519","35.58442","35.6657","35.38898","35.61052","34.6656","2021-12-02"
"337","35.12458","35.57679","35.66482","35.38575","35.6114","34.6428","2021-12-03"
"338","35.15999","35.57757","35.66466","35.38157","35.61049","34.62094","2021-12-04"
"339","35.19378","35.5825","35.66342","35.39936","35.61006","34.61011","2021-12-05"
"340","35.2337","35.60317","35.66204","35.42338","35.61221","34.60665","2021-12-06"
"341","35.23004","35.60485","35.65981","35.41536","35.6067","34.60295","2021-12-07"
"342","35.25798","35.59978","35.65769","35.41277","35.60158","34.59628","2021-12-08"
"343","35.28584","35.60753","35.65741","35.41125","35.5982","34.58551","2021-12-09"
"344","35.31467","35.60769","35.65662","35.42353","35.59776","34.57719","2021-12-10"
"345","35.3098","35.60966","35.65434","35.42774","35.59861","34.56866","2021-12-11"
"346","35.29556","35.60062","35.65187","35.41961","35.59417","34.56429","2021-12-12"
"347","35.29225","35.59224","35.64915","35.41904","35.59647","34.55767","2021-12-13"
"348","35.30762","35.59298","35.64622","35.41191","35.59375","34.55384","2021-12-14"
"349","35.32808","35.58787","35.64302","35.41156","35.59838","34.55205","2021-12-15"
"350","35.33421","35.58776","35.64289","35.41178","35.59912","34.54876","2021-12-16"
"351","35.3732","35.58866","35.64325","35.42092","35.60014","34.54713","2021-12-17"
"352","35.41444","35.5949","35.64335","35.44307","35.60644","34.54338","2021-12-18"
"353","35.41221","35.5993","35.64492","35.46231","35.60508","34.54182","2021-12-19"
"354","35.42639","35.60105","35.64554","35.47689","35.60666","34.53975","2021-12-20"
"355","35.4164","35.59702","35.64595","35.47654","35.59794","34.5373","2021-12-21"
"356","35.40328","35.58794","35.64711","35.45951","35.59066","34.53621","2021-12-22"
"357","35.39146","35.58624","35.64679","35.43298","35.58818","34.53526","2021-12-23"
"358","35.3853","35.58942","35.64763","35.45247","35.60881","34.53565","2021-12-24"
"359","35.38163","35.60348","35.66292","35.46075","35.60785","34.53433","2021-12-25"
"360","35.37371","35.59504","35.66658","35.46035","35.60896","34.53495","2021-12-26"
"361","35.35826","35.59349","35.66701","35.45329","35.60238","34.53051","2021-12-27"
"362","35.3223","35.59465","35.6723","35.43216","35.60487","34.52843","2021-12-28"
"363","35.31235","35.59173","35.67885","35.42842","35.61929","34.52819","2021-12-29"
"364","35.29354","35.59747","35.68824","35.42107","35.61999","34.5261","2021-12-30"
"365","35.30746","35.59463","35.68826","35.43111","35.62428","34.52697","2021-12-31"
"366","35.35332","35.59755","35.69159","35.43953","35.63345","34.5276","2022-01-01"
