"day";"f.RUNA1";"f.RUNA2_3";"f.RUNA4_6";"f.RUNA7";"f.RUNA8";"f.RUNA9"
2021-01-01;NA;NA;NA;NA;NA;NA
2021-01-02;NA;NA;NA;NA;NA;NA
2021-01-03;NA;NA;NA;NA;NA;NA
2021-01-04;0,376996116857143;0,257564768942857;0,158526023542857;0,246467717314286;0,230598755528571;0,146235434271429
2021-01-05;0,364716683;0,242982369085714;0,141785681257143;0,233362184314286;0,215759182957143;0,131107601985714
2021-01-06;0,352142376442857;0,228693986228571;0,125342635171429;0,220144524457143;0,200837841385714;0,115900625285714
2021-01-07;0,338986410014286;0,222163633257143;0,119021641428571;0,2151192786;0,1937101502;0,111380630785714
2021-01-08;0,335590703071429;0,225718897257143;0,126961964071429;0,2160697507;0,187517547085714;0,107826730085714
2021-01-09;0,332221154557143;0,229349043714286;0,135196561842857;0,217213551028571;0,181372342328571;0,104305704914286
2021-01-10;0,3306776753;0,236094599285714;0,144227495771429;0,223955149285714;0,181592871;0,102371004157143
2021-01-11;0,3336405713;0,247765464714286;0,158404425342857;0,241705096;0,198973334857143;0,1179771753
2021-01-12;0,337108122585714;0,259267764714286;0,172537002771429;0,259983711857143;0,216519490571429;0,133671549728571
2021-01-13;0,339975412571429;0,267970549428571;0,188676908142857;0,270156383285714;0,239371736857143;0,151576341142857
2021-01-14;0,343580539285714;0,269261313571429;0,194711246142857;0,272721332428571;0,254660713142857;0,158900397857143
2021-01-15;0,347769273285714;0,270665279428571;0,199968131571429;0,275360354285714;0,270137644428571;0,166281023142857
2021-01-16;0,351659221428571;0,275478639714286;0,206057591142857;0,277452766857143;0,285732099142857;0,172575673857143
2021-01-17;0,353562499857143;0,2775752927;0,2114600667;0,274243720885714;0,2951466315;0,177415903071429
2021-01-18;0,355448527;0,280031766128571;0,217083649985714;0,2717028856;0,304655615928571;0,182228345785714
2021-01-19;0,358971540428571;0,286801227414286;0,2253072027;0,265916871028571;0,304547884785714;0,180219848071429
2021-01-20;0,363461081442857;0,296276122314286;0,2315879804;0,268488509242857;0,299265946771429;0,176123542314286
2021-01-21;0,367937530871429;0,305644094885714;0,238462115971429;0,270553529242857;0,293780028914286;0,171956898742857
2021-01-22;0,358348365442857;0,295827233314286;0,224795259542857;0,256789784242857;0,282295523057143;0,166721639742857
2021-01-23;0,3490092543;0,2826548026;0,209780518542857;0,243353913814286;0,270726419057143;0,162660745457143
2021-01-24;0,339432567585714;0,269345113042857;0,1945627587;0,229584053071429;0,259037034985714;0,158580992671429
2021-01-25;0,328787863442857;0,258183711185714;0,181058579271429;0,212847733071429;0,243971579985714;0,155278888957143
2021-01-26;0,315850585871429;0,242682512185714;0,164804328842857;0,199164254357143;0,2386455367;0,158852393957143
2021-01-27;0,302463740285714;0,227149488571429;0,148645222285714;0,186081098714286;0,233856546142857;0,162543473285714
2021-01-28;0,265853271;0,189021954428571;0,115430274;0,154981941;0,211521625714286;0,157581216285714
2021-01-29;0,242439076428571;0,170063478571429;0,103288178714286;0,139441876;0,194967037;0,153599682428571
2021-01-30;0,218579947;0,150868062428571;0,0909437768571428;0,123786734142857;0,178345583571429;0,149515842571429
2021-01-31;0,188731072285714;0,141029419714286;0,0973779301428571;0,132552868;0,185661323571429;0,160866561571429
2021-02-01;0,159971393714286;0,129099273285714;0,102914822714286;0,144505202142857;0,196563223857143;0,171553721285714
2021-02-02;0,131879380828571;0,117582536214286;0,1090378716;0,156009728814286;0,2086811312;0,182593755328571
2021-02-03;0,104354999971429;0,108302410214286;0,114733734028571;0,166477487957143;0,234281564628571;0,221748419042857
2021-02-04;0,100096215114286;0,121952577457143;0,136974358114286;0,193620334142857;0,277387988514286;0,269855115014286
2021-02-05;0,0965867724;0,135718990742857;0,158244399114286;0,217403947142857;0,320727131371429;0,319822496585714
2021-02-06;0,0978661381142857;0,149511045742857;0,178609545685714;0,233776156285714;0,349052373942857;0,3549247043
2021-02-07;0,105449525257143;0,1539562686;0,180237431542857;0,225937606857143;0,3539777228;0,375017685585714
2021-02-08;0,112947462828571;0,158205709457143;0,181044944685714;0,218278923;0,360077734514286;0,396820179014286
2021-02-09;0,101492698857143;0,146122731957143;0,169922623228571;0,197302618042857;0,354355139457143;0,409950188257143
2021-02-10;0,0900404264285714;0,131866519528571;0,158166233942857;0,176335047328571;0,334713740028571;0,394897456685714
2021-02-11;0,0785581562571429;0,117584364814286;0,146053950657143;0,1562789529;0,315786787471429;0,379579028914286
2021-02-12;0,0781947381142857;0,112326269671429;0,138199479371429;0,1405585919;0,286942686328571;0,3548982952
2021-02-13;0,0736145352571429;0,1071347221;0,130633239228571;0,132226126614286;0,273704550042857;0,3452895922
2021-02-14;0,0695020329714286;0,102367261528571;0,122536462371429;0,124487017042857;0,260959195185714;0,335375232342857
2021-02-15;0,0595072068571429;0,0973543107714286;0,120457356557143;0,1238687147;0,244072373371429;0,317346943328571
2021-02-16;0,0683772845714286;0,1084748222;0,129525357128571;0,136881509128571;0,237820657085714;0,307671423471429
2021-02-17;0,0773712657142857;0,119696870771429;0,139000167842857;0,1499576207;0,231653277228571;0,297976502328571
2021-02-18;0,0803159911714286;0,120104306242857;0,1412488489;0,159448766371429;0,236987152185714;0,304511572557143
2021-02-19;0,0718580160285714;0,111612270671429;0,139901755185714;0,167384062514286;0,251802495471429;0,318299421271429
2021-02-20;0,0632438718857143;0,103209993385714;0,1387973619;0,174672995228571;0,265910059185714;0,331446370985714
2021-02-21;0,0719087960285714;0,104302646671429;0,133568086757143;0,170498261371429;0,272128475614286;0,346292827842857
2021-02-22;0,0864425627142857;0,105829973142857;0,122475450571429;0,158083874142857;0,280751803142857;0,366412652428571
2021-02-23;0,100889922285714;0,108009385285714;0,112858315714286;0,145791562142857;0,288799368857143;0,384838738571429
2021-02-24;0,0953414365714286;0,0988496222857143;0,100555751;0,135252071;0,294493113142857;0,397875049285714
2021-02-25;0,0957584375714286;0,100471619;0,0958911117142857;0,129083750142857;0,288728075142857;0,394469512428571
2021-02-26;0,0962675532857143;0,101897444142857;0,091057505;0,123525421285714;0,283441777428571;0,390463224428571
2021-02-27;0,100541236142857;0,109346563428571;0,0938489682857143;0,131121379714286;0,285026145571429;0,390577503428571
2021-02-28;0,0871777555714286;0,106745226142857;0,100548989142857;0,148698928857143;0,293060992142857;0,388490344571429
2021-03-01;0,0740581974285714;0,103696269714286;0,105742400357143;0,164464734114286;0,300755355728571;0,387079149257143
2021-03-02;0,0551210201428571;0,098437256;0,106826725785714;0,1907289284;0,319144176442857;0,392103918828571
2021-03-03;0,0560657744285714;0,104376252285714;0,110259109357143;0,213542514542857;0,339288026014286;0,402861067114286
2021-03-04;0,0570281654285714;0,110162030571429;0,112871770357143;0,233751537542857;0,358058171585714;0,414478131542857
2021-03-05;0,0502868601428571;0,107223901571429;0,114516862785714;0,252392279257143;0,378482307728571;0,430079259971429
2021-03-06;0,0399528817142857;0,0978442384285714;0,107269963071429;0,257291759828571;0,391740066728571;0,441901607114286
2021-03-07;0,0294388102857143;0,0876125982857143;0,0976412109285714;0,260028357542857;0,4042071303;0,454257563828571
2021-03-08;0,0359791827142857;0,0934767175714286;0,103169279714286;0,264717788714286;0,412821572857143;0,465031891714286
2021-03-09;0,0482793228571429;0,100561031285714;0,110912238571429;0,257935974428571;0,410657285;0,470797462142857
2021-03-10;0,0601454362857143;0,107015416;0,117839563714286;0,251433363142857;0,407711189142857;0,475782492285714
2021-03-11;0,0669268004285714;0,105117943571429;0,120717526142857;0,245499173571429;0,409212349142857;0,482427635428571
2021-03-12;0,0811222582857143;0,111564262571429;0,124270858142857;0,240143225714286;0,408050501428571;0,485403908142857
2021-03-13;0,0945144477142857;0,117110359285714;0,127113379142857;0,233768464285714;0,405681753142857;0,487379929857143
2021-03-14;0,100047377571429;0,114357338285714;0,121996368857143;0,217896248285714;0,390082955142857;0,475035251285714
2021-03-15;0,0881037218571429;0,095592334;0,102876748857143;0,201891288285714;0,379091202285714;0,465032701285714
2021-03-16;0,0756934961428571;0,0769529411428571;0,0845936831428571;0,186935722571429;0,369633133714286;0,457097228428571
2021-03-17;0,0725016982857143;0,0683688462857143;0,0780260921428571;0,178258855142857;0,364036768428571;0,451676995
2021-03-18;0,0748146872857143;0,0684190748571429;0,0762434735714286;0,171095945714286;0,354968343285714;0,443953084428571
2021-03-19;0,0775700408285714;0,0691830530857143;0,0752652176714286;0,165193749057143;0,347174141842857;0,436782552042857
2021-03-20;0,0790749155285714;0,0726736500857143;0,0815858155;0,164123456085714;0,3388188692;0,428099679514286
2021-03-21;0,0885225662714286;0,0852815449714286;0,0981208709857143;0,174199372171429;0,345146770742857;0,433663492042857
2021-03-22;0,0982020645571429;0,0976365089714286;0,112883902557143;0,182219330457143;0,3509379116;0,439196659471429
2021-03-23;0,116221348842857;0,113531058971429;0,123590866842857;0,185504014742857;0,351347778742857;0,436942935185714
2021-03-24;0,125361928985714;0,120116482828571;0,123977099557143;0,183662846457143;0,349051517742857;0,432753409614286
2021-03-25;0,133980645128571;0,1266052354;0,124599738271429;0,181350453028571;0,346205008171429;0,428789177757143
2021-03-26;0,142272807157143;0,134934074457143;0,135155367457143;0,186138274828571;0,345519303614286;0,421269149285714
2021-03-27;0,152834718285714;0,141895319014286;0,140341806014286;0,188325712071429;0,347190992514286;0,416521856457143
2021-03-28;0,1638080324;0,148880689557143;0,145243896385714;0,191240855985714;0,348657019828571;0,411735982357143
2021-03-29;0,178465171257143;0,157902574128571;0,1480899391;0,192228026271429;0,339006557542857;0,385919549214286
2021-03-30;0,185511577257143;0,163698689985714;0,155030709957143;0,197636615828571;0,333599304885714;0,3660040109
2021-03-31;0,192857102271429;0,169681575971429;0,1622525951;0,203491944128571;0,3281435306;0,345875569385714
2021-04-01;0,211041266557143;0,183487060257143;0,177059839385714;0,223373685557143;0,323319794885714;0,309957236528571
2021-04-02;0,229380955842857;0,195493340971429;0,182073026385714;0,2358883237;0,315791540885714;0,277598481528571
2021-04-03;0,247357291014286;0,207714717842857;0,187673370285714;0,248488024;0,308083370342857;0,245077665742857
2021-04-04;0,261907199871429;0,216007267271429;0,196401808428571;0,278078869142857;0,321607753628571;0,2263675166
2021-04-05;0,272941868442857;0,222692621557143;0,208579497;0,311468592;0,346662759342857;0,228366333742857
2021-04-06;0,284343588157143;0,229693244271429;0,220715670428571;0,344977681014286;0,371810367714286;0,230405106342857
2021-04-07;0,293590058857143;0,231503196857143;0,226009369714286;0,370317516428571;0,394688797428571;0,232447055
2021-04-08;0,292189266728571;0,225496849071429;0,223728798271429;0,381942025371429;0,417165747528571;0,250054363485714
2021-04-09;0,291250293442857;0,219389395214286;0,221185006128571;0,3933232428;0,439664925671429;0,267703019914286
2021-04-10;0,282264243928571;0,215252585885714;0,222363881657143;0,407646992471429;0,458194434428571;0,271132428557143
2021-04-11;0,2763019025;0,215140326314286;0,221334315085714;0,405310860471429;0,455467106;0,260718274985714
2021-04-12;0,270275945071429;0,215097747885714;0,220701552657143;0,402949218471429;0,452561750142857;0,2501710607
2021-04-13;0,253698913642857;0,2141973476;0,225499940085714;0,404372717328571;0,463459399285714;0,2578777667
2021-04-14;0,239110031785714;0,218363946314286;0,236827353657143;0,413566274042857;0,476546297285714;0,265559672985714
2021-04-15;0,224561174485714;0,222740640814286;0,248131761957143;0,422659818385714;0,489607969757143;0,273105923357143
2021-04-16;0,201616289914286;0,223087993242857;0,261214202385714;0,436735527528571;0,509931616614286;0,290415274071429
2021-04-17;0,186893519;0,221392322;0,270171024285714;0,447167051428571;0,533752204142857;0,321461092
2021-04-18;0,172201388571429;0,219898634571429;0,278774493428571;0,456312507428571;0,556441954142857;0,351561489
2021-04-19;0,147943868114286;0,209373931657143;0,2808482731;0,454513873457143;0,564700824842857;0,368051154485714
2021-04-20;0,133757854114286;0,199445752085714;0,2773028101;0,447931162028571;0,558386964414286;0,365498517485714
2021-04-21;0,119502673114286;0,189674092228571;0,274034027528571;0,440422394457143;0,550913389128571;0,361632010914286
2021-04-22;0,101469646;0,171962299614286;0,259840473528571;0,423573157585714;0,528992499485714;0,338151263428571
2021-04-23;0,091542949;0,158492614328571;0,244036708671429;0,401543332014286;0,499634121057143;0,304909418714286
2021-04-24;0,0816997081428571;0,145558137114286;0,228787303085714;0,379490945971429;0,470191934228571;0,272284601371429
2021-04-25;0,0676950141428571;0,128778558971429;0,208836283228571;0,347457774971429;0,421914160085714;0,226615019085714
2021-04-26;0,0630929299428571;0,120647826585714;0,195489149242857;0,326740213728571;0,388213578985714;0,194661015857143
2021-04-27;0,0586335733714286;0,112305197585714;0,182629268242857;0,307357587871429;0,355314182271429;0,163493635285714
2021-04-28;0,0661328233714286;0,119683628871429;0,186654880814286;0,301938993585714;0,324818994271429;0,132930989714286
2021-04-29;0,0777478565;0,134798717514286;0,201369545471429;0,305964056942857;0,308907300185714;0,122178843985714
2021-04-30;0,0902060542142857;0,149630400942857;0,215512158757143;0,309912877371429;0,293284501328571;0,111492579557143
2021-05-01;0,101460620271429;0,166504723871429;0,230844968271429;0,314376950214286;0,2781936526;0,101301502985714
2021-05-02;0,116878625557143;0,187020568028571;0,251335635871429;0,330332628342857;0,283079219757143;0,105081702942857
2021-05-03;0,132522435085714;0,207946467728571;0,271845153485714;0,346095059628571;0,287889978757143;0,108789879257143
2021-05-04;0,141052011942857;0,2256487183;0,288978968485714;0,357712758485714;0,2864326239;0,104540466257143
2021-05-05;0,137546190185714;0,227469254857143;0,2892890616;0,356659284642857;0,283803339542857;0,101008341857143
2021-05-06;0,133742568742857;0,229515090685714;0,290117821657143;0,355744570442857;0,280990741128571;0,0973328447857143
2021-05-07;0,135516943742857;0,233086728685714;0,289761794514286;0,355551758014286;0,278652510557143;0,0946234252142857
2021-05-08;0,1382880084;0,234132249542857;0,288096044728571;0,3555460785;0,276346321685714;0,0913101531285714
2021-05-09;0,141131007328571;0,235414517885714;0,286483475114286;0,355378155185714;0,273964869185714;0,0879461702285714
2021-05-10;0,149768718742857;0,239501993628571;0,287408705242857;0,358558561114286;0,271583088871429;0,0825650980857143
2021-05-11;0,165212248142857;0,2469251071;0,291242786742857;0,365349446;0,275371470685714;0,0851116277285714
2021-05-12;0,1808247609;0,2545272814;0,294983340057143;0,372098275557143;0,279153594042857;0,0876228704142857
2021-05-13;0,195501187028571;0,262192570642857;0,302871576228571;0,385390600985714;0,2886190245;0,0897657426
2021-05-14;0,203713282885714;0,268187916642857;0,3121783818;0,398227648985714;0,297575737785714;0,0904302460285714
2021-05-15;0,211982341671429;0,273813449814286;0,320968883385714;0,410707592914286;0,306601869271429;0,0906973535571429
2021-05-16;0,210067193342857;0,273004872357143;0,326378613728571;0,416152741171429;0,302723705828571;0,0701434709285714
2021-05-17;0,202233718885714;0,269294266142857;0,3290672345;0,417859175314286;0,298195438785714;0,0512254536714286
2021-05-18;0,194525390771429;0,265484249971429;0,331692316714286;0,419225943885714;0,292882016785714;0,0318286190571429
2021-05-19;0,183270903542857;0,255743829285714;0,327693338942857;0,415995274228571;0,2855274635;0,0182117751
2021-05-20;0,172434393842857;0,245225985185714;0,318617884628571;0,405362904085714;0,2716241969;0,0043691212
2021-05-21;0,161063236857143;0,234203010842857;0,309047230642857;0,394147838928571;0,256506408985714;-0,0100995966285714
2021-05-22;0,134649920642857;0,209418545957143;0,289095948914286;0,374807430285714;0,239230351785714;-0,0237018767285714
2021-05-23;0,117360385328571;0,189644117485714;0,270311136442857;0,359450472357143;0,232633039428571;-0,0171851757285714
2021-05-24;0,0988203895;0,169155491271429;0,250583320957143;0,342072154928571;0,223600981614286;-0,0118582104714286
2021-05-25;0,0785884585;0,155450989114286;0,241763796242857;0,331239185328571;0,215424461085714;-0,0125965773571429
2021-05-26;0,0617298241571429;0,147361376514286;0,2393880573;0,3248331037;0,208524412371429;-0,0192864616857143
2021-05-27;0,0451601144714286;0,139555669285714;0,237460238728571;0,3188423302;0,201111787142857;-0,026042189
2021-05-28;0,0248917387142857;0,1241440422;0,223083030028571;0,297215187171429;0,1821790838;-0,0258639118428571
2021-05-29;0,0199192970285714;0,122733931442857;0,2189890828;0,283250983271429;0,164924086242857;-0,0261025824285714
2021-05-30;0,0163385688;0,123002568542857;0,216980297657143;0,271652055657143;0,149569054771429;-0,0254627737
2021-05-31;0,00504138737142858;0,119532177542857;0,216717722228571;0,2669342628;0,153149303485714;-0,00735349598571429
2021-06-01;-0,00474471905714285;0,108880278257143;0,205237005514286;0,256023898657143;0,156777457485714;0,0173464857285714
2021-06-02;-0,0144125624857143;0,0980008371142857;0,193228427942857;0,245457710942857;0,161355541342857;0,0423301435857143
2021-06-03;-0,0246088528;0,0899098046285714;0,1858354808;0,2360928803;0,168304033714286;0,0746117909
2021-06-04;-0,0308971062;0,0897151337714286;0,191309688485714;0,243113837057143;0,187999768114286;0,101050721428571
2021-06-05;-0,0375790585142857;0,0888580488142857;0,196535576857143;0,250876049957143;0,208250631385714;0,127478862871429
2021-06-06;-0,0474624984857143;0,0838099356142857;0,193573047185714;0,249418218271429;0,219883303757143;0,1442222202
2021-06-07;-0,0485015820142857;0,0831815493714286;0,190165749742857;0,243513339428571;0,2156368709;0,145064128371429
2021-06-08;-0,0493093873;0,0829787329428571;0,1876012386;0,237750343;0,211229039185714;0,145808643657143
2021-06-09;-0,0548646337285714;0,0791969072285714;0,183721712742857;0,231141784428571;0,210096199614286;0,151003493942857
2021-06-10;-0,0597877518714286;0,0728783726571429;0,175896951171429;0,223988835428571;0,208084342757143;0,149640239942857
2021-06-11;-0,0641319977285714;0,0669945458;0,1688156176;0,217039283;0,2060230739;0,148247653371429
2021-06-12;-0,0685455405857143;0,0609608212285714;0,164984084028571;0,211032058285714;0,204785822328571;0,146019186514286
2021-06-13;-0,0702154418142857;0,0587931034714286;0,1692477427;0,215138235014286;0,212782213285714;0,153481160171429
2021-06-14;-0,0713924812857143;0,0566955632857143;0,172591827285714;0,219315628714286;0,220973586;0,161019243571429
2021-06-15;-0,0812418518571428;0,0505581282857143;0,173540618285714;0,218716421142857;0,228603308428571;0,175858816142857
2021-06-16;-0,0861724672857143;0,0482769535714286;0,175865388857143;0,218343947428571;0,232909009571429;0,186287048857143
2021-06-17;-0,0904450527142857;0,0459154068571429;0,176739248285714;0,216696272857143;0,237463059857143;0,196732418
2021-06-18;-0,101995744571429;0,0391319554285714;0,181008526285714;0,212654051857143;0,235362774857143;0,209838290142857
2021-06-19;-0,113025065857143;0,0332170938571429;0,181695821142857;0,206943929285714;0,232482433285714;0,223925841857143
2021-06-20;-0,123741265857143;0,0272615535714286;0,181009069142857;0,199569023142857;0,229858930571429;0,238171907571429
2021-06-21;-0,135591404285714;0,016471886;0,172797635428571;0,175429963;0,212795715857143;0,236717365285714
2021-06-22;-0,138840708571429;0,00963173985714286;0,166413624857143;0,155841819714286;0,196369009;0,228061429285714
2021-06-23;-0,142177545571429;0,00276857371428571;0,160477832857143;0,136611865285714;0,179921573571429;0,219379097142857
2021-06-24;-0,139726031;-0,0128096105714286;0,134661040571429;0,107404086428571;0,149691085428571;0,198918690571429
2021-06-25;-0,130383281814286;-0,0240645788;0,105247134457143;0,0805500456857143;0,126094397457143;0,17579405
2021-06-26;-0,121483093957143;-0,0354864023714286;0,0770366264571428;0,0546230598285714;0,1023573586;0,152495427714286
2021-06-27;-0,106634348671429;-0,0455516348;0,0493568730285714;0,0305909495428571;0,0693772701714286;0,116509724428571
2021-06-28;-0,091158629;-0,0507268951285714;0,0300441396857143;0,0232474991;0,0506627318857143;0,0961521044857143
2021-06-29;-0,0756876032857143;-0,0556370851285714;0,0110574671142857;0,0160698119571428;0,0318939951714286;0,0757029687714286
2021-06-30;-0,0542081484285714;-0,0522529099857143;-0,0017219388857143;0,00741986895714284;0,00452477588571429;0,0495351380571429
2021-07-01;-0,0390978702857143;-0,0399982775571429;0,00652413482857142;0,00995228252857141;-0,00923272325714285;0,0352173039142857
2021-07-02;-0,0237927934142857;-0,0275017957857143;0,0147474396142857;0,0124440545;-0,0229437217857143;0,0209360262714286
2021-07-03;0,00295868444285715;-0,0046390815;0,0300043904714286;0,0288279077857143;-0,0171472159285714;0,0214479259857143
2021-07-04;0,0234347884428571;0,0166270852142857;0,0452452346142857;0,0436308743571428;-0,00301842792857142;0,0341819689857143
2021-07-05;0,0439747459142857;0,0378720772571429;0,0602134735285714;0,0571329818;0,0104855003571429;0,0469657017857143
2021-07-06;0,0600122667714286;0,0575258371142857;0,0780342938142857;0,0758318066571428;0,0163601445;0,0429178812142857
2021-07-07;0,0699235999142857;0,0688292405428571;0,0894262151;0,0957253672285714;0,0306489887857143;0,0445274777857143
2021-07-08;0,0796863102;0,0798369418285714;0,100341179957143;0,115018556657143;0,0445245302142857;0,0460770365
2021-07-09;0,0905976328571429;0,0868953848571429;0,101698555;0,12004473;0,0492772182857143;0,0454513278571429
2021-07-10;0,0901125766428571;0,0834805422142857;0,0955925152857143;0,110801737214286;0,0343283744571429;0,0296852974142857
2021-07-11;0,0895166068;0,0800533645571428;0,0901545717285714;0,102387623528571;0,0195206962571429;0,0137122960142857
2021-07-12;0,0907339635142857;0,0738720148428571;0,0803658618714286;0,1018061131;0,0232671355428571;0,0285617384428571
2021-07-13;0,0957018012285714;0,0684600549857143;0,0668212498714286;0,0950424539571428;0,0336831824;0,0592349118714286
2021-07-14;0,0999042575142857;0,0625347535571429;0,0529351588714286;0,0878265406714286;0,0433103031142857;0,0888700760142857
2021-07-15;0,0742879459428571;0,0305622771285714;-0,00435776970000001;0,0385143472428571;0,0128003698285714;0,0822647088714286
2021-07-16;0,0468431405142857;0,00206409255714286;-0,0522067948428572;0,0035689248142857;-0,00893824717142856;0,0768464660142857
2021-07-17;0,0189484296571429;-0,0264467398;-0,0996356470571429;-0,0299490494857143;-0,0305020070428571;0,0705017372428571
2021-07-18;0,00104495135714286;-0,0545633001428571;-0,155804737642857;-0,0883363039428572;-0,0665078962714286;0,0597131610714286
2021-07-19;-0,0183800629285714;-0,0795013587142857;-0,206567895785714;-0,152059537085714;-0,119294454128571;0,0183182675
2021-07-20;-0,0368253759285714;-0,103204836285714;-0,255554103642857;-0,213569920371429;-0,169794186557143;-0,0205429507857143
2021-07-21;-0,0513165336857143;-0,109923546557143;-0,278702195357143;-0,244234372457143;-0,1992196729;-0,0573898256428571
2021-07-22;-0,0362900514;-0,0903467199857143;-0,257811391071429;-0,232238849314286;-0,188200105614286;-0,0580006615
2021-07-23;-0,0209869086857143;-0,0703807701285714;-0,2367102305;-0,220330504742857;-0,176866569471429;-0,0576340525
2021-07-24;0,00197154981428572;-0,0425081959857143;-0,212519248;-0,203776773942857;-0,165255073771429;-0,0604990242857143
2021-07-25;0,0145554408142857;-0,0148827885571429;-0,179120849571429;-0,161915876371429;-0,138871391771429;-0,0584927127142857
2021-07-26;0,0264022263857143;0,0122450543;-0,146548299142857;-0,1212844368;-0,113598032485714;-0,0567202068571429
2021-07-27;0,0468297836714286;0,0338506890142857;-0,119831602714286;-0,0907010749428571;-0,0861605572;-0,0433320814285714
2021-07-28;0,06352284;0,0391309192857143;-0,117998951;-0,0899362;-0,078822448;-0,0309033022857143
2021-07-29;0,0799568668571429;0,0443197627142857;-0,116171831714286;-0,0891245784285714;-0,0714612181428571;-0,0185267092857143
2021-07-30;0,100648197428571;0,0522444004285714;-0,108373779285714;-0,0724906904285714;-0,0692401887142857;-0,0291326251428571
2021-07-31;0,113560508714286;0,0524449621428571;-0,103666491857143;-0,0616553804285714;-0,067335159;-0,035288629
2021-08-01;0,126310961285714;0,0526965384285714;-0,0989879604285714;-0,050929643;-0,0655471111428571;-0,041572337
2021-08-02;0,155812996057143;0,0614067758714286;-0,0948723820714286;-0,0555934738857143;-0,0700388852142857;-0,0353775927142857
2021-08-03;0,176123507057143;0,0751515523;-0,0857744025;-0,0514437318857143;-0,0780235320714286;-0,0423433524285714
2021-08-04;0,196564413628571;0,0890647091571428;-0,0767502299285715;-0,0474139070285714;-0,0861007272142857;-0,0493818621428571
2021-08-05;0,217403355057143;0,106638425814286;-0,0583311590571429;-0,0282555724857143;-0,0799553572714286;-0,0457571146285714
2021-08-06;0,234112297428571;0,121146987142857;-0,0461235831857143;-0,0249231351285714;-0,0686024495142857;-0,0190682046142857
2021-08-07;0,251621916;0,135827571428571;-0,0335007160428572;-0,0213939079857143;-0,0571563268;0,00773227681428572
2021-08-08;0,264798680714286;0,149678977714286;-0,0254172336142857;-0,0171320218428572;-0,0385378963714286;0,0325608865285714
2021-08-09;0,261066018657143;0,154760765414286;-0,0171005188285714;0,00250834832857142;-0,0136275331571429;0,0449625316714286
2021-08-10;0,257165092514286;0,159486415414286;-0,00903457825714288;0,0223310129;0,0113637588428571;0,0574562092428571
2021-08-11;0,263043902942857;0,173600429128571;0,00317368717142855;0,0327933097571428;0,0080693697;0,0375107569571429
2021-08-12;0,2692962173;0,183857756257143;0,00565933224285712;0,0281284224142857;-0,00947375992857142;0,006923749
2021-08-13;0,275681190314286;0,193649615828571;0,00772860235714284;0,0235481256714286;-0,0270777526428571;-0,0237675053571429
2021-08-14;0,282282597314286;0,2069658104;0,0175452555;0,0297711382428571;-0,0213345023571429;-0,0261327933571429
2021-08-15;0,293694926285714;0,221157378342857;0,0317892759571428;0,0351758038142857;-0,0226651952285714;-0,0264138351714286
2021-08-16;0,305709845314286;0,236166930585714;0,0465521108;0,0404806884857143;-0,0240326614714286;-0,0267518498571429
2021-08-17;0,312335427428571;0,245187682657143;0,0436459803857143;0,0161263658428571;-0,0414670706857143;-0,0302475041428571
2021-08-18;0,309516400142857;0,244725746657143;0,0365788382428571;0,00116992769999999;-0,0305985314;-0,00127506042857143
2021-08-19;0,306520495785714;0,244764928585714;0,0298386851571428;-0,0138998737857143;-0,0197907588571429;0,0276247685857143
2021-08-20;0,300180298685714;0,247860674685714;0,0394025007428571;-0,0174991261142857;-0,00870239875714286;0,0423415837857143
2021-08-21;0,292746177414286;0,247360166042857;0,0409796067142857;-0,0319975842285714;-0,0210253519428571;0,0286638515285714
2021-08-22;0,2847664693;0,2469663581;0,0430786588285714;-0,0462664519428572;-0,0334247300714286;0,0149090723428571
2021-08-23;0,275826266414286;0,242597725;0,0525484382714286;-0,0419570457571429;-0,0237469952571429;0,0286300754571429
2021-08-24;0,272539295871429;0,244664128642857;0,0799129828285714;-0,0080678456857143;0,00193823581428571;0,0454426166
2021-08-25;0,269349859871429;0,247318593928571;0,107425568114286;0,0258329208857143;0,0276125719571429;0,0622449988857143
2021-08-26;0,273446636442857;0,258222565071429;0,136511062971429;0,0668880378857143;0,0652751369571428;0,0891219617428572
2021-08-27;0,280992856871429;0,2667749715;0,149165907114286;0,0953133704571428;0,102903094242857;0,130362146742857
2021-08-28;0,289487825857143;0,275434619571429;0,160545104285714;0,122291023142857;0,141013916714286;0,172041435428571
2021-08-29;0,2898535813;0,277816753314286;0,170333332171429;0,141019640228571;0,180056344357143;0,234303512814286
2021-08-30;0,291291713728571;0,283747998742857;0,171602672742857;0,139573429371429;0,196639840214286;0,268587723385714
2021-08-31;0,293157288014286;0,289769547314286;0,172320397885714;0,137008573371429;0,212915559071429;0,3021763691
2021-09-01;0,288352725728571;0,288578857171429;0,1745061086;0,137464426514286;0,214170581785714;0,310008989957143
2021-09-02;0,276157245014286;0,278547567885714;0,174296645028571;0,129968961514286;0,203159326071429;0,307711792957143
2021-09-03;0,263707369585714;0,268074921171429;0,174048900457143;0,122736063514286;0,191872262642857;0,305074525814286
2021-09-04;0,243893103871429;0,2451306986;0,159486071314286;0,100112832228571;0,1661281735;0,284384031385714
2021-09-05;0,232845093428571;0,228010118;0,145386556428571;0,0849671765714286;0,139225177428571;0,243125237571429
2021-09-06;0,221526124142857;0,210498149142857;0,131544151857143;0,0708304714285714;0,112519323142857;0,202485123
2021-09-07;0,204678007071429;0,183501430171429;0,106974639657143;0,0545057109857143;0,0937938480714286;0,173550122671429
2021-09-08;0,193755289928571;0,162409728457143;0,0799541353714286;0,0343588119857143;0,0893106762142857;0,169113199671429
2021-09-09;0,181946960557143;0,140630123128571;0,0524509690714286;0,0139427185;0,0836692562571428;0,162859190814286
2021-09-10;0,170261584871429;0,120614799285714;0,0243131969142857;-0,00508896514285715;0,0805770141285714;0,153425959628571
2021-09-11;0,165345074442857;0,112363645285714;0,0107319039142857;-0,00848596257142858;0,0908823827;0,161124929914286
2021-09-12;0,159818729728571;0,103731781571429;-0,00309675422857145;-0,0128505064285714;0,1003164707;0,168362735771429
2021-09-13;0,1501389433;0,0907184131428571;-0,0195821886571429;-0,0172038898571429;0,106762770128571;0,175236757342857
2021-09-14;0,145771596085714;0,0866495435428571;-0,0256457684571429;-0,0192138481285714;0,105125649771429;0,170473569242857
2021-09-15;0,141933563514286;0,0828672136857143;-0,0317562334571429;-0,0217976269857143;0,103547264485714;0,1661425681
2021-09-16;0,1377669806;0,0805227905857143;-0,0308492605857143;-0,0108832339285714;0,112506249157143;0,1664335771
2021-09-17;0,132989333057143;0,0761151920714286;-0,0296913576142857;-0,0020556541857143;0,117445615828571;0,168806295385714
2021-09-18;0,127238384342857;0,0709799090714286;-0,0291890471857143;0,00575694467142856;0,120975698685714;0,170187481814286
2021-09-19;0,127980447342857;0,0714576275;-0,0230435860428572;0,0198780381;0,135876974828571;0,184375726671429
2021-09-20;0,131946809628571;0,0758474807857143;-0,0144719561857143;0,0336813708142857;0,152914253685714;0,197537430671429
2021-09-21;0,134139555914286;0,0792533242142857;-0,00605271675714288;0,0473186932428571;0,169161935971429;0,209831829528571
2021-09-22;0,131495424771429;0,0716291106428571;-0,0135904723285714;0,0440090821;0,166654580257143;0,2100281821
2021-09-23;0,129861632771429;0,0632035770714286;-0,0275222793285714;0,0278817411;0,154953572257143;0,207124184242857
2021-09-24;0,128613536571429;0,0552491931428571;-0,0405738951428572;0,0130977227142857;0,144542972142857;0,204865417142857
2021-09-25;0,123335183285714;0,0402763734285714;-0,0587958884285715;-0,00650910700000001;0,123337744285714;0,189204310571429
2021-09-26;0,111774048142857;0,0202327208571429;-0,081791828;-0,0308106401428572;0,0918452314285714;0,161066676714286
2021-09-27;0,100732637885714;0,000844275114285717;-0,1039654214;-0,0541760291142857;0,0613106067857143;0,134009348271429
2021-09-28;0,0950442846;-0,00974307245714286;-0,110159573685714;-0,0624166945428572;0,0329525026428571;0,1007633737
2021-09-29;0,0937327248857143;-0,00903588545714286;-0,0996092676857143;-0,0524651271142857;0,0240090883571429;0,0803326941285714
2021-09-30;0,0920993096142857;-0,00805707121428571;-0,0885392344;-0,0422026727142857;0,0150996661;0,0601461477285714
2021-10-01;0,103667585042857;0,0115037717857143;-0,0472356841142857;0,0141506802857143;0,0465438811;0,0671234931571429
2021-10-02;0,120505008471429;0,0391117170714286;0,000312773171428546;0,0773750755714286;0,0908912115285714;0,0890655804428571
2021-10-03;0,137766067614286;0,0666377025;0,0474271497428571;0,140318900285714;0,135321785385714;0,111192396728571
2021-10-04;0,157753828585714;0,100042098528571;0,0965275487142857;0,210746647971429;0,199696133885714;0,148138114457143
2021-10-05;0,174409459871429;0,126281335242857;0,130303151857143;0,266284227971429;0,263049261742857;0,192890425171429
2021-10-06;0,1919312893;0,152970561528571;0,16365501;0,320780217828571;0,326339212028571;0,238195236314286
2021-10-07;0,193480294428571;0,179031971714286;0,205080500142857;0,374552708571429;0,398328519714286;0,294158897428571
2021-10-08;0,182138940428571;0,186657374428571;0,216104307;0,381151959857143;0,429120070428571;0,322902943428571
2021-10-09;0,170912340428571;0,194369375857143;0,227091621285714;0,386889725571429;0,458740161857143;0,350390762
2021-10-10;0,146199271571429;0,186214969714286;0,227174316285714;0,376531106714286;0,480170569142857;0,383489651285714
2021-10-11;0,119241147857143;0,172458364571429;0,225238227571429;0,357639789285714;0,481304279285714;0,401705831142857
2021-10-12;0,0921153744285714;0,158525826857143;0,223452376571429;0,339082194;0,481993483571429;0,419228962285714
2021-10-13;0,0636942574285714;0,137271973857143;0,213626616857143;0,315273412285714;0,473168666714286;0,423198755142857
2021-10-14;0,0519029442857143;0,116824132571429;0,195701090285714;0,292287049142857;0,455956957714286;0,416798566571429
2021-10-15;0,0405341;0,0968381754285714;0,178228228857143;0,270524954857143;0,439829013428571;0,411093308
2021-10-16;0,0411432181428571;0,0856177648571429;0,168155667714286;0,261078052857143;0,432446585857143;0,407428728714286
2021-10-17;0,0552550708571429;0,090500355;0,168768999571429;0,266991301857143;0,433031860857143;0,398327746571429
2021-10-18;0,0697430428571428;0,095370029;0,168768473857143;0,272128353714286;0,433851922857143;0,389786716142857
2021-10-19;0,0822125971428571;0,104503984142857;0,173566896857143;0,280809238;0,430885059;0,376587442142857
2021-10-20;0,095888401;0,120652565142857;0,186456463;0,295404657285714;0,437664908571429;0,376682477428571
2021-10-21;0,109638125142857;0,136799553857143;0,198784668285714;0,308982563428571;0,444336358571429;0,376700520571429
2021-10-22;0,111787944857143;0,152834819857143;0,219113086;0,333758945857143;0,460104597428571;0,376926149714286
2021-10-23;0,102057653714286;0,160321542285714;0,232489707285714;0,346358043714286;0,467718401142857;0,376052656285714
2021-10-24;0,0923950074285714;0,167929657857143;0,246761113428571;0,359535562142857;0,474716139714286;0,374470987428571
2021-10-25;0,0794488611428571;0,168126851;0,259737424;0,374727602571429;0,478463705428571;0,360144066
2021-10-26;0,0681194367142857;0,163565563142857;0,267342187142857;0,386229903;0,486259648571429;0,350972384714286
2021-10-27;0,0562861767142857;0,158893465857143;0,274954023857143;0,397771295285714;0,493709446;0,341565838857143
2021-10-28;0,0544266012428571;0,158559754371429;0,280981366914286;0,409566684142857;0,495773256785714;0,324138586028571
2021-10-29;0,0636634372428571;0,1580437548;0,278754652342857;0,409805166571429;0,488813609928571;0,306622245457143
2021-10-30;0,0727032916714286;0,157577516514286;0,276240843485714;0,410021224857143;0,482563598785714;0,289951422457143
2021-10-31;0,0764346063714286;0,151194329557143;0,2673436454;0,403393992985714;0,454703949285714;0,245050273871429
2021-11-01;0,0828250059428571;0,152009714985714;0,260260746114286;0,396619350271429;0,430328420857143;0,212614541442857
2021-11-02;0,0892647783714286;0,153036311128571;0,2536333544;0,390467788557143;0,406218912142857;0,180296727014286
2021-11-03;0,0923213246571428;0,156998606557143;0,253627078828571;0,397496947128571;0,402833065857143;0,165008063871429
2021-11-04;0,0852334681285714;0,156479271328571;0,255565004628571;0,404992984842857;0,405099668785714;0,157983151985714
2021-11-05;0,0781314395571428;0,155773950471429;0,257314613771429;0,412443314271429;0,407599721785714;0,151111032414286
2021-11-06;0,0695527304142857;0,150101197614286;0,256914836914286;0,418311902557143;0,408281518071429;0,141527759271429
2021-11-07;0,0660723348428571;0,150139161514286;0,262467950485714;0,430998900214286;0,431043595271429;0,160493451671429
2021-11-08;0,0627617997;0,150203996514286;0,2678826132;0,443105829642857;0,453269064557143;0,179222076242857
2021-11-09;0,0505361194714286;0,150452609671429;0,2769345684;0,452433641557143;0,462234842042857;0,179825715842857
2021-11-10;0,0420911287003428;0,147689499957143;0,279192192542857;0,448146517271429;0,450072654042857;0,162970386128571
2021-11-11;0,0337173321003428;0,144840312757143;0,281155007571429;0,4430436018;0,436954506128571;0,1453784818
2021-11-12;0,0207475612432;0,135869363428571;0,274310525314286;0,427344096028571;0,413292007042857;0,124875927271429
2021-11-13;0,00893752181462856;0,131336760142857;0,269384292885714;0,413477637314286;0,390653162471429;0,106210739128571
2021-11-14;-0,00317439831394287;0,1264713192;0,264200800542857;0,399514125242857;0,3677840992;0,0873493166
2021-11-15;-0,0349898894568;0,101012396771429;0,2331168154;0,347672342671429;0,284925232342857;0,0165289956
2021-11-16;-0,0578992487996572;0,0753708517571429;0,198573214771429;0,298485791042857;0,215167985;-0,036452411
2021-11-17;-0,0811742821714286;0,0497883479;0,1645265832;0,250070218042857;0,145961724428571;-0,089179731
2021-11-18;-0,103012567571429;0,0279905869571429;0,1391133116;0,222012770514286;0,101107717771429;-0,117233684242857
2021-11-19;-0,120760801857143;0,012320485;0,122819226;0,204892422;0,0664187915714286;-0,142719143428571
2021-11-20;-0,138662756142857;-0,00305395471428571;0,107003855142857;0,188311493428571;0,0322475168571429;-0,168012497857143
2021-11-21;-0,147265668428571;-0,0100168227142857;0,0955853461428571;0,185355227142857;0,0299787424285714;-0,158179895571429
2021-11-22;-0,136161001714286;0,00369173642857143;0,110434972142857;0,220939961571429;0,0882685198571429;-0,096148701
2021-11-23;-0,124377326;0,0176814135714286;0,125425077857143;0,256653934428571;0,146711962714286;-0,0338467724285714
2021-11-24;-0,094783349;0,0385410328571429;0,139643464142857;0,275864649714286;0,166751058714286;7,34975714285612e-05
2021-11-25;-0,067327348;0,0557035842857143;0,145839185;0,275801545428571;0,162981595;0,00971033085714285
2021-11-26;-0,0400044266142857;0,0728422776428571;0,152075280557143;0,275767677171429;0,159190446928571;0,0193302954
2021-11-27;-0,00041583901428573;0,0916838727571429;0,155498969285714;0,2761646249;0,1654023525;0,0332853802571428
2021-11-28;0,0299662669857143;0,102443400185714;0,155115047571429;0,263622604328571;0,140322313785714;0,0125287948285714
2021-11-29;0,0602314685571428;0,1131529109;0,154731312428571;0,2510718209;0,115197699642857;-0,00824798474285715
2021-11-30;0,0853624652714286;0,125851515042857;0,156697745857143;0,241152254614286;0,0874727182142857;-0,0374309318857143
2021-12-01;0,0925959779857143;0,1316934259;0,159560435571429;0,247814972614286;0,0982518366428572;-0,0379779151714286
2021-12-02;0,100126576271429;0,137516762471429;0,162402549;0,254486205471429;0,109047998357143;-0,0384915007428572
2021-12-03;0,1128696587;0,146826584357143;0,167158335485714;0,259579954542857;0,117486288585714;-0,0302657169714286
2021-12-04;0,113313734585714;0,154399692942857;0,174734960757143;0,264229265842857;0,115909679742857;-0,0263507382285714
2021-12-05;0,113553986014286;0,161970112942857;0,182222628185714;0,268706441128571;0,1142259836;-0,0225361612285714
2021-12-06;0,120480875871429;0,180578361657143;0,199865773328571;0,280581904414286;0,119534273171429;-0,0161830223714286
2021-12-07;0,131958954014286;0,196972795942857;0,215104054185714;0,289692120985714;0,127339852742857;-0,00149684494285715
2021-12-08;0,143766655457143;0,213494439257143;0,230302646814286;0,298714063042857;0,135090011614286;0,0131269018571428
2021-12-09;0,142985045885714;0,226770813971429;0,254369616528571;0,320476855614286;0,164100916328571;0,0483627452857143
2021-12-10;0,1374132675;0,236541409585714;0,2764793932;0,343816144228571;0,195470189457143;0,0748775484
2021-12-11;0,132165700114286;0,246274705457143;0,298544091785714;0,367193196614286;0,226857598385714;0,101401628771429
2021-12-12;0,119284156685714;0,246794132171429;0,313191401071429;0,3789702569;0,251478593385714;0,117174245342857
2021-12-13;0,0998965549714286;0,236257303885714;0,317598308785714;0,383287459757143;0,269066525528571;0,130391752057143
2021-12-14;0,0806819562571428;0,225743395742857;0,321932341357143;0,387654236471429;0,286701123814286;0,143664131628571
2021-12-15;0,0569660593857143;0,209578752285714;0,321098617157143;0,3872088237;0,302513250514286;0,154950861257143
2021-12-16;0,0460950909571428;0,196647905714286;0,311397139442857;0,374175505985714;0,297133454371429;0,145661792542857
2021-12-17;0,0354430021;0,183672650571429;0,301596854871429;0,361211255128571;0,291805532228571;0,136409267257143
2021-12-18;0,0193923531428571;0,166045040428571;0,284475069714286;0,337062591428571;0,273845437428571;0,123681697571429
2021-12-19;0,0113874971428571;0,157592712285714;0,274773377142857;0,324565707142857;0,262668142428571;0,121726721571429
2021-12-20;0,0035064927142857;0,149169533;0,265111894285714;0,312026265;0,251445899142857;0,119711350142857
2021-12-21;-0,000343302571428584;0,140640891714286;0,254932125571429;0,299585673;0,245213833285714;0,124365751285714
2021-12-22;0,000255237714285701;0,137537335428571;0,249439632;0,291806083285714;0,240927420571429;0,131101953285714
2021-12-23;0,000909185285714273;0,134288637428571;0,243175890571429;0,283641336857143;0,236651255714286;0,137825691428571
2021-12-24;-0,00634985822857144;0,1235270112;0,230341068685714;0,267922961957143;0,233871226171429;0,153358106757143
2021-12-25;-0,0079780320857143;0,117512019628571;0,224637651114286;0,263335400385714;0,243936945457143;0,172500026042857
2021-12-26;-0,00946192394285716;0,111517035628571;0,218522310257143;0,259036681385714;0,254179958885714;0,1916512209
2021-12-27;-0,0173274331714286;0,0942893610142857;0,192819302042857;0,2217141253;0,229561597142857;0,181394603171429
2021-12-28;-0,0292138628857143;0,0771257367285714;0,167472171328571;0,1846558943;0,200281068714286;0,164392107457143
2021-12-29;-0,0410169401;0,0600824585142857;0,142295152914286;0,147834511928571;0,171441931828571;0,147577249157143
2021-12-30;NA;NA;NA;NA;NA;NA
2021-12-31;NA;NA;NA;NA;NA;NA
2022-01-01;NA;NA;NA;NA;NA;NA
