Transect;Station;Name;Acanthastrea;Acropora;Astrea;Astreopora;Coscinarea;Cyphastrea;Dipsatrea;Favites;Galaxea;Goniastrea;Other Hard Coral;Leptastrea;Montipora;Paramontastrea;Pavona;Platygyra;Pocillopora;Porites;Psammocora;Cladiella;Echinostrephus;Lobophytum;Millepora;Molluscs;Sarcophytum;Other Soft Corals;Sand;Dead Corals;Cyanobacteria;CCA;Dictyosphaeria;Halimeda;Amphiroa;Neomeris;Padina;Turbinaria;Turf;Turf_sand;Ulva
A;1;RUNTRANS1A_01,jpg;0;0;0;0;0;0;0;0;0;0;0;0;0;0;0;0;0;0;0;0;0;0;0;0;0;0;0;0;0;0;0;0;0;0;0;0;0;100;0
A;1;RUNTRANS1A_02,jpg;0;0;0;0;0;0;0;0;0;0;0;0;0;0;0;0;0;0;0;0;0;0;0;0;0;0;2,778;0;0;0;0;0;0;0;0;0;0;97,222;0
A;1;RUNTRANS1A_03,jpg;0;0;0;0;0;0;0;0;0;0;0;0;0;0;0;0;0;0;0;0;0;0;0;0;0;0;0;0;0;0;0;0;0;0;0;0;0;100;0
A;1;RUNTRANS1A_04,jpg;0;0;0;0;0;0;0;0;0;0;0;0;0;0;0;0;0;0;0;0;0;0;0;0;0;0;0;0;0;0;0;0;0;0;0;0;0;100;0
A;1;RUNTRANS1A_05,jpg;0;0;0;0;0;0;0;0;0;0;0;0;0;0;0;0;0;0;0;0;0;0;0;0;0;0;0;0;0;0;0;0;0;0;0;0;0;100;0
A;1;RUNTRANS1A_06,jpg;0;0;0;0;0;0;0;0;0;0;0;0;0;0;0;0;0;0;0;0;0;0;0;0;0;0;36,111;0;0;0;0;0;0;0;0;0;0;63,889;0
A;1;RUNTRANS1A_07,jpg;0;0;0;0;0;0;0;0;0;0;0;0;0;0;0;0;0;0;0;0;0;0;0;0;0;0;11,111;0;0;0;0;0;0;0;0;0;0;88,889;0
A;1;RUNTRANS1A_08,jpg;0;0;0;0;0;0;2,778;0;0;0;0;0;0;0;0;0;0;0;0;0;0;0;0;0;0;0;0;0;0;0;0;0;0;0;0;0;0;97,222;0
A;1;RUNTRANS1A_09,jpg;0;0;0;0;0;0;0;0;0;0;0;0;0;0;0;0;0;0;0;0;0;0;0;0;0;0;25;0;0;0;0;0;0;0;0;0;0;75;0
A;1;RUNTRANS1A_10,jpg;0;0;0;0;0;0;0;0;0;0;0;0;0;0;0;0;0;0;0;0;0;0;0;0;0;0;0;0;0;0;0;0;0;0;0;0;0;100;0
A;1;RUNTRANS1A_11,jpg;0;0;0;0;0;0;0;0;0;0;0;0;0;0;0;0;0;0;0;0;0;0;0;0;0;0;0;0;0;0;0;0;0;0;0;0;0;100;0
A;1;RUNTRANS1A_12,jpg;0;0;0;0;0;0;0;0;0;0;0;0;0;0;0;0;0;0;0;0;0;0;0;0;0;0;0;0;0;0;0;0;0;0;0;0;0;100;0
A;1;RUNTRANS1A_13,jpg;0;0;0;0;0;0;0;0;0;0;0;0;0;0;0;0;0;0;0;0;0;0;0;0;0;0;0;0;0;0;0;0;0;0;0;0;0;100;0
A;1;RUNTRANS1A_14,jpg;0;0;0;0;0;0;0;0;0;0;0;0;0;0;0;0;0;0;0;0;0;0;0;0;0;0;0;0;0;0;0;0;0;0;0;0;0;100;0
A;1;RUNTRANS1A_15,jpg;0;0;0;0;0;0;0;0;0;0;0;0;0;0;0;0;0;0;0;0;0;0;0;0;0;0;83,333;0;0;0;0;0;0;0;0;0;0;16,667;0
A;1;RUNTRANS1A_16,jpg;0;0;0;0;0;0;0;0;0;0;0;0;0;0;0;0;0;0;0;0;0;0;0;0;0;0;38,889;0;0;0;0;0;0;0;0;0;0;61,111;0
A;1;RUNTRANS1A_17,jpg;0;0;0;0;0;0;0;0;0;0;0;0;0;0;0;0;0;0;0;0;0;0;0;0;0;0;0;0;0;0;0;0;0;0;0;0;0;100;0
A;1;RUNTRANS1A_18,jpg;0;0;0;0;0;0;0;0;0;0;0;0;0;0;0;0;0;0;0;0;0;0;0;0;0;0;0;0;0;0;0;0;0;0;0;0;0;100;0
A;1;RUNTRANS1A_19,jpg;0;0;0;0;0;0;0;0;0;0;0;0;0;0;0;0;0;0;0;0;0;0;0;0;0;0;0;0;0;0;2,778;0;0;0;0;0;0;97,222;0
A;1;RUNTRANS1A_20,jpg;0;0;0;0;0;0;0;2,941394462;0;0;0;0;0;0;0;0;0;0;0;0;0;0;2,941394462;0;0;0;0;0;0;14,70591349;0;0;0;0;0;0;0;79,41129758;0
B;1;RUNTRANS1B_01,jpg;0;0;0;0;0;0;0;0;0;0;0;0;0;0;0;0;0;0;0;0;0;6,061068869;0;0;0;0;0;0;0;3,030534434;0;0;0;0;0;0;12,12104683;78,78734986;0
B;1;RUNTRANS1B_02,jpg;0;0;0;0;0;0;0;0;0;0;0;0;0;0;0;0;0;0;0;0;0;0;0;0;0;0;9,090611568;0;0;0;0;0;0;0;0;0;0;90,90938843;0
B;1;RUNTRANS1B_03,jpg;0;0;0;0;0;0;0;0;0;0;0;0;0;0;0;0;0;0;0;0;0;0;0;0;0;0;2,85737796;0;0;0;0;0;0;0;0;0;0;97,14262204;0
B;1;RUNTRANS1B_04,jpg;0;0;0;0;0;0;0;0;0;0;0;0;0;0;0;0;0;0;0;0;0;0;0;0;0;0;14,70591349;0;0;2,941394462;2,941394462;0;0;0;0;0;0;79,41129758;0
B;1;RUNTRANS1B_05,jpg;0;0;0;0;0;0;0;0;0;0;0;0;0;0;0;0;0;0;0;0;0;0;0;0;0;0;0;0;0;2,778;0;0;0;0;0;0;0;97,222;0
B;1;RUNTRANS1B_06,jpg;0;0;0;0;0;0;0;0;0;0;0;0;0;0;0;0;6,061002749;0;0;0;0;0;0;0;0;0;0;0;0;6,061002749;9,09041323;0;0;0;0;0;6,061002749;72,72657852;0
B;1;RUNTRANS1B_07,jpg;0;0;0;0;0;0;0;0;0;0;0;0;0;0;0;0;5,714755919;0;0;0;0;0;0;0;0;0;0;0;0;22,85696653;11,42848327;0;0;0;0;0;0;59,99979429;0
B;1;RUNTRANS1B_08,jpg;0;0;0;0;0;0;0;0;0;0;0;0;0;0;0;0;0;0;0;0;0;0;0;0;0;0;0;0;0;2,941394462;5,882788925;0;0;0;0;0;0;91,17581661;0
B;1;RUNTRANS1B_09,jpg;0;0;0;0;0;0;0;0;0;0;0;0;0;0;0;0;0;0;0;0;0;0;0;0;5,882788925;0;0;0;0;20,5876436;5,882788925;0;0;0;0;0;0;67,64677855;0
B;1;RUNTRANS1B_10,jpg;0;0;0;0;0;0;0;0;0;0;0;0;0;0;0;0;0;0;0;0;0;0;0;0;2,85734857;0;0;0;0;25,71408;0;0;0;0;0;0;5,71469714;65,71387429;0
B;1;RUNTRANS1B_11,jpg;0;0;0;0;0;0;0;0;0;0;0;0;0;0;0;0;0;0;0;0;0;0;0;0;0;0;0;0;0;5,555944441;0;0;0;0;0;0;2,77797222;91,66608334;0
B;1;RUNTRANS1B_12,jpg;0;0;0;0;0;0;0;0;0;0;0;0;0;0;0;0;0;0;0;0;0;0;0;0;0;0;0;0;0;61,7646436;0;0;0;0;0;0;23,5292872;14,70606921;0
B;1;RUNTRANS1B_13,jpg;0;0;0;0;0;0;2,85734857;0;0;0;0;0;0;0;0;0;0;0;0;0;0;0;0;0;0;0;0;0;0;5,71469714;0;0;0;0;0;0;11,42836572;79,99958857;0
B;1;RUNTRANS1B_14,jpg;0;0;0;0;0;0;0;0;0;0;0;0;0;0;0;0;0;0;0;0;0;0;0;0;0;0;0;0;0;2,778;0;0;0;0;0;0;0;97,222;0
B;1;RUNTRANS1B_15,jpg;0;0;0;0;0;0;0;0;0;0;0;0;0;0;0;0;0;0;0;0;0;0;0;0;0;0;0;0;0;0;0;0;0;0;0;0;0;100;0
B;1;RUNTRANS1B_16,jpg;0;0;0;0;0;0;0;0;0;0;0;0;0;0;0;0;0;0;0;0;0;0;0;0;0;0;0;0;0;0;0;0;0;0;0;0;0;100;0
B;1;RUNTRANS1B_17,jpg;0;0;0;0;0;0;0;0;0;0;0;0;0;0;0;0;0;0;0;0;0;0;0;0;0;0;13,889;0;0;0;0;0;0;0;0;0;0;86,111;0
B;1;RUNTRANS1B_18,jpg;0;0;0;0;0;0;2,778;0;0;0;0;0;0;0;0;0;0;0;0;0;0;0;0;0;0;0;0;0;0;0;0;0;0;0;0;0;0;97,222;0
B;1;RUNTRANS1B_19,jpg;0;0;0;0;0;0;2,77797222;0;0;0;0;0;0;0;0;0;0;0;0;0;0;0;0;0;0;0;5,555944441;0;0;0;0;0;2,77797222;0;0;0;0;88,88811112;0
B;1;RUNTRANS1B_20,jpg;0;0;0;0;0;0;0;0;0;0;0;0;0;0;0;0;0;0;0;0;0;0;0;0;0;0;5,556;0;0;0;0;0;0;0;0;0;0;94,444;0
C;1;RUNTRANS1C_01,jpg;0;0;0;0;0;0;0;0;0;0;0;0;0;0;0;0;0;0;0;0;0;0;0;0;0;0;8,333;0;0;0;0;0;0;0;0;0;0;91,667;0
C;1;RUNTRANS1C_02,jpg;0;0;0;0;0;0;0;0;0;0;0;0;0;0;0;0;0;0;0;0;0;0;0;0;0;0;0;0;0;2,77797222;5,555944441;0;0;0;0;0;0;91,66608334;0
C;1;RUNTRANS1C_03,jpg;0;0;0;0;0;0;0;0;0;0;0;0;0;0;0;0;0;0;0;0;0;0;0;0;0;0;0;0;0;2,778;0;0;0;0;0;0;0;97,222;0
C;1;RUNTRANS1C_04,jpg;0;0;0;0;0;0;0;0;0;0;0;0;0;0;0;0;0;0;0;0;0;0;0;0;0;0;0;0;0;0;0;0;0;0;0;0;0;100;0
C;1;RUNTRANS1C_05,jpg;0;0;0;0;0;0;0;0;0;0;0;0;0;0;0;0;0;0;0;0;0;0;0;0;0;0;0;0;0;8,333;0;0;0;0;0;0;2,778;88,889;0
C;1;RUNTRANS1C_06,jpg;0;0;0;0;0;0;0;0;0;0;0;0;0;0;0;0;0;0;0;0;0;0;0;0;0;0;8,333;0;0;0;0;0;0;2,778;0;0;0;88,889;0
C;1;RUNTRANS1C_07,jpg;2,77797222;0;0;0;0;0;0;0;0;0;0;0;0;0;0;0;0;0;0;0;0;0;0;0;0;0;0;0;0;5,555944441;2,77797222;0;0;0;0;0;0;88,88811112;0
C;1;RUNTRANS1C_08,jpg;0;0;0;0;0;0;0;0;0;0;0;0;0;0;0;0;0;0;0;0;0;0;0;0;0;0;0;0;0;0;2,778;0;0;0;0;0;0;97,222;0
C;1;RUNTRANS1C_09,jpg;0;0;0;0;0;0;0;0;0;0;0;0;0;0;0;0;0;0;0;0;0;0;0;0;0;0;0;0;0;0;0;0;0;0;0;0;0;100;0
C;1;RUNTRANS1C_10,jpg;0;0;0;0;0;0;0;0;0;0;0;0;0;0;0;0;5,555944441;0;0;0;0;0;0;0;0;0;0;0;0;2,77797222;2,77797222;0;0;0;0;0;0;88,88811112;0
C;1;RUNTRANS1C_11,jpg;0;0;0;0;0;0;0;0;0;0;0;0;0;0;0;0;11,42848327;0;0;0;0;0;0;0;0;0;0;0;0;11,42848327;2,85737796;0;0;0;0;0;0;74,28565551;0
C;1;RUNTRANS1C_12,jpg;0;0;0;0;0;0;0;0;0;0;0;0;0;0;0;0;0;0;0;0;0;0;0;0;0;0;0;0;0;2,778;0;0;0;0;0;0;0;97,222;0
C;1;RUNTRANS1C_13,jpg;0;0;0;0;0;0;0;0;0;0;0;0;0;0;0;0;12,49985938;0;0;0;0;0;0;0;0;0;0;0;0;18,75035156;3,125246093;0;0;0;0;0;28,12496484;37,49957813;0
C;1;RUNTRANS1C_14,jpg;0;0;0;0;0;0;0;0;0;0;0;0;0;0;0;0;2,778;0;0;0;0;0;0;0;0;0;0;0;0;19,444;8,333;0;0;0;0;0;2,778;66,667;0
C;1;RUNTRANS1C_15,jpg;0;0;0;0;0;0;0;0;0;0;0;0;0;0;0;0;0;0;0;0;0;0;0;0;0;0;0;0;0;61,111;5,556;0;0;0;0;0;25;8,333;0
C;1;RUNTRANS1C_16,jpg;0;0;0;0;0;0;0;0;0;0;0;0;0;0;0;0;6,061002749;0;0;0;0;0;0;0;0;0;0;0;0;45,45424794;0;0;0;0;0;0;18,18191735;30,30283196;0
C;1;RUNTRANS1C_17,jpg;0;0;0;0;0;0;0;0;0;0;0;0;0;0;0;0;2,941394462;0;0;0;0;0;0;0;0;0;0;0;0;8,82312457;2,941394462;0;0;0;0;0;0;85,29408651;0
C;1;RUNTRANS1C_18,jpg;0;0;0;0;0;0;0;0;0;0;0;0;0;0;0;0;0;0;0;0;0;0;0;0;0;0;0;0;0;2,778;2,778;0;0;0;0;0;0;94,444;0
C;1;RUNTRANS1C_19,jpg;0;0;0;0;0;0;0;0;0;0;0;0;0;0;0;0;0;0;0;0;0;0;0;0;0;0;0;0;0;14,28586122;2,85737796;0;0;0;0;0;11,42848327;71,42827755;0
C;1;RUNTRANS1C_20,jpg;0;0;0;0;0;0;0;0;0;0;0;0;0;0;0;0;2,941394462;0;0;23,52903806;0;0;0;0;0;0;0;0;0;20,5876436;5,882788925;0;0;0;0;0;29,41182699;17,64730796;0
A;2;RUNTRANS2A_01,jpg;0;0;0;0;0;0;0;0;0;0;0;0;0;0;0;0;2,941394462;2,941394462;2,941394462;0;0;0;0;0;5,882788925;0;0;0;0;23,52903806;0;0;0;0;0;0;8,82312457;52,94086505;0
A;2;RUNTRANS2A_02,jpg;0;9,090611568;0;0;0;0;0;0;0;0;0;0;0;0;0;0;6,06113499;0;0;0;0;0;0;0;0;0;6,06113499;0;0;9,090611568;0;0;0;0;0;0;21,21179063;48,48471625;0
A;2;RUNTRANS2A_03,jpg;0;0;0;11,11111111;0;0;0;0;0;0;0;0;0;0;0;0;33,33333333;0;0;0;0;0;0;0;0;0;0;0;0;19,44419444;0;0;0;0;0;0;2,77802778;33,33333333;0
A;2;RUNTRANS2A_04,jpg;0;0;0;42,85714286;0;0;0;0;0;0;2,85734857;0;0;0;0;0;0;0;0;0;0;0;0;0;0;0;0;8,571017146;0;8,571017146;0;0;2,85734857;0;0;0;2,85734857;31,42877714;0
A;2;RUNTRANS2A_05,jpg;0;0;0;22,85720163;0;0;2,85740735;0;0;0;0;0;0;0;0;0;19,99979428;0;0;0;0;0;0;0;0;0;0;0;2,85740735;14,28600817;0;0;8,571193466;0;0;0;8,571193466;19,99979428;0
A;2;RUNTRANS2A_06,jpg;0;0;0;0;0;0;0;0;0;0;0;0;0;0;0;0;5,555944441;0;0;5,555944441;0;0;0;0;0;0;0;0;0;44,44355556;0;0;0;0;0;0;16,66683333;27,77772222;0
A;2;RUNTRANS2A_07,jpg;0;0;0;0;0;0;0;0;0;0;0;0;0;0;0;0;3,030534434;0;0;3,030534434;0;0;0;0;0;0;0;0;0;36,3631405;0;0;0;0;0;0;0;57,57579063;0
A;2;RUNTRANS2A_08,jpg;0;0;0;0;0;0;0;0;0;0;0;0;0;0;0;0;5,714755919;0;0;0;0;0;0;0;0;0;0;0;0;8,571105305;0;0;0;0;0;0;11,42848327;74,28565551;0
A;2;RUNTRANS2A_09,jpg;0;0;0;0;0;0;0;0;0;0;0;0;0;0;0;0;5,71469714;5,71469714;0;0;0;0;0;0;0;0;11,42836572;0;0;2,85734857;0;0;0;0;0;0;0;74,28489144;0
A;2;RUNTRANS2A_10,jpg;0;0;0;0;0;0;0;0;0;0;0;0;0;0;0;0;11,11088889;2,77797222;0;0;0;0;0;0;2,77797222;0;0;0;2,77797222;22,22177778;0;0;2,77797222;0;0;0;2,77797222;52,77747223;0
A;2;RUNTRANS2A_11,jpg;0;0;0;0;0;0;0;0;0;0;2,85734857;0;0;0;0;0;2,85734857;0;0;0;0;0;0;0;5,71469714;0;8,571017146;0;0;5,71469714;0;0;0;0;0;0;0;74,28489144;0
A;2;RUNTRANS2A_12,jpg;0;0;0;0;0;0;0;0;0;0;0;0;0;0;0;0;0;2,941363319;0;0;0;0;0;0;0;0;5,882726637;0;0;11,76439447;0;0;2,941363319;0;0;0;5,882726637;70,58742562;0
A;2;RUNTRANS2A_13,jpg;0;0;0;0;0;0;0;0;0;0;0;0;25;0;0;0;0;0;0;0;0;0;0;0;0;0;0;0;0;16,667;0;0;0;0;0;0;0;58,333;0
A;2;RUNTRANS2A_14,jpg;0;0;0;0;0;0;0;0;0;0;0;0;2,778;0;0;0;0;0;0;0;2,778;0;0;0;0;0;19,444;0;0;2,778;0;0;0;0;0;0;2,778;69,444;0
A;2;RUNTRANS2A_15,jpg;0;0;0;5,714638361;0;0;0;0;0;0;0;0;0;0;0;0;0;0;0;0;5,714638361;0;0;0;0;0;5,714638361;0;0;37,14206369;0;0;0;0;0;0;2,85731918;42,85670205;0
A;2;RUNTRANS2A_16,jpg;0;0;0;5,882726637;0;0;0;0;0;0;0;0;0;0;0;0;0;2,941363319;0;0;2,941363319;0;0;0;0;0;2,941363319;0;0;44,11727336;0;0;0;0;0;0;0;41,17591004;0
A;2;RUNTRANS2A_17,jpg;0;0;0;5,71469714;0;0;0;0;0;0;0;0;0;0;0;0;0;2,85734857;0;5,71469714;0;0;0;0;0;0;8,571017146;0;0;11,42836572;0;0;0;0;0;0;2,85734857;62,85652572;0
A;2;RUNTRANS2A_18,jpg;0;0;0;11,11088889;0;0;0;0;0;0;0;0;0;0;2,77797222;0;2,77797222;0;0;0;2,77797222;0;0;0;0;0;0;0;0;5,555944441;0;0;0;0;0;0;0;72,22127779;2,77797222
A;2;RUNTRANS2A_19,jpg;0;0;0;0;0;0;0;0;0;0;0;0;0;0;0;0;0;0;0;0;0;0;0;0;0;0;28,57172245;0;2,85737796;8,571105305;0;0;0;0;0;0;0;59,99979429;0
A;2;RUNTRANS2A_20,jpg;0;0;0;2,85734857;0;0;0;0;0;0;0;0;0;0;0;0;28,57142857;0;0;0;2,85734857;0;0;0;0;0;8,571017146;0;0;5,71469714;0;0;2,85734857;0;0;0;0;48,57081143;0
B;2;RUNTRANS2B_01,jpg;0;0;0;0;0;0;0;0;0;0;0;0;0;0;0;0;2,778;8,333;0;0;0;0;0;0;0;0;0;0;0;41,667;0;0;0;0;0;0;19,444;27,778;0
B;2;RUNTRANS2B_02,jpg;0;0;0;0;0;0;0;0;0;0;0;0;0;0;0;0;0;0;0;0;0;0;0;0;0;0;2,85734857;0;0;14,28571429;0;0;0;0;0;0;2,85734857;79,99958857;0
B;2;RUNTRANS2B_03,jpg;0;0;0;17,14288653;0;0;0;0;0;0;0;0;0;0;0;0;2,85731918;0;0;0;0;0;0;0;0;0;11,42824817;0;0;31,42845388;0;0;2,85731918;0;0;0;5,714638361;28,5711347;0
B;2;RUNTRANS2B_04,jpg;0;0;0;8,333083331;0;0;0;0;0;0;0;0;0;0;0;0;0;0;0;0;0;0;0;0;0;0;0;0;2,77802778;11,11111111;0;0;8,333083331;0;0;0;11,11111111;58,33358334;0
B;2;RUNTRANS2B_05,jpg;0;0;0;0;0;0;0;0;0;0;0;0;0;0;0;0;17,14306286;2,85734857;0;0;0;0;0;0;0;0;2,85734857;0;0;11,42836572;0;0;0;0;0;0;0;65,71387429;0
B;2;RUNTRANS2B_06,jpg;0;14,70591349;0;5,882788925;0;0;0;0;0;0;0;0;0;0;0;0;14,70591349;11,76451903;0;0;0;0;0;0;0;0;0;0;0;11,76451903;0;0;0;0;0;0;2,941394462;38,23495156;0
B;2;RUNTRANS2B_07,jpg;0;0;0;0;0;0;0;0;0;0;0;0;0;0;0;0;0;2,778;0;0;0;0;0;0;0;0;0;0;0;25;0;0;0;0;0;0;0;72,222;0
B;2;RUNTRANS2B_08,jpg;0;0;8,333;0;0;0;0;0;0;0;0;0;0;0;0;0;16,667;16,667;0;0;0;0;0;0;0;0;0;0;0;27,778;0;0;0;0;0;0;8,333;22,222;0
B;2;RUNTRANS2B_09,jpg;0;5,714755919;0;0;0;0;0;0;0;0;0;0;0;0;0;0;8,571105305;14,28586122;0;0;0;0;0;0;0;0;0;0;0;8,571105305;0;0;0;0;0;0;19,99958857;42,85758367;0
B;2;RUNTRANS2B_10,jpg;0;0;0;0;0;0;0;0;0;0;0;0;0;0;0;0;12,49971875;0;0;0;0;0;0;0;0;0;3,125210935;0;0;18,75014062;0;0;0;0;0;0;3,125210935;62,49971875;0
B;2;RUNTRANS2B_11,jpg;0;0;0;0;0;0;0;0;0;0;0;0;0;0;0;0;0;2,778;0;0;0;0;0;0;0;0;2,778;0;0;25;0;0;0;0;0;0;19,444;50;0
B;2;RUNTRANS2B_12,jpg;0;0;2,941363319;2,941363319;0;0;0;2,941363319;0;0;0;0;0;0;0;0;0;0;0;0;0;0;0;0;0;0;2,941363319;0;0;14,70575779;0;0;0;0;0;0;5,882726637;67,6460623;0
B;2;RUNTRANS2B_13,jpg;3,125246093;0;0;0;0;0;0;0;0;0;0;0;0;0;0;0;0;0;0;0;0;0;0;0;0;0;0;0;0;12,49985938;0;0;0;0;0;0;6,250492187;78,12440234;0
B;2;RUNTRANS2B_14,jpg;0;0;0;0;0;0;0;0;0;0;0;0;0;0;0;0;0;0;0;2,941425607;0;0;0;0;0;0;0;0;0;23,5292872;0;0;11,7646436;0;0;0;23,5292872;38,2353564;0
B;2;RUNTRANS2B_15,jpg;0;0;0;0;0;0;0;0;0;0;0;0;0;0;0;0;3,125210935;15,62492969;0;0;0;0;0;0;0;0;0;0;0;18,75014062;0;0;6,25042187;0;0;0;37,49915626;18,75014062;0
B;2;RUNTRANS2B_16,jpg;0;0;0;0;0;0;0;0;0;0;0;0;0;0;0;0;23,52903806;2,941394462;0;0;2,941394462;0;0;0;0;0;0;0;11,76451903;17,64730796;0;0;0;0;0;0;14,70591349;26,47043253;0
B;2;RUNTRANS2B_17,jpg;0;0;0;0;0;0;0;0;0;0;0;0;0;0;0;0;8,333;0;0;0;0;0;0;0;0;0;0;0;0;19,444;0;0;2,778;0;0;0;13,889;55,556;0
B;2;RUNTRANS2B_18,jpg;0;0;0;0;0;0;0;0;0;0;0;0;0;0;0;0;0;2,85734857;0;0;0;0;0;0;0;0;5,71469714;0;0;28,57142857;0;0;8,571017146;0;0;0;5,71469714;48,57081143;0
B;2;RUNTRANS2B_19,jpg;0;0;0;0;0;0;0;0;0;0;0;0;0;0;0;0;5,555944441;0;0;0;0;0;0;0;0;0;5,555944441;0;0;44,44355556;0;0;0;0;0;0;2,77797222;41,66658333;0
B;2;RUNTRANS2B_20,jpg;0;0;0;0;0;0;0;0;0;0;0;0;0;0;0;0;22,85696653;0;0;0;0;0;0;2,85737796;0;0;5,714755919;0;0;19,99958857;0;0;0;0;0;0;8,571105305;40,00020571;0
C;2;RUNTRANS2C_01,jpg;0;0;0;0;0;0;0;0;0;0;0;0;0;0;0;0;5,71469714;0;0;0;0;0;0;0;0;0;0;0;0;19,99938286;0;0;0;0;0;0;17,14306286;57,14285714;0
C;2;RUNTRANS2C_02,jpg;0;0;0;0;0;0;0;0;0;0;0;0;0;0;0;0;16,667;0;0;0;0;0;0;0;0;0;0;0;0;44,444;0;0;0;0;0;0;0;38,889;0
C;2;RUNTRANS2C_03,jpg;0;0;0;0;0;0;0;0;0;0;0;0;0;0;0;0;0;0;0;0;0;0;0;0;0;0;0;0;0;33,33333333;0;0;0;0;0;0;19,44419444;47,22247222;0
C;2;RUNTRANS2C_04,jpg;0;0;0;2,77797222;0;0;0;0;0;0;0;0;0;0;0;0;0;0;0;0;0;0;0;0;0;0;0;0;0;30,55569444;0;0;0;0;0;0;11,11088889;52,77747223;2,77797222
C;2;RUNTRANS2C_05,jpg;0;0;0;0;0;0;0;0;0;0;0;0;0;0;0;0;0;0;0;0;0;0;0;0;0;0;0;0;2,941394462;38,23495156;0;0;2,941394462;0;0;0;14,70591349;41,17634602;0
C;2;RUNTRANS2C_06,jpg;0;0;0;0;0;0;0;0;0;0;0;0;0;0;0;0;0;2,85734857;0;0;0;0;0;0;0;0;0;0;0;37,14244572;0;0;0;0;0;0;28,57142857;31,42877714;0
C;2;RUNTRANS2C_07,jpg;0;0;0;3,030534434;0;0;0;0;0;0;0;0;0;0;0;0;6,061068869;6,061068869;0;0;0;0;0;0;0;0;9,090512398;0;0;15,15158127;0;0;0;0;0;0;9,090512398;51,51472176;0
C;2;RUNTRANS2C_08,jpg;0;0;0;0;0;0;0;0;0;0;0;0;0;0;0;0;8,332916671;13,88886111;0;0;0;0;0;0;0;0;0;2,77797222;0;30,55569444;0;0;2,77797222;0;0;0;5,555944441;36,11063889;0
C;2;RUNTRANS2C_09,jpg;0;0;0;0;0;0;0;0;0;0;0;0;0;0;0;0;0;0;0;0;0;0;0;0;0;0;0;0;0;5,556;0;0;0;0;0;0;11,111;83,333;0
C;2;RUNTRANS2C_10,jpg;0;0;0;0;0;0;0;0;0;0;0;0;0;0;0;0;0;0;0;0;0;0;0;0;0;0;0;0;0;22,222;0;0;0;0;0;0;2,778;75;0
C;2;RUNTRANS2C_11,jpg;2,85731918;0;0;5,714638361;0;0;2,85731918;0;0;0;0;0;0;0;0;0;5,714638361;0;0;0;0;0;0;0;0;0;5,714638361;0;0;8,570928989;0;0;11,42824817;0;0;0;17,14288653;39,99938287;0
C;2;RUNTRANS2C_12,jpg;0;0;0;2,778;0;0;0;0;0;0;0;0;0;0;0;0;11,111;0;0;0;0;0;0;0;0;0;0;0;0;11,111;0;0;0;0;0;0;16,667;58,333;0
C;2;RUNTRANS2C_13,jpg;0;0;2,778;0;0;0;0;0;0;0;0;0;0;0;0;0;0;36,111;0;0;0;0;0;0;0;0;0;0;8,333;16,667;0;0;2,778;0;0;0;0;33,333;0
C;2;RUNTRANS2C_14,jpg;0;0;0;8,571105305;0;0;0;0;0;0;0;0;0;0;0;0;0;11,42848327;0;0;0;0;0;0;45,71393306;0;2,85737796;0;0;0;0;0;0;0;0;0;5,714755919;25,71434449;0
C;2;RUNTRANS2C_15,jpg;0;0;0;2,85731918;0;0;0;0;0;0;0;0;0;0;0;0;0;0;0;17,14288653;0;0;0;0;0;0;5,714638361;0;0;17,14288653;0;0;0;0;0;0;2,85731918;54,28495022;0
C;2;RUNTRANS2C_16,jpg;0;0;0;17,14288653;0;0;0;0;0;0;0;0;0;0;0;0;0;0;0;17,14288653;0;0;0;0;0;0;5,714638361;0;0;0;0;0;2,85731918;0;0;0;2,85731918;54,28495022;0
C;2;RUNTRANS2C_17,jpg;0;0;0;0;0;0;0;0;0;5,882726637;0;0;0;0;0;0;0;0;0;0;0;0;0;0;0;0;0;0;2,941363319;14,70575779;0;0;5,882726637;0;0;0;11,76439447;58,82303115;0
C;2;RUNTRANS2C_18,jpg;0;0;0;0;0;0;0;0;0;0;0;0;0;0;0;0;0;0;0;0;0;0;0;0;0;0;8,82312457;0;0;32,35322145;0;0;0;0;0;0;14,70591349;44,11774048;0
C;2;RUNTRANS2C_19,jpg;0;0;0;0;0;0;0;0;0;0;0;0;0;0;0;0;8,332916671;2,77797222;0;0;0;0;0;0;0;0;5,555944441;0;0;5,555944441;0;0;0;0;0;0;0;74,99925001;2,77797222
C;2;RUNTRANS2C_20,jpg;0;0;0;0;0;0;0;0;0;0;0;0;0;0;0;0;2,941363319;0;0;0;0;0;0;0;0;0;2,941363319;0;2,941363319;29,41151558;0;0;0;0;0;0;2,941363319;58,82303115;0
A;3;RUNTRANS3A_01,jpg;0;0;0;0;0;0;0;0;0;0;0;0;0;0;0;0;2,778;2,778;0;0;0;0;0;0;0;0;2,778;0;0;44,444;0;0;0;0;0;0;25;19,444;2,778
A;3;RUNTRANS3A_02,jpg;0;0;0;0;0;0;0;0;0;0;0;0;0;0;0;0;0;0;0;0;0;0;0;0;2,778;0;0;0;0;50;0;0;0;0;0;0;8,333;38,889;0
A;3;RUNTRANS3A_03,jpg;0;0;0;0;0;0;0;0;0;0;0;0;0;0;0;0;0;0;0;0;0;0;0;0;5,555944441;0;2,77797222;0;0;41,66658333;0;0;0;0;0;0;0;49,9995;0
A;3;RUNTRANS3A_04,jpg;0;0;0;0;0;0;0;0;0;0;0;0;0;0;0;0;27,77772222;0;0;11,11088889;0;0;0;0;0;0;0;2,77797222;0;13,88886111;0;0;0;0;0;0;2,77797222;41,66658333;0
A;3;RUNTRANS3A_05,jpg;0;0;0;0;0;0;0;0;0;0;0;0;0;0;0;0;0;0;0;0;0;0;0;0;0;0;2,77797222;0;0;47,22152778;0;0;2,77797222;0;0;0;5,555944441;41,66658333;0
A;3;RUNTRANS3A_06,jpg;0;0;0;0;0;0;0;0;0;0;0;0;0;0;0;0;0;0;0;44,11820762;0;0;0;0;0;0;0;0;0;26,4707128;0;0;0;0;0;0;8,823217992;20,58786159;0
A;3;RUNTRANS3A_07,jpg;0;0;0;0;0;0;0;0;0;0;0;0;0;0;0;0;0;0;0;0;0;0;0;0;0;0;0;0;0;44,444;0;0;0;0;0;0;27,778;27,778;0
A;3;RUNTRANS3A_08,jpg;0;0;0;0;0;0;0;0;0;0;0;0;0;0;0;0;40,62482422;0;0;0;0;0;0;0;0;0;0;0;0;21,87447266;0;0;0;0;0;0;3,125246093;34,37545703;0
A;3;RUNTRANS3A_09,jpg;0;0;0;0;0;0;0;0;0;0;0;0;0;0;0;0;19,99938286;0;0;0;0;0;0;0;0;0;0;0;2,85734857;31,42877714;0;0;0;0;0;0;5,71469714;39,99979429;0
A;3;RUNTRANS3A_10,jpg;0;2,77797222;0;0;0;0;0;0;0;0;0;0;0;0;0;0;13,88886111;0;0;0;0;0;0;0;0;0;0;0;5,555944441;22,22177778;0;0;0;0;0;0;0;55,55544445;0
A;3;RUNTRANS3A_11,jpg;0;23,52903806;0;0;0;0;0;0;0;0;0;0;0;0;0;0;2,941394462;0;0;0;0;0;0;0;0;0;0;0;0;29,41182699;0;0;0;0;0;0;29,41182699;14,70591349;0
A;3;RUNTRANS3A_12,jpg;0;0;0;0;0;0;2,941425607;0;0;0;0;0;0;0;0;0;0;0;0;23,5292872;0;0;0;0;0;0;0;0;0;52,94142561;0;0;0;0;0;0;20,58786159;0;0
A;3;RUNTRANS3A_13,jpg;0;0;0;0;0;0;0;0;0;0;0;0;0;0;0;0;0;0;0;14,70591349;0;0;0;0;0;0;17,64730796;0;0;17,64730796;0;0;0;2,941394462;0;0;0;47,05807613;0
A;3;RUNTRANS3A_14,jpg;0;35,29393079;0;0;0;0;0;0;0;0;0;0;0;0;0;0;0;0;0;0;0;0;0;0;0;0;0;0;0;20,58786159;0;0;0;0;0;0;5,882851213;38,2353564;0
A;3;RUNTRANS3A_15,jpg;0;5,555944441;0;0;0;0;0;0;0;0;0;0;0;0;0;0;0;0;0;0;0;0;0;0;0;0;0;0;0;41,66658333;0;0;0;0;0;0;5,555944441;44,44355556;2,77797222
A;3;RUNTRANS3A_16,jpg;0;0;0;3,030534434;0;0;0;0;0;0;0;0;0;0;0;0;0;0;0;0;0;0;0;0;0;0;0;0;0;72,7273719;0;0;0;0;0;0;9,090512398;15,15158127;0
A;3;RUNTRANS3A_17,jpg;0;0;0;2,77797222;0;0;0;0;0;2,77797222;0;0;0;0;0;0;0;0;0;0;0;2,77797222;0;0;0;0;0;0;0;38,88861111;0;0;0;0;0;0;22,22177778;30,55569444;0
A;3;RUNTRANS3A_18,jpg;0;5,555888882;5,555888882;2,777944441;0;0;5,555888882;0;5,555888882;0;0;0;0;0;0;0;0;0;0;0;0;0;0;0;0;0;0;5,555888882;0;22,22155557;0;0;0;0;0;0;2,777944441;44,44311114;0
A;3;RUNTRANS3A_19,jpg;0;0;0;0;0;0;5,555944441;5,555944441;0;0;0;0;0;0;0;0;0;2,77797222;0;0;0;0;0;0;0;0;0;0;0;44,44355556;0;0;0;0;0;0;5,555944441;36,11063889;0
A;3;RUNTRANS3A_20,jpg;0;0;0;0;0;0;0;0;0;0;0;0;0;0;0;0;0;0;0;0;2,85737796;0;0;0;0;0;0;0;0;48,57131102;0;0;0;0;0;0;11,42848327;37,14282776;0
B;3;RUNTRANS3B_01,jpg;0;5,71469714;0;0;0;0;0;0;0;0;0;0;0;0;0;0;39,99979429;0;0;0;0;0;0;0;0;0;0;0;0;17,14306286;0;0;0;0;0;0;19,99938286;17,14306286;0
B;3;RUNTRANS3B_02,jpg;0;0;0;0;0;0;0;0;0;0;0;0;0;0;0;0;28,57142857;0;0;0;0;0;0;0;0;0;0;0;0;31,42877714;0;0;0;0;0;0;2,85734857;37,14244572;0
B;3;RUNTRANS3B_03,jpg;0;0;0;0;0;0;0;0;0;0;0;0;0;0;0;0;18,18191735;0;0;0;0;0;0;0;0;0;0;0;0;45,45424794;0;0;0;0;0;0;18,18191735;18,18191735;0
B;3;RUNTRANS3B_04,jpg;0;0;0;5,555944441;0;0;0;0;0;0;0;0;0;0;0;0;0;0;0;0;0;0;0;0;0;0;0;0;0;22,22177778;0;0;0;0;0;0;5,555944441;66,66633334;0
B;3;RUNTRANS3B_05,jpg;0;18,75035156;0;0;0;0;0;0;0;0;0;0;0;0;0;0;0;0;0;0;0;0;0;0;0;0;0;0;0;18,75035156;0;0;0;0;0;0;37,49957813;24,99971875;0
B;3;RUNTRANS3B_06,jpg;0;0;0;0;0;0;0;0;0;0;0;0;0;0;0;0;0;0;0;50;0;0;0;0;0;0;0;0;0;13,889;0;0;0;0;0;0;8,333;27,778;0
B;3;RUNTRANS3B_07,jpg;0;0;0;0;0;0;0;0;0;0;0;0;0;0;0;0;0;0;0;54,28606694;0;0;0;0;0;0;0;0;0;11,42848327;0;0;0;0;0;0;0;34,2854498;0
B;3;RUNTRANS3B_08,jpg;0;0;0;21,21179063;0;0;0;0;0;0;0;0;0;0;0;0;0;0;0;0;0;0;0;0;0;0;0;0;0;24,24235813;0;0;0;0;0;0;15,15174656;39,39410468;0
B;3;RUNTRANS3B_09,jpg;0;0;0;28,57172245;0;0;0;0;0;0;0;0;0;0;0;0;19,99958857;0;0;0;0;0;0;0;0;0;0;2,85737796;0;14,28586122;0;0;0;0;0;0;8,571105305;25,71434449;0
B;3;RUNTRANS3B_10,jpg;0;47,222;0;0;0;0;0;0;0;0;0;0;0;0;0;0;22,222;0;0;2,778;0;0;0;0;0;0;0;0;0;5,556;0;0;0;0;0;0;2,778;19,444;0
B;3;RUNTRANS3B_11,jpg;0;17,64730796;0;0;0;0;0;0;0;0;0;0;0;0;0;0;20,5876436;0;0;26,47043253;0;0;0;0;0;0;0;0;0;14,70591349;0;0;0;0;0;0;2,941394462;17,64730796;0
B;3;RUNTRANS3B_12,jpg;0;19,444;0;0;0;0;0;0;0;0;0;0;0;0;0;0;0;0;0;0;0;0;0;0;0;0;0;0;0;22,222;0;0;0;0;0;0;27,778;30,556;0
B;3;RUNTRANS3B_13,jpg;0;13,889;0;0;0;0;0;0;0;0;0;0;0;0;0;0;2,778;0;0;25;0;0;0;0;0;0;0;0;0;16,667;0;0;0;0;0;0;8,333;33,333;0
B;3;RUNTRANS3B_14,jpg;0;0;0;2,77797222;0;0;0;0;0;0;0;0;0;0;0;0;5,555944441;0;0;22,22177778;0;0;0;0;0;0;0;0;0;16,66683333;0;0;0;0;0;0;16,66683333;36,11063889;0
B;3;RUNTRANS3B_15,jpg;0;5,71469714;0;0;0;0;0;0;0;0;0;0;0;0;0;0;0;0;0;51,42816;0;0;0;0;0;0;0;0;0;17,14306286;0;0;0;0;0;0;5,71469714;19,99938286;0
B;3;RUNTRANS3B_16,jpg;0;5,71469714;0;0;0;0;0;0;0;0;0;0;0;0;0;0;8,571017146;0;0;0;0;0;0;0;0;0;0;2,85734857;5,71469714;25,71408;0;0;0;0;0;0;17,14306286;34,28509715;0
B;3;RUNTRANS3B_17,jpg;0;0;0;0;0;0;0;0;0;0;0;0;0;0;0;0;2,85734857;0;0;0;0;0;5,71469714;0;0;0;0;0;0;59,99917715;0;0;0;0;0;0;17,14306286;14,28571429;0
B;3;RUNTRANS3B_18,jpg;0;2,941394462;0;0;0;0;0;0;0;0;0;0;0;0;0;0;35,2935571;0;0;0;0;0;0;0;0;0;0;0;0;26,47043253;0;0;0;0;0;0;17,64730796;17,64730796;0
B;3;RUNTRANS3B_19,jpg;0;2,941363319;0;0;0;0;0;0;0;0;0;0;0;0;0;0;2,941363319;0;0;0;0;0;0;0;0;0;0;0;0;32,35287889;0;0;2,941363319;0;0;0;29,41151558;26,47015226;2,941363319
B;3;RUNTRANS3B_20,jpg;0;22,85696653;0;0;0;0;0;0;0;0;0;0;0;0;0;0;0;0;0;0;0;0;0;0;0;0;0;0;0;71,42827755;0;0;0;0;0;0;5,714755919;0;0
C;3;RUNTRANS3C_01,jpg;0;0;0;0;0;0;0;0;0;0;0;0;0;0;0;0;5,882788925;0;0;14,70591349;0;0;0;0;0;0;0;0;0;14,70591349;0;0;0;0;0;0;20,5876436;44,11774048;0
C;3;RUNTRANS3C_02,jpg;0;0;0;0;5,555944441;0;0;0;0;0;0;0;0;0;0;0;0;0;0;11,11088889;0;0;0;0;0;0;2,77797222;0;0;13,88886111;0;0;0;0;0;0;41,66658333;24,99975;0
C;3;RUNTRANS3C_03,jpg;0;0;0;0;0;0;0;0;0;0;0;0;0;0;0;0;0;0;0;2,85734857;0;0;0;0;0;0;0;0;0;31,42877714;0;0;0;0;0;0;11,42836572;54,28550857;0
C;3;RUNTRANS3C_04,jpg;0;0;0;0;0;0;0;0;0;0;0;0;0;0;0;0;0;0;0;12,12117906;0;0;0;0;0;0;0;0;0;27,27292562;0;0;0;0;0;0;12,12117906;48,48471625;0
C;3;RUNTRANS3C_05,jpg;0;0;0;0;0;0;0;0;0;0;0;0;0;0;0;0;0;0;0;0;0;0;2,941394462;0;0;0;0;0;0;2,941394462;0;0;0;0;0;0;52,94086505;41,17634602;0
C;3;RUNTRANS3C_06,jpg;0;27,27292562;0;0;0;0;0;0;0;0;0;0;0;0;0;0;0;0;0;0;0;0;0;0;0;0;0;0;0;24,24235813;0;0;0;0;0;0;27,27292562;21,21179063;0
C;3;RUNTRANS3C_07,jpg;0;0;0;0;0;0;0;0;0;0;0;0;0;0;0;0;5,71469714;5,71469714;0;0;0;0;0;0;0;0;0;0;0;25,71408;0;0;0;0;0;0;25,71408;37,14244572;0
C;3;RUNTRANS3C_08,jpg;0;0;0;0;0;0;0;0;0;0;2,941394462;0;0;0;0;0;8,82312457;20,5876436;0;0;0;0;0;0;0;0;2,941394462;0;0;5,882788925;0;0;2,941394462;0;0;0;14,70591349;41,17634602;0
C;3;RUNTRANS3C_09,jpg;0;0;0;0;0;0;0;0;2,77797222;0;2,77797222;0;0;0;0;0;5,555944441;0;0;0;0;0;0;0;0;0;0;0;0;13,88886111;0;0;0;0;0;0;24,99975;49,9995;0
C;3;RUNTRANS3C_10,jpg;0;0;0;0;0;0;0;0;0;0;0;0;0;0;0;0;2,941394462;0;0;0;0;0;0;0;0;0;0;0;5,882788925;52,94086505;0;0;0;0;0;0;8,82312457;29,41182699;0
C;3;RUNTRANS3C_11,jpg;0;0;0;0;0;0;0;0;0;0;0;0;0;0;0;0;0;0;0;0;0;0;0;0;0;0;2,941394462;0;0;20,5876436;0;0;0;0;0;0;29,41182699;44,11774048;2,941394462
C;3;RUNTRANS3C_12,jpg;0;0;0;0;0;5,555944441;0;0;0;0;0;0;0;0;0;0;0;0;0;0;0;0;0;0;0;0;2,77797222;0;0;24,99975;0;0;0;0;0;0;47,22152778;13,88886111;5,555944441
C;3;RUNTRANS3C_13,jpg;0;0;0;0;0;0;0;2,85734857;0;0;0;0;0;0;0;0;2,85734857;0;0;22,85673143;0;0;0;0;0;0;0;0;0;17,14306286;0;0;11,42836572;0;0;0;17,14306286;25,71408;0
C;3;RUNTRANS3C_14,jpg;0;0;0;0;0;0;0;0;0;0;0;0;0;0;0;0;0;0;0;0;0;0;0;0;2,77797222;0;2,77797222;0;0;27,77772222;0;0;0;0;0;0;11,11088889;55,55544445;0
C;3;RUNTRANS3C_15,jpg;0;0;0;0;0;0;0;0;5,714638361;0;0;0;0;0;0;0;2,85731918;0;0;0;0;0;0;0;0;0;2,85731918;2,85731918;0;14,28556735;0;0;2,85731918;0;0;0;17,14288653;48,57031186;2,85731918
C;3;RUNTRANS3C_16,jpg;0;0;0;11,42836572;0;0;0;0;0;0;0;0;0;0;0;0;17,14306286;2,85734857;0;0;0;0;0;0;2,85734857;0;0;0;0;14,28571429;0;0;5,71469714;0;0;0;19,99938286;25,71408;0
C;3;RUNTRANS3C_17,jpg;0;0;0;0;0;0;0;0;0;0;2,85734857;0;0;0;0;0;0;8,571017146;0;0;0;0;0;0;0;0;0;0;0;31,42877714;0;0;0;0;0;0;42,85714286;14,28571429;0
C;3;RUNTRANS3C_18,jpg;0;0;0;0;0;0;0;0;0;0;0;0;0;0;0;0;0;0;0;0;0;0;0;0;0;0;0;0;0;33,333;0;0;0;0;0;0;2,778;61,111;2,778
C;3;RUNTRANS3C_19,jpg;0;0;0;0;0;0;0;0;0;0;0;0;0;0;0;0;0;0;0;0;0;0;0;0;11,111;0;0;0;0;22,222;0;0;0;0;0;0;5,556;61,111;0
C;3;RUNTRANS3C_20,jpg;2,777944441;0;0;2,777944441;0;0;0;0;0;0;0;0;0;0;0;0;5,555888882;5,555888882;0;0;0;0;2,777944441;0;0;0;0;0;2,777944441;16,66666667;0;0;0;0;0;0;13,88872223;47,22105558;0
A;4;RUNTRANS4A_01,jpg;0;0;0;0;0;0;0;0;0;0;0;0;0;0;0;0;2,85731918;5,714638361;0;0;5,714638361;0;2,85731918;0;0;0;0;0;0;0;0;0;0;0;0;0;77,14144656;5,714638361;0
A;4;RUNTRANS4A_02,jpg;0;0;0;0;0;0;0;0;0;0;0;0;0;0;0;0;11,76451903;0;0;0;0;2,941394462;0;0;0;0;0;2,941394462;0;8,82312457;0;0;0;0;0;0;29,41182699;44,11774048;0
A;4;RUNTRANS4A_03,jpg;0;0;0;0;0;0;0;0;0;0;0;0;0;0;0;0;0;0;0;0;0;0;0;0;0;0;5,556;0;0;19,444;0;0;0;0;0;0;41,667;33,333;0
A;4;RUNTRANS4A_04,jpg;0;0;0;0;0;0;0;0;0;0;0;12,1209146;0;0;0;0;6,061002749;0;0;0;0;0;0;0;0;0;0;0;0;33,33333333;0;0;0;0;0;0;42,42374656;0;6,061002749
A;4;RUNTRANS4A_05,jpg;0;0;0;0;0;0;0;0;0;0;0;0;0;0;0;0;0;2,941363319;0;0;0;0;0;0;2,941363319;0;2,941363319;0;0;32,35287889;0;0;0;0;0;0;29,41151558;29,41151558;0
A;4;RUNTRANS4A_06,jpg;0;0;0;0;0;0;0;0;2,857289792;0;0;0;0;0;0;0;5,714579583;0;0;11,42813062;0;2,857289792;0;0;0;0;5,714579583;0;0;31,42813062;0;0;0;0;2,857289792;0;31,42813062;5,714579583;0
A;4;RUNTRANS4A_07,jpg;0;0;0;0;0;0;0;0;0;0;0;0;0;0;0;0;0;0;0;19,99958857;0;0;0;0;0;0;5,714755919;0;0;14,28586122;0;0;0;0;11,42848327;0;28,57172245;19,99958857;0
A;4;RUNTRANS4A_08,jpg;0;0;0;0;0;0;0;0;0;0;0;0;0;0;0;0;2,77797222;0;0;0;5,555944441;0;0;0;0;0;2,77797222;0;0;2,77797222;0;0;0;0;5,555944441;0;61,1103889;19,44380556;0
A;4;RUNTRANS4A_09,jpg;0;0;0;0;0;0;0;2,778;0;0;0;0;0;0;0;0;0;2,778;0;0;0;0;0;0;0;0;5,556;0;0;8,333;0;0;2,778;0;0;0;58,333;19,444;0
A;4;RUNTRANS4A_10,jpg;0;0;0;0;0;0;0;0;0;0;0;0;0;0;0;0;2,777944441;2,777944441;0;0;2,777944441;0;0;0;0;0;5,555888882;0;0;13,88872223;0;0;5,555888882;0;0;0;36,11027779;30,55538889;0
A;4;RUNTRANS4A_11,jpg;0;0;2,85731918;0;0;0;0;0;0;0;0;0;0;0;0;0;0;39,99938287;0;0;0;0;0;0;0;0;0;2,85731918;0;5,714638361;0;0;5,714638361;0;0;0;25,71381552;17,14288653;0
A;4;RUNTRANS4A_12,jpg;0;0;0;0;0;0;0;0;0;0;0;0;0;0;0;0;8,82312457;5,882788925;0;0;0;0;0;0;0;0;0;0;0;44,11774048;0;0;0;0;0;0;26,47043253;14,70591349;0
A;4;RUNTRANS4A_13,jpg;0;0;0;0;0;0;0;0;0;2,85734857;0;0;0;0;0;0;14,28571429;11,42836572;0;0;0;0;0;0;5,71469714;0;2,85734857;2,85734857;0;2,85734857;0;0;0;0;0;0;22,85673143;34,28509715;0
A;4;RUNTRANS4A_14,jpg;0;0;0;0;0;0;0;0;0;0;0;0;0;0;0;0;12,12104683;9,090512398;0;0;0;0;0;0;0;0;0;0;0;33,33369697;0;0;3,030534434;0;0;0;36,3631405;3,030534434;3,030534434
A;4;RUNTRANS4A_15,jpg;0;0;0;0;0;0;0;0;0;0;0;0;0;0;0;0;6,45206243;0;0;3,226031215;3,226031215;0;0;0;0;0;0;0;0;67,74084913;0;0;0;0;0;0;16,1289948;3,226031215;0
A;4;RUNTRANS4A_16,jpg;0;0;0;0;0;0;0;0;0;0;2,941394462;0;0;0;0;0;2,941394462;0;0;0;0;0;0;0;0;0;0;0;0;32,35322145;0;0;0;0;2,941394462;0;23,52903806;35,2935571;0
A;4;RUNTRANS4A_17,jpg;0;0;0;0;0;0;0;0;0;0;0;0;0;0;0;0;3,226068679;0;0;0;3,226068679;0;0;0;0;0;0;0;0;74,19377315;0;0;0;0;0;0;9,677044745;9,677044745;0
A;4;RUNTRANS4A_18,jpg;0;0;0;0;0;0;0;0;0;0;0;0;0;0;0;0;0;0;0;0;0;0;0;0;0;0;0;0;0;27,778;0;0;0;0;2,778;0;50;19,444;0
A;4;RUNTRANS4A_19,jpg;0;0;0;0;0;0;0;0;0;0;0;0;0;0;0;0;2,85731918;0;0;0;2,85731918;0;0;0;0;0;0;0;0;5,714638361;0;0;2,85731918;0;5,714638361;0;22,85649634;54,28495022;2,85731918
A;4;RUNTRANS4A_20,jpg;0;0;0;0;0;0;0;0;0;0;0;0;0;0;0;0;5,882788925;0;0;0;0;0;0;0;0;0;0;0;0;2,941394462;0;0;5,882788925;0;2,941394462;0;35,2935571;47,05807613;0
B;4;RUNTRANS4B_01,jpg;0;0;0;0;0;0;0;0;0;0;0;0;0;0;0;0;5,555888882;0;0;0;2,777944441;0;0;0;0;0;0;0;0;5,555888882;0;0;0;0;2,777944441;0;41,66616668;41,66616668;0
B;4;RUNTRANS4B_02,jpg;0;0;0;0;0;0;0;0;0;0;0;0;0;0;0;0;2,778;2,778;0;0;0;0;0;0;0;0;0;0;0;0;0;0;0;0;19,444;0;8,333;66,667;0
B;4;RUNTRANS4B_03,jpg;0;0;0;0;0;0;0;0;0;0;0;0;0;0;0;0;14,70591349;2,941394462;0;0;0;0;0;0;0;0;0;0;0;17,64730796;0;0;0;0;0;0;41,17634602;23,52903806;0
B;4;RUNTRANS4B_04,jpg;0;0;0;0;0;0;0;0;2,941363319;0;0;0;0;0;0;0;2,941363319;0;0;0;2,941363319;0;0;0;0;0;14,70575779;0;0;5,882726637;0;0;0;0;0;0;2,941363319;64,70469898;2,941363319
B;4;RUNTRANS4B_05,jpg;0;0;0;0;0;0;0;0;0;0;0;0;0;0;0;0;0;0;0;0;0;0;0;0;0;0;0;0;0;23,5292872;0;0;0;0;0;0;11,7646436;64,70606921;0
B;4;RUNTRANS4B_06,jpg;0;0;0;0;0;0;0;0;0;0;0;0;0;0;0;0;0;0;0;9,374613282;0;0;0;0;0;0;0;0;0;15,62510547;0;0;0;0;3,125246093;0;31,25021094;40,62482422;0
B;4;RUNTRANS4B_07,jpg;0;0;0;0;0;0;0;0;0;0;0;0;0;0;0;0;27,777;0;0;0;2,778;0;0;0;0;0;0;0;2,778;0;0;0;2,778;0;0;0;41,667;22,222;0
B;4;RUNTRANS4B_08,jpg;0;0;0;0;0;0;0;0;0;0;0;0;0;0;0;0;2,85737796;0;0;37,14282776;5,714755919;0;0;0;0;0;0;0;0;0;0;0;0;0;0;0;8,571105305;45,71393306;0
B;4;RUNTRANS4B_09,jpg;0;0;0;8,571105305;0;0;0;0;0;11,42848327;0;0;0;0;0;0;5,714755919;0;0;0;2,85737796;0;0;0;0;0;0;0;0;0;0;0;0;0;0;0;11,42848327;59,99979429;0
B;4;RUNTRANS4B_10,jpg;0;0;0;3,125210935;0;0;0;0;9,374507819;3,125210935;0;0;0;0;0;0;3,125210935;0;0;0;0;0;0;0;0;0;0;18,75014062;0;15,62492969;0;0;0;0;0;0;15,62492969;31,24985938;0
B;4;RUNTRANS4B_11,jpg;0;0;0;0;0;0;0;0;0;0;0;0;0;0;0;0;2,77797222;0;0;0;0;0;0;0;0;0;2,77797222;0;0;5,555944441;0;0;0;0;2,77797222;0;33,33266667;52,77747223;0
B;4;RUNTRANS4B_12,jpg;0;0;0;0;0;0;0;0;0;2,85731918;0;0;0;0;2,85731918;0;17,14288653;0;0;0;0;0;0;0;0;0;0;2,85731918;0;0;0;0;0;0;2,85731918;0;31,42845388;39,99938287;0
B;4;RUNTRANS4B_13,jpg;0;0;5,555888882;2,777944441;0;0;0;0;0;0;0;0;0;0;0;0;0;2,777944441;0;0;2,777944441;0;0;0;0;0;0;0;0;13,88872223;0;0;2,777944441;0;5,555888882;0;8,332833343;55,5548889;0
B;4;RUNTRANS4B_14,jpg;0;0;0;0;0;0;0;0;0;0;0;0;0;0;0;0;11,76451903;11,76451903;0;0;2,941394462;0;0;0;0;0;0;0;0;29,41182699;0;0;0;0;0;0;17,64730796;26,47043253;0
B;4;RUNTRANS4B_15,jpg;0;0;0;0;0;0;0;0;0;0;0;0;0;0;0;0;0;0;0;0;2,85734857;0;14,28571429;0;0;0;0;0;0;0;0;0;0;0;5,71469714;0;14,28571429;62,85652572;0
B;4;RUNTRANS4B_16,jpg;0;0;0;0;0;0;0;2,85737796;0;0;0;0;0;0;0;0;0;0;0;0;0;0;0;0;0;0;0;0;0;8,571105305;0;0;0;0;2,85737796;0;8,571105305;77,14303347;0
B;4;RUNTRANS4B_17,jpg;0;0;0;14,28586122;0;0;0;0;0;8,571105305;0;0;0;0;0;0;0;0;0;0;0;0;0;0;0;2,85737796;2,85737796;0;0;8,571105305;0;0;0;0;0;0;8,571105305;48,57131102;5,714755919
B;4;RUNTRANS4B_18,jpg;0;0;0;0;0;0;0;0;0;0;0;0;0;0;0;0;0;0;0;5,71469714;0;0;0;0;0;0;8,571017146;0;0;5,71469714;0;0;0;0;8,571017146;0;5,71469714;65,71387429;0
B;4;RUNTRANS4B_19,jpg;0;0;0;0;0;0;0;0;0;0;2,85734857;0;0;0;0;0;14,28571429;0;0;0;0;0;0;0;0;0;0;0;0;0;0;0;0;0;0;0;25,71408;57,14285714;0
B;4;RUNTRANS4B_20,jpg;0;0;0;0;0;0;2,778;0;0;0;2,778;0;0;0;0;0;2,778;0;0;0;0;0;8,333;0;2,778;0;2,778;0;0;0;0;0;0;0;0;0;8,333;69,444;0
C;4;RUNTRANS4C_01,jpg;0;0;0;0;0;0;0;0;0;0;2,77797222;0;0;0;0;0;0;0;0;0;0;0;0;0;0;0;0;0;0;5,555944441;0;0;2,77797222;0;0;0;8,332916671;80,55519445;0
C;4;RUNTRANS4C_02,jpg;0;0;0;0;0;0;0;0;0;0;0;0;0;0;0;0;22,222;0;0;0;0;0;0;0;0;0;0;0;5,556;25;0;0;0;0;0;0;22,222;25;0
C;4;RUNTRANS4C_03,jpg;0;0;0;0;0;0;0;0;0;0;0;0;0;0;0;0;5,556;0;0;0;0;0;0;0;0;0;0;0;0;47,222;0;0;0;0;0;0;19,444;27,778;0
C;4;RUNTRANS4C_04,jpg;0;0;0;2,77797222;0;0;0;0;0;0;0;0;0;0;0;0;0;19,44380556;0;0;2,77797222;0;0;0;0;0;0;0;0;2,77797222;0;0;2,77797222;0;2,77797222;0;0;66,66633334;0
C;4;RUNTRANS4C_05,jpg;0;0;0;0;0;0;0;0;0;0;0;0;0;0;0;0;14,28571429;11,42836572;0;0;0;0;0;0;0;0;0;0;0;5,71469714;0;0;0;0;8,571017146;0;2,85734857;57,14285714;0
C;4;RUNTRANS4C_06,jpg;0;0;0;0;0;0;0;0;0;0;0;0;0;0;0;0;0;0;0;0;8,333;0;0;0;0;0;0;0;2,778;11,111;0;0;0;0;5,556;0;2,778;69,444;0
C;4;RUNTRANS4C_07,jpg;0;0;0;5,714579583;0;0;0;0;0;0;0;0;0;0;0;0;5,714579583;2,857289792;0;0;5,714579583;0;0;0;0;0;0;0;0;0;0;0;0;0;5,714579583;0;5,714579583;68,56981229;0
C;4;RUNTRANS4C_08,jpg;0;0;0;17,14323918;0;0;0;0;0;0;0;0;0;0;0;0;2,85737796;8,571105305;0;0;0;0;22,85696653;0;0;0;0;0;0;0;0;0;0;0;0;0;0;48,57131102;0
C;4;RUNTRANS4C_09,jpg;0;0;0;0;0;0;0;0;0;0;0;0;0;0;0;0;5,882788925;2,941394462;0;0;11,76451903;0;0;0;0;0;0;0;0;0;0;0;0;0;5,882788925;0;0;73,52850866;0
C;4;RUNTRANS4C_10,jpg;0;0;0;0;0;0;0;0;0;0;2,941363319;0;0;0;0;0;0;0;0;0;2,941363319;0;0;0;0;0;0;0;0;0;0;0;2,941363319;0;17,64712111;0;5,882726637;67,6460623;0
C;4;RUNTRANS4C_11,jpg;0;0;0;0;0;0;0;0;0;0;0;0;0;0;0;0;16,1289948;0;0;0;3,226031215;0;0;0;0;0;0;0;0;9,676932367;0;0;3,226031215;0;0;0;3,226031215;64,51597919;0
C;4;RUNTRANS4C_12,jpg;0;0;0;0;0;0;0;0;0;0;3,125210935;0;0;0;0;0;6,25042187;0;3,125210935;0;3,125210935;0;0;0;0;0;0;3,125210935;0;12,49971875;0;0;0;0;9,374507819;0;3,125210935;56,24929688;0
C;4;RUNTRANS4C_13,jpg;0;0;0;0;0;0;0;0;0;0;0;0;0;0;0;0;15,15158127;0;0;0;6,061068869;0;0;0;0;0;0;0;0;6,061068869;0;0;0;0;9,090512398;0;0;63,6357686;0
C;4;RUNTRANS4C_14,jpg;0;0;0;0;0;0;0;2,77797222;0;0;0;0;0;0;0;0;8,332916671;0;0;0;2,77797222;0;0;0;0;0;0;0;0;2,77797222;0;0;0;0;2,77797222;0;2,77797222;77,77722223;0
C;4;RUNTRANS4C_15,jpg;0;0;0;5,555944441;0;0;0;0;0;0;0;0;0;0;0;0;5,555944441;0;0;0;0;0;0;0;0;0;0;0;0;0;0;0;0;0;2,77797222;0;8,332916671;77,77722223;0
C;4;RUNTRANS4C_16,jpg;0;0;0;0;0;0;0;0;0;0;2,941394462;0;0;0;0;0;0;0;0;0;0;0;0;0;0;0;11,76451903;0;0;0;0;0;2,941394462;0;5,882788925;0;0;76,46990312;0
C;4;RUNTRANS4C_17,jpg;0;0;0;0;0;0;0;0;0;0;0;0;0;0;0;0;9,090512398;0;0;0;3,030534434;0;0;0;0;0;3,030534434;0;0;0;0;0;0;0;12,12104683;0;3,030534434;69,69683747;0
C;4;RUNTRANS4C_18,jpg;0;0;0;0;0;0;0;0;0;0;0;0;0;0;0;0;0;0;0;0;2,778;0;0;0;0;0;11,111;0;0;0;0;0;0;0;8,333;0;2,778;75;0
C;4;RUNTRANS4C_19,jpg;0;0;0;0;0;0;0;0;0;0;2,778;0;0;0;0;0;0;0;0;0;0;0;0;0;0;0;8,333;0;0;0;0;0;0;0;0;0;0;88,889;0
C;4;RUNTRANS4C_20,jpg;0;0;0;0;0;0;0;0;0;0;0;0;0;0;0;0;0;0;0;0;0;0;0;0;0;0;5,556;0;0;0;0;0;0;0;0;0;0;94,444;0
A;5;RUNTRANS5A_03,jpg;0;0;0;0;0;0;0;0;0;0;0;0;0;0;0;0;0;2,77797222;0;0;2,77797222;0;0;0;0;0;13,88886111;0;0;0;0;0;2,77797222;0;0;0;2,77797222;74,99925001;0
A;5;RUNTRANS5A_04,jpg;0;0;0;0;0;0;0;0;0;0;0;0;0;0;0;0;0;0;0;0;5,71469714;0;0;0;0;0;2,85734857;2,85734857;0;0;0;0;2,85734857;0;0;0;0;85,71325715;0
A;5;RUNTRANS5A_05,jpg;0;0;0;2,77797222;0;0;0;0;0;0;0;0;0;0;0;0;0;0;0;0;5,555944441;0;0;0;0;0;0;0;0;0;0;0;2,77797222;0;0;0;2,77797222;86,1101389;0
A;5;RUNTRANS5A_06,jpg;0;0;0;2,85734857;0;0;0;0;0;0;0;0;0;0;0;0;0;5,71469714;0;0;2,85734857;0;0;0;0;0;0;0;0;0;0;0;0;0;0;0;0;88,57060572;0
A;5;RUNTRANS5A_07,jpg;0;0;0;0;0;0;0;0;0;0;0;0;0;0;0;0;0;8,333;0;0;5,556;0;0;0;0;0;0;0;0;0;0;0;0;0;0;0;0;86,111;0
A;5;RUNTRANS5A_08,jpg;0;0;0;0;0;0;0;0;0;0;0;0;0;0;0;0;5,556;0;0;0;0;8,333;0;0;0;0;0;0;0;0;0;0;0;0;0;0;0;86,111;0
A;5;RUNTRANS5A_09,jpg;0;3,125246093;0;9,374613282;0;0;0;0;0;0;0;0;0;0;0;0;3,125246093;0;0;0;0;0;0;3,125246093;0;0;0;0;0;9,374613282;0;0;3,125246093;0;0;0;37,49957813;31,25021094;0
A;5;RUNTRANS5A_10,jpg;0;6,060936631;6,060936631;3,030468315;0;0;0;0;0;0;0;0;0;0;0;0;3,030468315;0;0;0;0;0;0;0;0;0;0;0;0;6,060936631;0;0;0;0;0;0;18,18171901;57,57453447;0
A;5;RUNTRANS5A_11,jpg;0;0;0;0;0;0;0;0;0;0;0;0;0;0;0;0;8,333;0;0;0;0;0;0;0;0;0;0;0;0;5,556;0;0;0;0;11,111;0;2,778;72,222;0
A;5;RUNTRANS5A_12,jpg;0;0;0;0;0;0;2,778;0;0;0;0;0;0;0;0;0;8,333;0;0;0;0;0;0;0;0;0;5,556;0;0;0;0;0;0;0;0;0;0;83,333;0
A;5;RUNTRANS5A_13,jpg;0;0;0;0;0;0;0;0;0;0;0;0;0;0;0;0;2,77797222;2,77797222;0;0;0;0;0;0;0;0;0;0;0;0;0;0;0;0;13,88886111;0;2,77797222;77,77722223;0
A;5;RUNTRANS5A_14,jpg;0;0;0;0;0;0;0;0;0;0;0;0;0;0;0;0;0;0;0;0;0;0;0;0;0;0;5,555944441;0;0;0;0;0;2,77797222;0;0;0;0;91,66608334;0
A;5;RUNTRANS5A_15,jpg;0;0;0;0;0;0;0;0;0;0;0;0;0;0;0;0;14,70591349;0;0;0;0;0;0;0;0;0;2,941394462;0;0;8,82312457;0;0;0;0;5,882788925;0;14,70591349;52,94086505;0
A;5;RUNTRANS5A_16,jpg;0;0;0;0;0;0;0;0;0;0;0;0;0;0;0;0;0;0;0;0;0;0;0;0;0;9,999520004;0;0;0;13,33309334;0;0;0;0;6,667146663;0;63,33309334;6,667146663;0
A;5;RUNTRANS5A_17,jpg;0;0;0;0;0;0;0;0;0;0;0;0;0;0;0;0;0;0;0;0;0;0;0;0;0;0;0;0;0;33,33333333;0;0;0;0;0;0;66,66666667;0;0
A;5;RUNTRANS5A_18,jpg;0;0;0;17,14306286;0;0;0;2,85734857;0;0;0;0;0;0;0;0;2,85734857;0;0;0;0;0;0;0;0;0;11,42836572;0;0;0;0;0;2,85734857;0;0;0;0;62,85652572;0
A;5;RUNTRANS5A_19,jpg;0;3,030501375;0;0;0;0;0;0;0;0;0;0;0;0;3,030501375;0;18,18191735;0;0;0;0;0;0;0;0;0;0;0;0;0;0;0;0;0;3,030501375;0;3,030501375;69,69607715;0
A;5;RUNTRANS5A_20,jpg;0;0;8,333;11,111;0;0;0;0;0;0;0;0;0;0;0;0;0;0;0;0;0;0;0;0;0;0;2,778;0;0;11,111;0;0;5,556;0;11,111;0;16,667;33,333;0
A;5;RUNTRANS5A_01,jpg;0;0;0;0;0;0;0;0;0;0;0;0;0;0;0;0;11,11088889;30,55569444;0;0;0;0;0;0;0;0;0;0;0;0;0;0;0;0;0;0;2,77797222;55,55544445;0
A;5;RUNTRANS5A_02,jpg;0;0;0;0;0;0;0;0;0;0;0;0;0;0;0;0;5,555944441;30,55569444;0;0;0;0;0;0;0;0;2,77797222;0;0;0;0;0;0;0;11,11088889;0;27,77772222;22,22177778;0
B;5;RUNTRANS5B_01,jpg;0;0;0;2,77797222;0;0;0;0;0;0;0;0;0;0;0;0;0;13,88886111;0;0;2,77797222;0;0;0;0;0;0;0;0;0;0;0;0;0;5,555944441;0;0;74,99925001;0
B;5;RUNTRANS5B_02,jpg;0;0;0;8,571017146;0;0;0;0;0;0;0;0;0;0;0;0;0;34,28509715;0;0;2,85734857;0;0;0;2,85734857;0;2,85734857;0;0;0;0;0;0;0;5,71469714;0;2,85734857;39,99979429;0
B;5;RUNTRANS5B_03,jpg;0;0;0;0;0;0;0;0;0;0;0;0;0;0;0;0;5,71469714;5,71469714;0;0;0;0;0;0;0;0;0;0;0;8,571017146;2,85734857;0;0;0;0;0;17,14306286;59,99917715;0
B;5;RUNTRANS5B_04,jpg;0;0;0;0;0;0;0;0;0;0;5,555944441;0;0;0;0;0;13,88886111;27,77772222;0;0;0;0;0;0;0;0;0;0;0;13,88886111;0;0;0;0;0;0;38,88861111;0;0
B;5;RUNTRANS5B_05,jpg;0;0;0;0;0;0;0;0;0;0;0;0;0;0;0;0;19,444;0;0;0;0;0;0;0;0;0;0;0;0;19,444;0;0;0;0;0;0;55,556;5,556;0
B;5;RUNTRANS5B_06,jpg;0;0;0;0;0;0;0;0;0;0;3,333613334;0;0;0;0;0;0;0;0;0;0;0;0;0;0;0;0;0;0;23,33289333;0;0;0;0;0;0;53,33301333;20,00048;0
B;5;RUNTRANS5B_07,jpg;0;0;0;0;0;0;0;0;0;0;2,941394462;0;0;0;0;0;5,882788925;0;0;0;0;0;0;0;0;0;2,941394462;0;0;0;0;0;0;0;0;0;0;88,23442215;0
B;5;RUNTRANS5B_08,jpg;0;0;0;2,85734857;0;0;0;2,85734857;0;0;0;0;0;0;0;0;0;0;0;0;0;0;0;0;0;0;0;0;0;0;0;0;0;0;0;0;0;94,28530286;0
B;5;RUNTRANS5B_09,jpg;0;0;0;0;0;0;0;0;0;0;0;0;0;0;0;0;8,333;0;0;0;0;0;0;0;0;0;0;0;0;5,556;0;0;0;0;0;0;0;86,111;0
B;5;RUNTRANS5B_10,jpg;0;0;0;0;0;0;5,71469714;0;0;0;0;0;0;0;0;0;2,85734857;2,85734857;0;0;0;0;0;0;0;0;0;0;0;0;0;0;0;0;0;0;0;88,57060572;0
B;5;RUNTRANS5B_11,jpg;0;0;0;0;0;0;0;0;0;0;0;0;0;0;0;0;5,714638361;2,85731918;0;0;0;5,714638361;0;0;0;0;5,714638361;0;0;0;0;0;0;0;0;0;0;79,99876574;0
B;5;RUNTRANS5B_12,jpg;0;0;0;0;0;0;0;0;0;0;0;0;0;0;0;0;6,061002749;0;0;0;3,030501375;0;0;0;0;0;0;0;0;0;0;0;0;0;3,030501375;0;69,69607715;18,18191735;0
B;5;RUNTRANS5B_13,jpg;0;0;0;0;0;0;0;0;0;0;0;0;0;0;0;0;24,99975;2,77797222;0;0;0;0;0;0;0;0;0;0;0;0;0;2,77797222;0;0;2,77797222;0;5,555944441;61,1103889;0
B;5;RUNTRANS5B_14,jpg;0;0;0;0;0;0;0;0;0;0;0;0;0;0;0;0;0;25;0;0;0;0;0;0;0;0;0;0;0;0;0;0;0;0;0;0;5,556;69,444;0
B;5;RUNTRANS5B_15,jpg;0;0;0;0;0;0;0;0;0;0;0;0;0;0;0;0;0;0;0;0;0;0;0;0;0;0;0;0;0;0;0;0;0;0;0;0;0;100;0
B;5;RUNTRANS5B_16,jpg;0;0;0;6,250351554;0;0;0;0;6,250351554;6,250351554;0;0;0;0;0;0;3,125175777;3,125175777;0;24,99915627;0;0;0;0;0;0;0;0;0;6,250351554;0;0;0;0;0;0;9,374402358;34,3746836;0
B;5;RUNTRANS5B_17,jpg;0;0;0;0;0;0;0;0;0;0;0;0;0;0;0;0;0;0;0;45,71393306;0;0;0;0;0;0;0;2,85737796;0;8,571105305;0;0;0;0;0;0;0;42,85758367;0
B;5;RUNTRANS5B_18,jpg;0;0;0;0;0;0;0;0;0;0;0;0;0;0;0;0;0;2,941363319;0;11,76439447;0;0;0;0;0;0;0;0;0;17,64712111;0;0;2,941363319;0;0;0;32,35287889;32,35287889;0
B;5;RUNTRANS5B_19,jpg;0;0;0;0;0;0;0;0;0;0;0;0;0;0;0;0;2,77797222;16,66683333;0;0;2,77797222;0;0;0;0;0;5,555944441;0;0;8,332916671;0;0;0;0;0;0;0;63,88836112;0
B;5;RUNTRANS5B_20,jpg;0;0;0;0;0;0;0;0;0;0;0;2,777944441;0;0;0;0;0;5,555888882;0;0;5,555888882;0;0;0;0;0;5,555888882;0;0;0;0;0;0;0;0;0;0;80,55438891;0
C;5;RUNTRANS5C_01,jpg;0;0;0;24,24209367;0;0;0;0;0;0;0;0;0;0;0;0;0;0;0;0;3,030534434;0;0;0;0;0;0;0;0;0;0;0;0;0;3,030534434;0;0;69,69683747;0
C;5;RUNTRANS5C_02,jpg;0;0;0;2,77797222;0;0;0;0;0;0;0;0;0;0;0;0;0;13,88886111;0;0;0;0;2,77797222;0;0;0;0;0;0;0;0;0;0;0;2,77797222;0;0;77,77722223;0
C;5;RUNTRANS5C_03,jpg;0;0;0;8,333;0;0;0;0;0;0;0;0;0;0;0;0;0;0;0;0;2,778;0;8,333;0;0;0;0;0;0;0;0;0;0;0;0;0;2,778;77,778;0
C;5;RUNTRANS5C_04,jpg;0;0;0;5,555833325;0;0;5,555833325;0;5,555833325;0;0;0;0;0;0;0;2,777916663;5,555833325;0;0;0;0;0;0;0;0;0;0;0;8,332750017;0;0;0;0;2,777916663;0;5,555833325;55,55433337;2,777916663
C;5;RUNTRANS5C_05,jpg;0;0;0;2,85734857;0;0;0;0;0;0;0;0;0;0;0;0;0;2,85734857;0;0;8,571017146;0;0;0;0;0;0;0;0;17,14306286;0;0;0;0;0;0;2,85734857;65,71387429;0
C;5;RUNTRANS5C_06,jpg;0;0;0;0;0;0;0;0;0;0;0;0;0;0;0;0;16,667;8,333;0;0;2,778;0;0;0;0;0;0;0;0;0;0;0;0;0;0;0;0;72,222;0
C;5;RUNTRANS5C_07,jpg;0;0;0;0;0;0;0;0;0;0;0;0;0;0;0;0;5,555944441;38,88861111;0;0;0;0;0;0;0;0;0;0;0;0;0;0;0;0;0;0;0;55,55544445;0
C;5;RUNTRANS5C_08,jpg;0;0;0;20;0;0;0;0;0;0;6,667066659;0;0;0;0;0;10,00059999;0;0;0;3,333533329;0;0;0;0;0;0;0;0;0;0;0;3,333533329;0;0;0;23,33233335;33,33293334;0
C;5;RUNTRANS5C_09,jpg;0;6,250351554;0;15,62475391;0;0;0;0;0;0;0;0;3,125175777;0;0;0;6,250351554;3,125175777;0;0;0;0;0;0;0;0;0;0;0;0;0;0;6,250351554;0;3,125175777;0;9,374402358;46,87426174;0
C;5;RUNTRANS5C_10,jpg;0;0;0;2,77797222;0;0;5,555944441;0;0;0;0;0;0;0;0;0;16,66683333;0;0;0;0;0;0;0;0;0;0;8,332916671;0;2,77797222;0;0;2,77797222;0;0;0;2,77797222;58,33241668;0
C;5;RUNTRANS5C_11,jpg;0;0;0;0;0;0;0;0;8,333083331;2,77802778;2,77802778;0;0;0;0;0;0;0;0;0;2,77802778;0;8,333083331;0;0;0;0;0;0;8,333083331;0;0;0;0;0;0;8,333083331;58,33358334;0
C;5;RUNTRANS5C_12,jpg;0;0;0;0;0;0;2,85731918;0;0;0;2,85731918;0;0;0;0;0;0;2,85731918;0;0;0;0;0;0;0;0;0;0;0;5,714638361;0;0;2,85731918;0;0;0;0;82,85608492;0
C;5;RUNTRANS5C_13,jpg;0;0;0;8,571017146;0;0;0;0;0;0;0;0;0;0;0;0;2,85734857;0;0;0;0;0;0;0;0;0;2,85734857;0;0;2,85734857;0;0;0;0;2,85734857;0;0;79,99958857;0
C;5;RUNTRANS5C_14,jpg;0;0;0;8,333;0;0;0;0;0;0;0;0;0;0;0;0;2,778;0;0;0;2,778;0;0;0;0;0;0;0;0;2,778;0;0;0;0;11,111;0;0;72,222;0
C;5;RUNTRANS5C_15,jpg;0;0;0;0;0;0;0;0;0;2,85731918;2,85731918;0;0;0;0;0;5,714638361;0;0;0;0;0;0;0;0;0;0;0;0;0;0;0;0;0;2,85731918;0;2,85731918;82,85608492;0
C;5;RUNTRANS5C_16,jpg;0;0;0;0;0;0;0;0;0;0;0;0;0;0;0;0;2,85731918;0;0;0;2,85731918;0;0;0;0;0;0;0;0;14,28556735;0;0;0;0;5,714638361;0;5,714638361;68,57051757;0
C;5;RUNTRANS5C_17,jpg;0;0;0;8,82312457;0;0;0;0;0;0;0;0;0;0;0;0;0;14,70591349;0;0;0;0;0;0;0;0;5,882788925;0;0;2,941394462;0;0;0;0;0;0;11,76451903;55,88225952;0
C;5;RUNTRANS5C_18,jpg;0;0;0;44,444;0;0;2,778;0;0;0;0;0;0;0;0;0;0;5,556;0;0;0;0;0;0;0;0;0;0;0;0;0;0;0;0;0;0;8,333;38,889;0
C;5;RUNTRANS5C_19,jpg;0;0;0;24,99975;0;0;2,77797222;0;0;0;0;0;0;0;0;0;0;8,332916671;0;0;0;0;0;0;0;0;2,77797222;0;0;0;0;2,77797222;2,77797222;0;2,77797222;0;0;52,77747223;0
C;5;RUNTRANS5C_20,jpg;0;0;0;0;0;0;0;0;0;0;0;0;0;0;0;0;0;5,71469714;0;0;2,85734857;2,85734857;0;0;0;0;2,85734857;0;0;8,571017146;0;0;0;0;2,85734857;0;8,571017146;65,71387429;0
A;6;RUNTRANS6A_01,jpg;0;0;0;13,88872223;0;0;0;2,777944441;0;0;0;0;0;0;0;0;11,11077778;5,555888882;0;0;0;5,555888882;0;0;0;0;2,777944441;0;0;0;0;0;0;0;0;0;2,777944441;55,5548889;0
A;6;RUNTRANS6A_02,jpg;0;0;0;0;0;0;0;0;0;0;0;0;0;0;0;0;0;11,7646436;0;0;0;0;0;0;0;0;11,7646436;0;0;0;0;0;2,941425607;0;0;0;0;73,5292872;0
A;6;RUNTRANS6A_03,jpg;0;0;0;8,333;0;0;0;0;0;0;0;0;0;0;0;0;5,556;0;0;0;0;0;0;0;0;0;11,111;0;0;2,778;0;0;2,778;0;0;0;11,111;58,333;0
A;6;RUNTRANS6A_04,jpg;0;0;0;11,42836572;0;0;0;0;0;0;0;0;0;0;0;0;2,85734857;2,85734857;0;0;0;0;5,71469714;0;0;0;5,71469714;0;0;0;0;2,85734857;0;0;0;0;8,571017146;59,99917715;0
A;6;RUNTRANS6A_05,jpg;0;0;0;0;0;0;0;0;0;0;3,125246093;0;0;0;0;0;6,250492187;37,49957813;0;0;0;0;0;0;0;0;0;0;0;6,250492187;0;0;0;0;0;0;9,374613282;37,49957813;0
A;6;RUNTRANS6A_06,jpg;0;0;0;0;0;0;0;0;0;5,882726637;0;0;0;0;0;0;0;49,99894119;0;0;0;0;5,882726637;0;0;0;0;0;0;17,64712111;0;0;0;0;0;0;2,941363319;17,64712111;0
A;6;RUNTRANS6A_07,jpg;0;0;0;0;0;0;0;0;0;6,25042187;0;0;0;0;0;0;0;37,49915626;0;0;0;0;0;0;0;0;0;6,25042187;0;18,75014062;0;0;0;0;0;0;3,125210935;28,12464844;0
A;6;RUNTRANS6A_08,jpg;0;0;0;0;0;0;0;0;0;0;0;0;0;0;0;0;0;88,889;0;0;0;0;0;0;0;0;0;0;0;0;0;0;0;0;0;0;0;11,111;0
A;6;RUNTRANS6A_09,jpg;0;0;0;0;0;0;0;0;0;0;0;0;0;0;0;0;0;100;0;0;0;0;0;0;0;0;0;0;0;0;0;0;0;0;0;0;0;0;0
A;6;RUNTRANS6A_10,jpg;0;0;0;0;0;0;0;0;0;0;0;0;0;0;0;0;11,111;50;0;0;0;0;0;0;0;0;0;0;0;0;0;2,778;0;0;0;0;0;36,111;0
A;6;RUNTRANS6A_11,jpg;0;0;0;2,941425607;0;0;0;0;0;0;0;0;0;0;0;0;8,823217992;8,823217992;0;0;0;0;0;0;0;0;0;0;0;0;0;0;0;0;0;0;0;79,41213841;0
A;6;RUNTRANS6A_12,jpg;0;0;0;5,882851213;0;0;0;0;0;0;0;0;0;0;0;0;0;20,58786159;0;0;0;0;0;0;0;0;20,58786159;0;0;0;0;0;2,941425607;0;0;0;0;50;0
A;6;RUNTRANS6A_13,jpg;0;0;0;0;0;0;0;0;0;0;0;0;0;0;0;0;0;5,555944441;0;0;0;0;0;0;0;0;13,88886111;0;0;2,77797222;0;0;5,555944441;0;0;0;22,22177778;49,9995;0
A;6;RUNTRANS6A_14,jpg;0;0;0;0;0;0;0;0;0;0;0;0;0;0;0;0;0;100;0;0;0;0;0;0;0;0;0;0;0;0;0;0;0;0;0;0;0;0;0
A;6;RUNTRANS6A_15,jpg;0;0;0;5,882788925;0;0;0;0;0;0;0;0;0;0;0;0;0;23,52903806;0;0;0;0;0;2,941394462;0;0;2,941394462;0;0;11,76451903;0;0;2,941394462;0;0;0;0;47,05807613;2,941394462
A;6;RUNTRANS6A_16,jpg;0;0;0;0;0;0;0;0;0;0;0;0;0;0;0;0;0;0;0;0;2,77797222;0;0;0;0;0;27,77772222;0;0;0;0;0;0;0;2,77797222;0;0;66,66633334;0
A;6;RUNTRANS6A_17,jpg;0;0;0;0;0;0;0;0;0;0;0;0;0;0;0;0;0;0;0;0;0;0;0;0;0;0;36,111;0;0;0;0;0;2,778;0;0;0;13,889;47,222;0
A;6;RUNTRANS6A_18,jpg;0;0;0;11,11088889;0;0;0;0;0;0;0;0;0;0;2,77797222;0;0;5,555944441;0;13,88886111;0;0;0;0;0;0;27,77772222;0;0;0;0;0;0;0;2,77797222;0;0;36,11063889;0
A;6;RUNTRANS6A_19,jpg;0;0;0;22,22177778;0;0;0;0;0;0;0;0;0;0;0;0;0;0;0;2,77797222;2,77797222;0;0;0;0;0;27,77772222;0;0;11,11088889;0;0;2,77797222;0;0;0;0;30,55569444;0
A;6;RUNTRANS6A_20,jpg;0;0;0;2,77797222;0;0;0;0;0;0;0;0;0;0;0;0;0;0;0;0;0;0;0;0;0;0;16,66683333;0;0;5,555944441;0;0;0;0;0;0;0;74,99925001;0
B;6;RUNTRANS6B_01,jpg;0;0;0;6,667226669;0;0;0;0;0;0;0;0;0;0;0;0;9,999639999;3,333613334;0;0;0;0;0;0;0;0;0;0;0;9,999639999;0;0;0;0;0;0;56,66662667;13,33325333;0
B;6;RUNTRANS6B_02,jpg;0;0;0;30,55569444;0;0;0;0;0;0;0;0;0;0;2,77797222;0;0;11,11088889;0;0;0;0;0;0;0;0;0;0;0;0;0;0;0;0;0;0;0;55,55544445;0
B;6;RUNTRANS6B_03,jpg;0;0;5,555944441;8,333916661;0;0;0;0;0;0;2,77797222;0;0;0;0;0;2,77797222;0;0;0;0;0;22,22177778;0;0;0;0;0;0;0;0;0;0;0;0;0;0;58,33241668;0
B;6;RUNTRANS6B_04,jpg;0;0;0;25;0;0;0;0;0;0;0;0;0;0;0;0;0;0;0;0;0;0;0;0;0;0;2,778;0;0;0;0;0;0;0;0;0;8,333;63,889;0
B;6;RUNTRANS6B_05,jpg;0;0;0;0;0;0;0;0;0;0;0;0;0;0;0;0;5,555888882;5,555888882;0;0;0;0;0;0;0;0;2,777944441;0;0;13,88872223;0;0;2,777944441;0;5,555888882;0;2,777944441;61,1097778;0
B;6;RUNTRANS6B_06,jpg;0;0;0;21,21155923;0;0;0;0;0;0;0;0;0;0;0;0;0;3,030534434;0;0;0;0;0;0;0;0;9,090512398;3,030534434;0;6,061068869;0;0;3,030534434;0;0;0;3,030534434;51,51472176;0
B;6;RUNTRANS6B_07,jpg;0;0;0;14,28556735;0;0;0;0;0;0;0;0;0;0;0;0;5,714638361;11,42927672;0;0;0;0;0;0;0;0;2,85731918;0;0;0;0;0;0;0;0;0;0;65,71319839;0
B;6;RUNTRANS6B_08,jpg;0;0;0;11,42836572;0;0;5,71469714;0;0;0;0;0;0;0;0;0;0;11,42836572;0;0;0;0;0;0;0;0;2,85734857;0;0;0;0;0;0;0;0;0;2,85734857;65,71387429;0
B;6;RUNTRANS6B_09,jpg;0;0;0;0;0;0;2,85731918;0;0;5,714638361;0;0;0;0;0;0;0;14,28556735;0;0;0;0;0;0;0;0;0;2,85731918;0;28,5711347;0;0;0;0;0;0;2,85731918;42,85670205;0
B;6;RUNTRANS6B_10,jpg;0;0;0;2,778;0;0;0;0;0;13,889;0;0;0;0;0;0;0;50;0;0;0;0;0;0;0;0;0;0;0;8,333;0;0;0;0;0;0;11,111;13,889;0
B;6;RUNTRANS6B_11,jpg;0;0;0;8,332833343;0;0;2,777944441;0;0;0;5,555888882;0;0;0;0;0;5,555888882;16,66666667;0;0;0;0;0;0;0;0;0;2,777944441;0;2,777944441;0;0;0;0;0;0;5,555888882;49,99900002;0
B;6;RUNTRANS6B_12,jpg;0;0;0;0;0;0;0;0;0;0;0;0;0;0;0;0;0;36,111;0;0;0;0;0;0;0;0;8,333;0;0;0;0;0;0;0;0;0;0;55,556;0
B;6;RUNTRANS6B_13,jpg;0;0;0;5,714638361;0;0;0;0;0;0;0;0;0;0;0;0;0;28,5711347;0;0;0;0;0;0;0;0;2,85731918;0;0;0;0;0;5,714638361;0;2,85731918;0;2,85731918;51,42763104;0
B;6;RUNTRANS6B_14,jpg;0;0;0;11,11077778;0;0;0;0;0;0;0;0;0;0;0;0;0;16,66666667;0;0;0;0;0;0;2,777944441;0;5,555888882;0;0;5,555888882;0;0;2,777944441;0;0;0;2,777944441;52,77694446;0
B;6;RUNTRANS6B_15,jpg;0;0;0;8,82303115;0;0;0;0;0;0;0;0;0;0;0;0;2,941363319;29,41151558;0;0;0;0;0;0;0;0;5,882726637;2,941363319;0;2,941363319;0;0;5,882726637;0;0;0;0;41,17591004;0
B;6;RUNTRANS6B_16,jpg;0;0;0;0;0;0;0;0;0;0;0;0;0;0;0;0;5,555944441;36,11063889;0;0;2,77797222;0;0;0;0;0;0;0;0;8,332916671;0;0;2,77797222;0;2,77797222;0;2,77797222;38,88861111;0
B;6;RUNTRANS6B_17,jpg;0;0;0;22,85673143;0;0;0;0;0;0;0;0;0;0;0;0;5,71469714;0;0;0;2,85734857;0;0;0;0;0;0;0;0;28,57142857;0;0;0;0;0;0;2,85734857;37,14244572;0
B;6;RUNTRANS6B_18,jpg;0;0;0;2,77797222;0;0;0;0;0;0;0;0;0;0;0;0;5,555944441;22,22177778;0;0;2,77797222;0;0;0;0;0;8,332916671;0;0;22,22177778;0;0;2,77797222;0;0;0;2,77797222;30,55569444;0
B;6;RUNTRANS6B_19,jpg;0;0;0;5,71469714;0;0;0;0;0;0;0;0;0;0;0;0;0;14,28571429;0;0;0;0;0;0;0;0;0;0;0;14,28571429;0;0;0;0;0;0;34,28509715;31,42877714;0
B;6;RUNTRANS6B_20,jpg;0;0;0;0;0;0;0;0;0;0;0;0;0;0;0;0;0;22,85696653;0;0;0;0;0;0;0;0;8,571105305;0;0;11,42848327;0;0;0;0;0;0;0;57,1434449;0
C;6;RUNTRANS6C_01,jpg;0;0;0;0;0;0;0;0;0;0;0;0;0;0;0;0;0;16,667;0;0;0;0;0;0;0;0;8,333;0;0;2,778;0;0;0;0;0;0;2,778;69,444;0
C;6;RUNTRANS6C_02,jpg;0;0;0;2,77797222;0;0;0;0;0;0;0;0;0;0;0;0;8,332916671;11,11088889;0;0;0;0;0;0;0;0;16,66683333;0;0;24,99975;0;0;0;0;0;2,77797222;2,77797222;30,55569444;0
C;6;RUNTRANS6C_03,jpg;0;0;0;11,42848327;0;0;0;0;0;0;0;0;0;0;0;0;8,571105305;11,42848327;0;5,714755919;0;0;0;0;0;0;11,42848327;0;0;22,85696653;0;0;0;0;0;0;0;28,57172245;0
C;6;RUNTRANS6C_04,jpg;0;0;0;2,85734857;0;0;0;0;0;0;0;0;0;0;0;0;2,85734857;28,57142857;0;2,85734857;0;0;0;0;0;0;0;0;0;28,57142857;0;0;0;0;0;0;19,99938286;14,28571429;0
C;6;RUNTRANS6C_05,jpg;0;0;0;30,55569444;0;0;0;0;0;0;0;0;0;0;0;0;0;36,11063889;0;0;0;0;0;0;0;0;2,77797222;0;0;13,88886111;0;0;0;0;0;0;0;16,66683333;0
C;6;RUNTRANS6C_06,jpg;0;2,77797222;0;5,555944441;0;0;0;0;0;0;2,77797222;0;0;0;0;0;0;72,22127779;0;0;0;0;0;0;0;0;2,77797222;0;0;0;0;0;0;0;0;0;0;13,88886111;0
C;6;RUNTRANS6C_07,jpg;0;0;0;0;0;0;2,77797222;0;0;0;0;0;0;0;0;0;0;30,55569444;0;0;0;0;0;0;0;0;24,99975;0;0;2,77797222;0;0;0;0;0;0;0;38,88861111;0
C;6;RUNTRANS6C_08,jpg;0;0;0;0;0;0;0;0;0;0;0;0;0;0;0;0;5,714755919;8,571105305;0;0;0;0;0;0;0;0;17,14323918;0;0;14,28586122;0;0;0;0;0;0;19,99958857;34,2854498;0
C;6;RUNTRANS6C_09,jpg;0;0;0;0;0;0;0;0;0;0;0;0;0;0;0;0;2,778;2,778;0;0;0;0;0;0;0;0;0;0;0;22,222;0;0;0;0;0;0;22,222;50;0
C;6;RUNTRANS6C_10,jpg;0;0;0;8,823217992;0;0;0;0;0;0;0;0;0;0;0;0;0;2,941425607;0;0;2,941425607;0;0;0;0;0;0;0;0;8,823217992;0;0;0;0;0;0;2,941425607;73,5292872;0
C;6;RUNTRANS6C_11,jpg;0;0;0;2,77797222;0;0;0;0;0;0;0;0;0;0;0;0;0;49,9995;0;0;0;0;0;0;0;0;0;0;0;0;0;0;0;0;0;0;5,555944441;41,66658333;0
C;6;RUNTRANS6C_12,jpg;0;0;0;0;0;0;0;0;0;0;0;0;0;0;0;0;5,555944441;88,88811112;0;0;0;0;0;0;0;0;0;0;0;0;0;0;0;0;0;0;0;5,555944441;0
C;6;RUNTRANS6C_13,jpg;0;0;0;0;0;0;0;0;0;0;0;0;0;0;0;0;11,42836572;54,28550857;0;0;0;0;0;0;0;0;2,85734857;0;0;0;0;0;2,85734857;0;0;0;2,85734857;25,71408;0
C;6;RUNTRANS6C_14,jpg;0;0;0;0;0;0;0;0;0;0;0;0;0;0;0;0;0;54,28550857;0;0;0;0;0;0;0;0;0;0;0;2,85734857;0;0;2,85734857;0;0;0;0;39,99979429;0
C;6;RUNTRANS6C_15,jpg;0;0;0;0;0;0;0;0;0;0;0;0;0;0;0;0;0;12,49971875;0;18,75014062;0;0;0;0;0;0;0;0;0;6,25042187;0;0;6,25042187;0;0;0;12,49971875;43,74957813;0
C;6;RUNTRANS6C_16,jpg;0;0;0;0;0;0;0;0;0;0;0;0;0;0;0;0;2,85734857;39,99979429;0;2,85734857;0;0;0;0;0;0;0;0;0;0;0;0;2,85734857;0;0;0;2,85734857;48,57081143;0
C;6;RUNTRANS6C_17,jpg;0;0;0;5,714638361;0;0;0;0;2,85731918;0;0;0;0;0;0;0;5,714638361;2,85731918;0;0;0;0;0;0;0;0;2,85731918;0;0;0;0;0;2,85731918;0;0;0;2,85731918;74,28412738;0
C;6;RUNTRANS6C_18,jpg;0;0;0;0;0;0;0;0;0;0;0;0;0;0;0;0;0;6,667066659;0;0;3,333533329;0;0;0;0;0;0;0;0;3,333533329;0;0;0;0;0;0;20;66,66586668;0
C;6;RUNTRANS6C_19,jpg;0;0;0;22,222;0;0;0;0;0;0;0;0;0;0;0;0;0;8,333;0;0;0;0;0;0;0;0;5,556;0;0;13,889;0;0;0;0;0;0;11,111;38,889;0
C;6;RUNTRANS6C_20,jpg;0;0;0;0;0;0;0;0;0;0;0;0;0;13,88886111;0;0;8,332916671;33,33266667;0;0;0;0;0;0;0;0;5,555944441;0;0;5,555944441;0;0;2,77797222;0;0;0;2,77797222;27,77772222;0
A;7;RUNTRANS7A_01,jpg;0;0;0;3,226031215;0;0;3,226031215;0;0;0;0;0;0;0;0;0;0;0;0;0;0;0;0;0;0;0;0;0;0;0;0;3,226031215;0;0;0;0;25,80592716;64,51597919;0
A;7;RUNTRANS7A_02,jpg;0;0;0;0;0;0;0;0;0;0;0;0;0;0;0;0;0;0;0;5,555944441;0;0;0;0;0;0;0;0;0;0;0;0;2,77797222;0;0;0;27,77772222;61,1103889;2,77797222
A;7;RUNTRANS7A_03,jpg;0;0;0;0;0;0;0;2,941394462;0;0;2,941394462;0;0;0;0;0;11,76451903;0;0;0;0;0;0;0;11,76451903;0;0;0;0;0;0;0;0;0;0;0;23,52903806;44,11774048;2,941394462
A;7;RUNTRANS7A_04,jpg;0;0;0;0;0;0;0;0;0;0;0;0;0;0;0;0;3,030534434;0;0;24,24209367;0;0;0;0;0;0;0;0;0;0;0;0;0;0;0;0;12,12104683;60,60632507;0
A;7;RUNTRANS7A_05,jpg;0;0;0;0;0;0;0;0;0;0;5,882851213;0;0;0;0;0;8,823217992;0;0;0;0;0;0;0;0;0;0;0;0;0;2,941425607;0;0;0;0;0;8,823217992;73,5292872;0
A;7;RUNTRANS7A_06,jpg;0;0;0;0;0;0;0;0;0;0;0;0;0;0;0;0;12,49985938;0;0;0;0;0;3,125246093;0;0;0;0;0;0;3,125246093;9,374613282;0;0;0;0;0;9,374613282;62,50042187;0
A;7;RUNTRANS7A_07,jpg;0;0;0;0;0;0;0;12,1209146;0;0;0;0;0;0;0;0;12,1209146;0;3,030501375;0;0;0;3,030501375;0;0;0;0;0;0;0;3,030501375;0;0;0;0;3,030501375;6,061002749;57,57516254;0
A;7;RUNTRANS7A_08,jpg;0;0;0;8,332916671;0;0;0;0;0;0;0;0;0;0;0;0;0;0;0;0;0;0;0;0;0;0;0;0;0;5,555944441;2,77797222;0;0;0;0;0;5,555944441;77,77722223;0
A;7;RUNTRANS7A_09,jpg;0;0;0;2,77797222;0;0;0;0;0;0;0;0;0;0;0;0;0;0;0;2,77797222;2,77797222;0;0;0;0;0;5,555944441;0;0;0;0;0;0;0;0;0;0;86,1101389;0
A;7;RUNTRANS7A_10,jpg;0;0;0;0;0;0;0;0;0;0;0;0;0;0;0;0;5,714638361;0;0;0;5,714638361;0;0;0;0;0;2,85731918;0;0;0;0;0;0;0;0;0;5,714638361;79,99876574;0
A;7;RUNTRANS7A_11,jpg;0;0;0;3,030534434;0;0;0;0;0;0;0;0;0;0;0;0;3,030534434;0;0;0;0;15,15158127;0;0;0;0;0;0;0;0;0;0;0;0;0;0;24,24209367;54,5452562;0
A;7;RUNTRANS7A_12,jpg;0;0;0;0;0;0;0;0;0;0;0;0;0;0;0;0;20,58786159;0;0;0;0;0;0;0;0;0;5,882851213;0;0;0;0;0;11,7646436;0;0;11,7646436;2,941425607;47,05857439;0
A;7;RUNTRANS7A_13,jpg;0;5,71469714;0;0;0;0;0;0;0;0;0;0;0;0;0;0;11,42836572;25,71408;0;0;0;0;0;0;0;0;2,85734857;0;0;0;0;0;0;0;0;0;25,71408;28,57142857;0
A;7;RUNTRANS7A_14,jpg;0;0;0;0;0;0;2,77797222;0;0;0;0;0;0;0;0;0;2,77797222;52,77747223;0;2,77797222;0;0;0;0;0;0;2,77797222;0;0;0;0;0;0;0;0;0;24,99975;11,11088889;0
A;7;RUNTRANS7A_15,jpg;0;0;0;0;0;0;0;0;0;0;0;0;0;0;0;0;0;0;0;0;0;12,12117906;0;0;0;0;0;0;0;3,030567495;0;0;0;0;0;0;9,090611568;75,75764187;0
A;7;RUNTRANS7A_16,jpg;0;0;0;0;0;0;0;3,030534434;0;0;0;0;0;0;0;0;3,030534434;3,030534434;0;9,090512398;0;0;0;0;0;0;0;0;0;3,030534434;0;0;0;0;0;0;3,030534434;75,75681543;0
A;7;RUNTRANS7A_17,jpg;0;0;0;0;0;0;0;0;0;0;0;0;0;0;0;0;0;0;0;0;2,77797222;0;0;0;0;0;0;0;0;0;5,555944441;0;0;0;0;0;11,11088889;80,55519445;0
A;7;RUNTRANS7A_18,jpg;0;0;0;17,14306286;0;0;0;0;0;0;0;0;0;0;0;0;0;5,71469714;0;0;0;0;0;0;0;0;0;0;0;0;2,85734857;0;0;0;0;0;8,571017146;65,71387429;0
A;7;RUNTRANS7A_19,jpg;0;0;0;2,85737796;0;0;0;0;0;0;0;0;8,571105305;0;0;0;25,71434449;0;0;0;0;0;0;0;0;0;8,571105305;0;0;0;2,85737796;0;0;0;0;0;11,42848327;40,00020571;0
B;7;RUNTRANS7B_01,jpg;0;0;0;0;0;0;0;6,25042187;0;0;0;0;0;0;0;0;15,62492969;0;0;0;0;0;0;0;0;0;0;0;0;3,125210935;0;0;3,125210935;0;0;0;28,12464844;40,6243672;3,125210935
B;7;RUNTRANS7B_02,jpg;0;0;0;5,882788925;0;0;0;0;0;0;0;0;0;0;0;0;11,76451903;0;0;0;0;0;0;0;0;0;5,882788925;0;0;0;0;0;0;0;0;0;35,2935571;41,17634602;0
B;7;RUNTRANS7B_03,jpg;0;0;0;0;0;0;0;0;0;0;0;0;0;2,85734857;0;0;14,28571429;0;0;11,42836572;0;0;0;0;0;0;2,85734857;0;0;17,14306286;2,85734857;0;0;0;0;0;19,99938286;25,71408;2,85734857
B;7;RUNTRANS7B_04,jpg;0;0;0;5,555888882;0;0;0;2,777944441;0;0;0;0;0;0;0;0;5,555888882;0;0;0;2,777944441;0;0;2,777944441;0;0;0;0;0;0;2,777944441;0;0;0;0;0;5,555888882;69,44261115;2,777944441
B;7;RUNTRANS7B_05,jpg;0;0;0;2,941332176;0;0;2,941332176;0;0;0;0;0;0;0;0;0;5,882664351;5,882664351;0;0;0;0;0;0;0;0;5,882664351;0;0;0;2,941332176;2,941332176;0;0;0;0;11,76426991;58,82240833;0
B;7;RUNTRANS7B_06,jpg;0;0;0;0;0;0;5,882664351;0;0;0;0;0;0;0;0;0;5,882664351;0;0;0;0;0;0;0;0;0;5,882664351;0;0;0;2,941332176;0;0;0;0;0;17,64693426;55,88107616;5,882664351
B;7;RUNTRANS7B_07,jpg;0;0;0;0;0;0;0;0;0;0;0;0;0;0;0;0;2,941394462;0;0;0;0;0;0;0;20,5876436;0;0;0;0;5,882788925;5,882788925;0;0;0;0;0;14,70591349;49,99947059;0
B;7;RUNTRANS7B_08,jpg;0;0;0;0;0;0;0;3,030534434;0;0;0;0;0;0;0;0;12,12104683;21,21155923;0;0;0;0;0;0;0;0;3,030534434;0;0;9,090512398;0;0;0;0;0;0;6,061068869;45,4547438;0
B;7;RUNTRANS7B_09,jpg;0;0;0;0;0;0;0;0;0;0;2,85734857;0;0;0;0;0;11,42836572;0;0;0;0;0;0;2,85734857;0;0;2,85734857;0;0;11,42836572;2,85734857;0;0;0;0;5,71469714;0;59,99917715;0
B;7;RUNTRANS7B_10,jpg;0;0;0;0;0;0;0;0;0;0;0;0;0;0;0;0;5,555888882;0;0;0;0;0;0;0;2,777944441;0;5,555888882;0;0;0;2,777944441;0;2,777944441;0;0;0;2,777944441;77,77644447;0
B;7;RUNTRANS7B_11,jpg;0;0;0;2,77797222;0;0;0;2,77797222;0;0;0;0;0;0;0;0;11,11088889;0;0;0;0;0;0;0;0;0;2,77797222;0;0;0;2,77797222;0;5,555944441;0;0;0;0;69,44330557;2,77797222
B;7;RUNTRANS7B_12,jpg;0;0;0;0;0;0;0;0;0;0;0;0;0;0;0;0;0;0;0;0;0;0;0;0;0;0;0;2,85731918;0;17,14288653;0;0;2,85731918;0;0;0;17,14288653;54,28495022;5,714638361
B;7;RUNTRANS7B_13,jpg;0;0;0;3,125210935;0;0;0;0;0;0;0;0;0;0;0;0;0;0;0;0;0;0;0;0;0;0;3,125210935;12,49971875;0;12,49971875;0;0;3,125210935;0;0;0;3,125210935;59,37450782;3,125210935
B;7;RUNTRANS7B_14,jpg;0;0;0;0;0;0;0;0;0;0;0;0;0;0;0;0;0;0;0;0;0;0;0;0;0;0;0;3,030534434;0;3,030534434;3,030534434;0;0;0;0;0;0;81,8178843;9,090512398
B;7;RUNTRANS7B_15,jpg;0;0;0;9,374402358;0;0;0;0;0;0;6,250351554;0;0;0;0;0;15,62475391;0;0;15,62475391;0;0;0;0;0;0;0;6,250351554;0;3,125175777;3,125175777;0;3,125175777;0;0;0;3,125175777;34,3746836;0
B;7;RUNTRANS7B_16,jpg;0;0;0;0;0;0;0;0;0;0;0;0;0;0;0;0;2,778;0;0;38,889;0;0;0;0;0;0;2,778;0;0;8,333;0;0;0;0;0;0;0;47,222;0
B;7;RUNTRANS7B_17,jpg;0;0;0;0;0;0;0;2,85734857;0;0;0;0;0;0;0;0;2,85734857;0;0;0;0;0;0;0;0;0;2,85734857;2,85734857;0;5,71469714;0;0;0;0;0;0;11,42836572;71,42754287;0
B;7;RUNTRANS7B_18,jpg;0;0;0;0;0;0;0;0;0;0;0;0;0;0;0;0;8,571105305;0;0;0;0;0;0;0;0;0;2,85737796;0;0;5,714755919;0;0;0;0;0;0;11,42848327;71,42827755;0
B;7;RUNTRANS7B_19,jpg;0;0;0;0;0;0;3,125210935;0;0;0;0;0;0;0;0;0;15,62492969;0;0;0;0;0;0;0;0;0;0;3,125210935;0;6,25042187;0;0;0;0;0;0;3,125210935;65,6238047;3,125210935
B;7;RUNTRANS7B_20,jpg;0;0;0;0;0;0;0;0;0;0;0;0;0;0;0;0;16,66683333;0;0;0;0;0;0;0;0;0;0;8,332916671;0;0;0;0;0;0;0;0;5,555944441;66,66633334;2,77797222
C;7;RUNTRANS7C_01,jpg;0;0;0;0;0;0;0;0;0;0;0;0;0;0;0;0;16,66683333;0;0;0;0;0;0;0;0;0;0;0;0;0;0;5,555944441;0;0;0;2,77797222;5,555944441;69,44330557;0
C;7;RUNTRANS7C_02,jpg;0;0;0;2,941394462;0;0;0;0;0;0;0;0;0;0;0;0;14,70591349;0;0;0;0;0;0;0;0;0;2,941394462;0;0;0;2,941394462;0;0;0;0;0;8,82312457;67,64677855;0
C;7;RUNTRANS7C_03,jpg;0;0;0;0;0;0;0;0;0;0;0;0;0;0;0;0;8,823217992;0;0;0;0;0;0;0;0;0;14,70606921;0;0;0;8,823217992;0;0;0;0;0;17,64749481;50;0
C;7;RUNTRANS7C_04,jpg;0;0;0;0;0;0;0;3,125210935;0;0;0;0;0;0;0;0;0;0;0;0;0;0;0;0;0;0;6,25042187;0;0;0;0;0;0;0;0;0;0;90,6243672;0
C;7;RUNTRANS7C_05,jpg;0;0;0;3,030501375;0;0;0;3,030501375;0;0;0;0;0;0;0;0;12,1209146;0;0;0;0;0;0;0;0;0;3,030501375;0;0;6,061002749;0;0;0;0;0;0;6,061002749;66,66557577;0
C;7;RUNTRANS7C_06,jpg;0;0;0;0;0;0;0;0;0;0;0;0;0;0;0;0;34,28509715;0;0;0;0;0;0;0;0;0;0;2,85734857;0;5,71469714;0;0;0;0;0;2,85734857;2,85734857;51,42816;0
C;7;RUNTRANS7C_07,jpg;0;0;0;0;0;0;0;0;0;0;0;0;0;0;0;0;8,571017146;2,85734857;0;5,71469714;0;22,85673143;0;0;0;0;2,85734857;2,85734857;2,85734857;5,71469714;0;0;2,85734857;0;0;0;19,99938286;22,85673143;0
C;7;RUNTRANS7C_08,jpg;0;0;0;0;0;0;0;2,85734857;0;0;0;0;0;0;0;0;22,85673143;2,85734857;0;0;0;0;0;0;0;0;0;5,71469714;0;2,85734857;0;0;0;0;0;0;19,99938286;39,99979429;2,85734857
C;7;RUNTRANS7C_09,jpg;0;0;0;0;0;0;0;0;0;0;0;0;0;0;0;0;0;0;0;32,35322145;0;0;0;0;0;0;0;2,941394462;0;2,941394462;0;0;0;0;0;0;47,05807613;11,76451903;2,941394462
C;7;RUNTRANS7C_10,jpg;0;0;0;0;0;0;0;0;0;0;0;0;0;0;0;0;0;0;0;17,14288653;0;0;0;0;0;0;0;2,85731918;0;2,85731918;0;0;5,714638361;0;0;0;5,714638361;62,85587921;2,85731918
C;7;RUNTRANS7C_11,jpg;0;0;0;0;0;0;0;0;0;0;0;0;0;0;0;0;0;2,85731918;0;0;0;0;0;0;0;0;0;0;0;0;0;2,85731918;14,28556735;0;0;5,714638361;31,42845388;42,85670205;0
C;7;RUNTRANS7C_12,jpg;0;0;0;3,030501375;0;0;0;0;0;0;0;0;0;0;0;0;12,1209146;9,09041323;0;0;0;0;0;0;0;0;0;33,33333333;0;3,030501375;0;0;0;0;0;3,030501375;30,30283196;6,061002749;0
C;7;RUNTRANS7C_13,jpg;0;0;0;0;0;0;0;0;0;0;0;0;0;0;0;0;11,11077778;0;0;0;0;0;0;0;0;0;5,555888882;5,555888882;0;0;2,777944441;0;0;0;0;0;30,55538889;38,88822224;5,555888882
C;7;RUNTRANS7C_14,jpg;0;0;0;0;0;0;0;2,85731918;0;0;0;0;0;0;0;0;0;2,85731918;0;0;0;0;0;0;0;0;8,570928989;0;0;5,714638361;0;0;2,85731918;0;0;0;39,99938287;31,42845388;5,714638361
C;7;RUNTRANS7C_15,jpg;0;0;0;0;0;0;0;0;0;0;0;0;0;0;0;0;5,714638361;0;0;0;0;0;0;0;0;0;5,714638361;0;0;0;5,714638361;0;11,42824817;0;0;0;28,5711347;42,85670205;0
C;7;RUNTRANS7C_16,jpg;0;0;0;0;0;0;0;0;0;0;0;0;0;0;0;0;8,332916671;0;0;2,77797222;2,77797222;0;0;0;0;0;0;0;0;0;0;0;8,332916671;0;0;0;30,55569444;41,66658333;5,555944441
C;7;RUNTRANS7C_17,jpg;0;0;0;2,77797222;0;0;0;0;0;0;2,77797222;0;0;0;0;0;2,77797222;0;0;0;0;0;0;0;0;0;0;0;0;8,332916671;0;0;5,555944441;0;0;0;30,55569444;47,22152778;0
C;7;RUNTRANS7C_18,jpg;0;0;0;0;0;0;0;0;0;0;0;0;0;0;0;0;8,333;0;0;0;2,778;0;0;0;0;0;0;0;0;13,889;0;0;0;0;0;0;11,111;63,889;0
A;9;RUNTRANS9A_01,jpg;0;14,28586122;0;0;0;0;0;0;0;0;0;0;0;0;0;0;11,42848327;0;0;0;0;0;0;0;0;0;0;0;0;19,99958857;0;5,714755919;8,571105305;0;0;0;0;40,00020571;0
A;9;RUNTRANS9A_02,jpg;0;16,667;0;0;0;0;0;0;0;0;0;0;0;0;0;0;33,333;0;0;0;0;0;0;0;0;0;5,556;0;0;2,778;0;0;8,333;0;0;0;11,111;22,222;0
A;9;RUNTRANS9A_03,jpg;0;51,42816;0;0;0;0;0;0;0;0;0;0;0;0;0;0;0;0;0;0;0;0;0;0;0;0;0;0;0;5,71469714;0;0;5,71469714;0;0;0;19,99938286;17,14306286;0
A;9;RUNTRANS9A_04,jpg;0;41,66658333;2,77797222;0;0;0;0;0;0;0;0;0;0;0;0;0;0;0;0;0;0;0;0;0;0;0;0;0;0;16,66683333;0;0;0;0;0;0;13,88886111;24,99975;0
A;9;RUNTRANS9A_05,jpg;0;83,333;0;0;0;0;0;0;0;0;0;0;0;0;0;0;0;0;0;0;0;0;0;0;0;0;0;0;0;11,111;0;0;0;0;0;0;5,556;0;0
A;9;RUNTRANS9A_06,jpg;0;25,71408;0;0;0;0;0;0;0;0;0;0;0;0;0;0;2,85734857;0;0;8,571017146;0;0;0;0;0;0;0;0;0;0;0;0;5,71469714;0;0;0;17,14306286;39,99979429;0
A;9;RUNTRANS9A_07,jpg;0;0;0;3,125210935;0;0;0;0;0;0;3,125210935;0;0;0;0;0;0;0;0;0;0;0;0;0;0;0;6,25042187;0;0;12,49971875;0;0;28,12464844;0;0;0;6,25042187;40,6243672;0
A;9;RUNTRANS9A_08,jpg;0;2,857289792;0;5,714579583;0;0;0;5,714579583;0;0;0;0;0;0;0;0;0;0;0;17,14271021;0;0;0;0;0;0;0;0;0;25,71355104;0;5,714579583;2,857289792;0;0;0;5,714579583;28,57084083;0
A;9;RUNTRANS9A_09,jpg;0;0;5,714638361;8,570928989;0;0;0;5,714638361;0;0;2,85731918;0;0;0;0;0;2,85731918;0;0;14,28556735;0;0;0;0;0;0;2,85731918;0;0;0;0;2,85731918;0;0;0;0;2,85731918;51,42763104;0
A;9;RUNTRANS9A_10,jpg;0;0;9,374613282;0;0;0;0;0;0;12,49985938;0;0;0;0;0;0;3,125246093;0;0;0;0;0;0;0;0;0;0;3,125246093;0;12,49985938;0;12,49985938;9,374613282;0;0;0;3,125246093;34,37545703;0
A;9;RUNTRANS9A_11,jpg;0;0;0;0;0;0;0;0;0;14,70606921;0;0;0;0;0;0;2,941425607;11,7646436;0;0;0;0;0;0;0;0;0;11,7646436;0;23,5292872;0;0;0;0;0;0;0;35,29393079;0
A;9;RUNTRANS9A_12,jpg;0;23,52903806;0;0;0;0;0;0;0;0;2,941394462;0;0;0;0;0;0;2,941394462;0;2,941394462;0;0;0;0;0;0;0;0;0;5,882788925;0;0;8,82312457;0;0;0;8,82312457;44,11774048;0
A;9;RUNTRANS9A_13,jpg;0;0;0;0;0;0;5,882726637;0;0;0;2,941363319;0;0;0;0;0;2,941363319;17,64712111;0;17,64712111;0;0;0;0;0;0;0;0;0;26,47015226;0;0;5,882726637;0;0;0;8,82303115;11,76439447;0
A;9;RUNTRANS9A_14,jpg;0;21,21132784;0;0;0;0;0;0;0;0;0;0;0;0;0;0;0;6,061002749;0;0;0;0;0;0;0;15,15141598;3,030501375;0;0;6,061002749;0;0;30,30283196;0;0;0;12,1209146;6,061002749;0
A;9;RUNTRANS9A_15,jpg;0;0;0;0;0;0;0;0;0;0;0;0;0;0;0;2,85737796;11,42848327;0;0;11,42848327;0;0;0;0;0;0;0;2,85737796;0;45,71393306;0;0;0;0;0;0;5,714755919;19,99958857;0
A;9;RUNTRANS9A_16,jpg;0;0;0;0;0;0;0;0;2,85734857;0;2,85734857;0;0;0;5,71469714;0;2,85734857;0;0;5,71469714;0;0;0;0;0;0;0;0;0;34,28509715;0;0;2,85734857;0;0;0;19,99938286;22,85673143;0
A;9;RUNTRANS9A_17,jpg;0;5,882726637;0;0;0;0;0;0;0;0;0;0;0;0;0;0;2,941363319;0;0;0;0;0;0;0;0;0;2,941363319;2,941363319;0;17,64712111;0;5,882726637;8,82303115;0;0;0;2,941363319;49,99894119;0
A;9;RUNTRANS9A_18,jpg;0;0;0;0;0;0;0;0;0;0;0;0;0;0;0;0;2,85737796;0;0;0;0;0;0;0;0;0;0;0;0;51,42868898;0;0;0;0;0;0;8,571105305;37,14282776;0
A;9;RUNTRANS9A_19,jpg;0;0;0;3,226031215;0;0;0;3,226031215;0;0;0;0;0;0;0;0;0;0;0;0;0;0;0;0;0;0;0;0;0;41,93492196;0;0;9,676932367;0;0;0;6,45206243;35,48402081;0
A;9;RUNTRANS9A_20,jpg;0;0;0;0;0;0;0;0;0;0;0;0;0;0;0;0;2,77797222;0;0;0;0;0;0;0;0;0;13,88886111;0;0;11,11088889;0;0;5,555944441;0;0;0;5,555944441;61,1103889;0
B;9;RUNTRANS9B_01,jpg;0;0;2,85734857;0;0;0;0;2,85734857;0;0;0;0;0;0;0;0;0;0;0;0;0;0;0;0;0;0;25,71408;0;0;22,85673143;0;0;0;0;0;0;2,85734857;42,85714286;0
B;9;RUNTRANS9B_02,jpg;0;0;5,714638361;0;0;0;0;0;0;0;0;0;0;0;0;0;0;0;0;0;0;0;0;0;0;0;5,714638361;0;0;37,14206369;0;2,85731918;5,714638361;0;0;0;5,714638361;37,14206369;0
B;9;RUNTRANS9B_03,jpg;0;11,42848327;0;0;0;0;0;0;0;0;0;0;0;0;0;0;2,85737796;5,714755919;0;19,99958857;0;0;0;0;0;0;0;0;0;19,99958857;0;2,85737796;5,714755919;0;0;0;8,571105305;22,85696653;0
B;9;RUNTRANS9B_04,jpg;0;0;0;2,85731918;0;0;0;0;0;0;0;0;0;0;0;0;5,714638361;0;0;0;0;0;0;0;0;0;0;2,85731918;0;22,85649634;0;2,85731918;5,714638361;0;0;0;28,5711347;28,5711347;0
B;9;RUNTRANS9B_05,jpg;0;0;0;0;0;0;0;0;0;0;0;0;0;0;0;0;0;0;0;0;0;0;0;0;0;0;2,85734857;0;0;28,57142857;0;2,85734857;0;0;0;0;62,85652572;2,85734857;0
B;9;RUNTRANS9B_06,jpg;0;11,76451903;0;2,941394462;0;0;0;0;0;0;0;0;0;0;0;0;0;0;0;0;0;0;0;0;0;0;0;0;0;38,23495156;0;5,882788925;0;0;0;0;23,52903806;17,64730796;0
B;9;RUNTRANS9B_07,jpg;0;25;0;0;0;0;0;0;0;0;0;0;0;0;0;0;0;0;0;0;0;0;0;0;0;0;0;0;0;8,333;0;5,556;0;0;0;0;16,667;44,444;0
B;9;RUNTRANS9B_08,jpg;0;42,42374656;0;0;0;0;0;0;0;0;0;0;0;0;0;0;3,030501375;0;0;3,030501375;0;0;0;0;0;0;0;0;0;3,030501375;0;0;6,061002749;0;0;0;6,061002749;36,36274381;0
B;9;RUNTRANS9B_09,jpg;0;94,444;0;0;0;0;0;0;0;0;0;0;0;0;0;0;0;0;0;0;0;0;0;0;0;0;0;0;0;0;0;0;0;0;0;0;0;5,556;0
B;9;RUNTRANS9B_10,jpg;0;100;0;0;0;0;0;0;0;0;0;0;0;0;0;0;0;0;0;0;0;0;0;0;0;0;0;0;0;0;0;0;0;0;0;0;0;0;0
B;9;RUNTRANS9B_11,jpg;0;62,85652572;0;0;0;0;0;0;0;0;0;0;0;0;0;0;0;0;0;0;0;0;0;0;0;0;0;0;0;2,85734857;28,57142857;0;0;0;0;0;0;5,71469714;0
B;9;RUNTRANS9B_12,jpg;0;88,23442215;0;0;0;0;0;0;0;0;0;0;0;0;0;0;5,882788925;0;0;0;0;0;0;0;0;0;0;0;0;2,941394462;0;0;0;0;0;0;0;2,941394462;0
B;9;RUNTRANS9B_13,jpg;0;66,66586668;0;0;0;0;0;0;0;0;0;0;0;0;0;0;0;0;0;0;0;0;0;0;0;0;0;0;0;20;0;0;3,333533329;0;0;0;3,333533329;6,667066659;0
B;9;RUNTRANS9B_14,jpg;0;26,47043253;0;0;0;0;0;0;0;0;0;0;0;0;0;0;17,64730796;0;0;0;0;0;0;0;0;0;0;0;0;41,17634602;0;0;0;0;0;0;2,941394462;11,76451903;0
B;9;RUNTRANS9B_15,jpg;0;2,77797222;0;0;0;0;0;0;0;0;0;0;0;0;0;0;0;0;0;0;0;0;0;0;0;0;0;0;0;30,55569444;0;0;8,332916671;0;0;0;5,555944441;52,77747223;0
B;9;RUNTRANS9B_16,jpg;0;13,889;0;8,333;0;0;0;0;0;0;0;0;0;0;0;0;2,778;0;0;0;0;0;0;0;0;0;0;0;0;36,111;0;13,889;8,333;0;0;0;13,889;2,778;0
B;9;RUNTRANS9B_17,jpg;0;14,28571429;0;2,85734857;0;0;0;0;0;0;0;0;0;0;0;0;2,85734857;0;0;0;0;0;0;0;0;0;0;0;0;51,42816;0;0;0;0;0;0;5,71469714;22,85673143;0
B;9;RUNTRANS9B_18,jpg;0;19,99958857;0;0;0;0;0;0;0;0;0;0;0;0;0;0;8,571105305;0;0;0;0;0;0;0;0;0;0;0;0;8,571105305;5,714755919;0;2,85737796;0;0;0;28,57172245;25,71434449;0
C;9;RUNTRANS9C_01,jpg;0;11,76476817;0;0;0;0;0;0;0;0;0;0;0;0;0;0;0;0;0;0;0;0;0;0;0;0;0;0;0;20,58807958;0;0;11,76476817;0;0;0;8,823311415;47,05907267;0
C;9;RUNTRANS9C_02,jpg;0;11,42836572;0;0;0;0;0;0;0;0;0;0;0;0;0;0;5,71469714;0;0;0;0;0;0;0;0;0;0;0;0;28,57142857;0;0;0;0;0;0;17,14306286;37,14244572;0
C;9;RUNTRANS9C_03,jpg;0;55,88166783;0;0;0;0;0;0;0;0;0;0;0;0;0;0;0;5,882726637;0;0;0;0;0;0;0;0;0;0;0;2,941363319;2,941363319;2,941363319;2,941363319;0;0;0;11,76439447;14,70575779;0
C;9;RUNTRANS9C_04,jpg;0;88,57151673;0;0;0;0;0;0;0;0;0;0;0;0;0;0;0;0;0;0;0;0;0;0;0;0;0;0;0;2,85737796;0;0;0;0;0;0;0;8,571105305;0
C;9;RUNTRANS9C_05,jpg;0;9,090512398;0;0;0;0;0;0;0;0;0;0;0;0;0;0;0;0;0;6,061068869;0;0;0;0;0;0;0;0;0;36,3631405;0;18,1821157;3,030534434;0;0;0;9,090512398;18,1821157;0
C;9;RUNTRANS9C_06,jpg;0;0;0;0;0;0;0;0;0;8,333083331;0;0;0;0;0;0;8,333083331;2,77802778;0;0;0;0;0;0;0;0;0;0;0;16,66716667;0;2,77802778;19,44419444;0;0;0;8,333083331;33,33333333;0
C;9;RUNTRANS9C_07,jpg;0;0;0;0;0;0;0;0;0;0;5,71469714;0;0;0;0;0;2,85734857;0;0;28,57142857;0;0;0;0;0;0;0;0;0;8,571017146;0;0;2,85734857;0;0;0;14,28571429;37,14244572;0
C;9;RUNTRANS9C_08,jpg;0;0;0;0;0;0;0;0;0;0;0;0;0;0;0;0;0;0;0;0;0;0;0;0;0;0;13,889;0;0;27,778;0;0;8,333;0;0;0;5,556;44,444;0
C;9;RUNTRANS9C_09,jpg;0;0;0;0;0;0;0;0;0;0;0;0;0;0;0;0;5,714638361;0;0;2,85731918;0;0;0;0;0;0;14,28556735;0;0;14,28556735;0;2,85731918;14,28556735;0;0;0;14,28556735;31,42845388;0
C;9;RUNTRANS9C_10,jpg;0;0;0;0;0;0;0;0;0;0;0;0;0;0;0;0;5,555944441;0;0;0;0;0;0;0;0;0;11,11088889;0;0;47,22152778;0;0;5,555944441;0;0;0;0;30,55569444;0
C;9;RUNTRANS9C_11,jpg;0;0;0;0;0;0;0;0;0;0;0;0;0;0;0;0;0;0;0;0;0;0;0;0;0;0;0;0;0;17,14323918;0;0;8,571105305;0;0;0;2,85737796;71,42827755;0
C;9;RUNTRANS9C_12,jpg;0;0;0;0;0;0;0;0;0;0;0;0;0;0;0;0;2,85737796;0;0;8,571105305;0;0;0;0;0;0;14,28586122;0;0;14,28586122;0;0;2,85737796;0;0;0;8,571105305;48,57131102;0
C;9;RUNTRANS9C_13,jpg;0;0;0;5,882726637;0;0;0;2,941363319;0;0;0;0;0;0;2,941363319;0;14,70575779;0;0;5,882726637;0;0;0;0;0;0;0;0;0;20,58742562;0;0;11,76439447;0;0;0;5,882726637;29,41151558;0
C;9;RUNTRANS9C_14,jpg;0;36,3631405;0;0;0;0;0;0;0;0;0;0;0;0;0;0;18,1821157;0;0;0;0;0;0;0;0;0;0;0;0;0;0;0;6,061068869;0;0;0;3,030534434;36,3631405;0
C;9;RUNTRANS9C_15,jpg;0;8,571017146;0;2,85734857;0;0;0;0;0;0;0;0;0;0;0;0;0;0;0;0;0;0;0;0;0;0;2,85734857;0;0;8,571017146;0;0;5,71469714;0;0;0;5,71469714;65,71387429;0
C;9;RUNTRANS9C_16,jpg;0;0;0;0;0;0;0;2,85737796;0;0;0;0;0;0;0;0;28,57172245;0;0;0;0;0;0;0;0;0;0;0;0;8,571105305;0;8,571105305;11,42848327;0;0;0;11,42848327;28,57172245;0
C;9;RUNTRANS9C_17,jpg;0;0;0;0;0;0;0;0;0;0;0;0;0;0;0;0;17,64749481;0;0;0;0;0;0;0;0;0;0;0;0;23,5292872;0;0;2,941425607;0;0;0;8,823217992;47,05857439;0
C;9;RUNTRANS9C_18,jpg;0;0;5,71469714;5,71469714;0;0;0;0;2,85734857;0;0;0;0;0;0;0;0;0;0;0;0;0;0;0;0;0;0;0;0;5,71469714;0;0;8,571017146;0;0;0;11,42836572;59,99917715;0
C;9;RUNTRANS9C_19,jpg;0;0;0;0;0;0;0;0;0;0;0;0;0;0;0;0;0;0;0;44,444;0;0;0;0;0;0;0;0;0;5,556;0;0;0;0;0;0;0;50;0
C;9;RUNTRANS9C_20,jpg;0;0;0;0;0;0;0;0;0;0;0;0;0;0;0;0;0;0;0;8,333;0;0;0;0;0;0;2,778;0;0;25;0;5,556;0;0;0;0;36,111;22,222;0
